g Chair_001_Hotel_Prop_Combined
v -0.2354454 0.5336134 0.3217779
v -0.2398248 0.5379928 -0.1337152
v -0.2354454 0.5336134 -0.1341093
v -0.2398248 0.5379928 0.322675
v -0.2295169 0.5336134 0.3356429
v -0.2608839 0.5379928 -0.1337152
v -0.2332166 0.5379928 0.3381296
v -0.2181976 0.5336134 0.3470974
v -0.2608839 0.5379928 0.3208924
v -0.2652633 0.5336134 -0.1341093
v -0.2210223 0.5379928 0.3504694
v -0.2030092 0.5336134 0.3575621
v -0.2510379 0.5379928 0.3442419
v -0.2652633 0.5336134 0.3217779
v -0.204773 0.5379928 0.3616652
v -0.1856081 0.5336134 0.3612471
v -0.2652633 0.513307 0.3217779
v -0.2652633 0.513307 -0.1333043
v -0.2608839 0.5089276 -0.1337152
v -0.2547913 0.5336134 0.346612
v -0.2336642 0.5379928 0.3637584
v -0.1860667 0.5379928 0.3656265
v 0.1856081 0.5336134 0.3612471
v -0.2608839 0.5089276 0.3208924
v -0.2398248 0.5089276 -0.1337152
v -0.2547913 0.513307 0.346612
v -0.2365801 0.5336134 0.3670694
v -0.2110435 0.5379928 0.3792548
v -0.2398248 0.5089276 0.322675
v -0.2354454 0.513307 -0.1333043
v -0.2510379 0.5089276 0.3442419
v -0.2365801 0.513307 0.3670694
v -0.2129304 0.5336134 0.3832707
v -0.1849957 0.5379928 0.3866856
v 0.1860667 0.5379928 0.3656265
v 0.204773 0.5379928 0.3616652
v 0.2030092 0.5336134 0.3575621
v 0.2210223 0.5379928 0.3504694
v 0.2181976 0.5336134 0.3470974
v 0.2332166 0.5379928 0.3381296
v 0.2295169 0.5336134 0.3356429
v 0.2398248 0.5379928 0.322675
v 0.2354454 0.5336134 0.3217779
v 0.2398248 0.5379928 -0.1337152
v 0.2354454 0.5336134 -0.1341093
v 0.2608839 0.5379928 -0.1337152
v 0.2608839 0.5379928 0.3208924
v 0.2652633 0.5336134 -0.1341093
v 0.2510379 0.5379928 0.3442419
v 0.2336642 0.5379928 0.3637584
v 0.2652633 0.5336134 0.3217779
v 0.2652633 0.513307 0.3217779
v 0.2652633 0.513307 -0.1333043
v 0.2608839 0.5089276 -0.1337152
v 0.2547913 0.5336134 0.346612
v 0.2110435 0.5379928 0.3792548
v 0.2608839 0.5089276 0.3208924
v 0.2398248 0.5089276 -0.1337152
v 0.2365801 0.5336134 0.3670694
v 0.2547913 0.513307 0.346612
v 0.1849957 0.5379928 0.3866856
v 0.2398248 0.5089276 0.322675
v 0.2354454 0.513307 -0.1333043
v 0.2510379 0.5089276 0.3442419
v 0.2129304 0.5336134 0.3832707
v 0.2365801 0.513307 0.3670694
v -0.1856081 0.5336134 0.391065
v 0.1856081 0.5336134 0.391065
v 0.2129304 0.513307 0.3832707
v 0.2336642 0.5089276 0.3637584
v 0.2332166 0.5089276 0.3381296
v 0.1856081 0.513307 0.391065
v -0.2129304 0.513307 0.3832707
v 0.2110435 0.5089276 0.3792548
v 0.2354454 0.513307 0.3217779
v 0.2210223 0.5089276 0.3504694
v 0.2354454 0.5336134 0.3217779
v 0.2354454 0.5336134 -0.1341093
v 0.2295169 0.513307 0.3356429
v 0.2295169 0.5336134 0.3356429
v 0.2181976 0.513307 0.3470974
v 0.2181976 0.5336134 0.3470974
v 0.204773 0.5089276 0.3616652
v 0.2030092 0.513307 0.3575621
v 0.2030092 0.5336134 0.3575621
v 0.1849957 0.5089276 0.3866856
v 0.1856081 0.513307 0.3612471
v 0.1856081 0.5336134 0.3612471
v -0.1856081 0.5336134 0.3612471
v 0.1860667 0.5089276 0.3656265
v -0.1856081 0.513307 0.3612471
v -0.2030092 0.5336134 0.3575621
v -0.1849957 0.5089276 0.3866856
v -0.2030092 0.513307 0.3575621
v -0.2181976 0.5336134 0.3470974
v -0.1860667 0.5089276 0.3656265
v -0.2181976 0.513307 0.3470974
v -0.2295169 0.5336134 0.3356429
v -0.204773 0.5089276 0.3616652
v -0.1856081 0.513307 0.391065
v -0.2110435 0.5089276 0.3792548
v -0.2295169 0.513307 0.3356429
v -0.2354454 0.5336134 0.3217779
v -0.2210223 0.5089276 0.3504694
v -0.2336642 0.5089276 0.3637584
v -0.2332166 0.5089276 0.3381296
v -0.2354454 0.513307 0.3217779
v -0.2354454 0.5336134 -0.1341093
v -0.2354454 0.513307 -0.1333043
v -0.2354454 0.5336134 -0.1341093
v -0.2354454 0.5362217 -0.1484865
v -0.2354454 0.5172084 -0.1539073
v -0.2398248 0.5089276 -0.1337152
v -0.2354454 0.5423788 -0.162124
v -0.2398248 0.5130159 -0.155305
v -0.2608839 0.5089276 -0.1337152
v -0.2354454 0.5264302 -0.1726884
v -0.2354454 0.5521116 -0.172805
v -0.2608839 0.5130159 -0.155305
v -0.2652633 0.513307 -0.1333043
v -0.2398248 0.5227076 -0.1750436
v -0.2354454 0.5393918 -0.188988
v -0.2354454 0.564867 -0.1783949
v -0.2652633 0.5172084 -0.1539073
v -0.2652633 0.5336134 -0.1341093
v -0.2608839 0.5227076 -0.1750436
v -0.2398248 0.5366111 -0.1925276
v -0.2354454 0.5564039 -0.1968419
v -0.2062289 1.097237 -0.3344061
v -0.2652633 0.5362217 -0.1484865
v -0.2608839 0.5379928 -0.1337152
v -0.2652633 0.5264302 -0.1726884
v -0.2608839 0.5366111 -0.1925276
v -0.2399181 0.5545753 -0.2008278
v -0.2093809 1.090966 -0.3537573
v -0.1973839 1.115443 -0.3395624
v -0.2608839 0.5404347 -0.147175
v -0.2398248 0.5379928 -0.1337152
v -0.2652633 0.5423788 -0.162124
v -0.2652633 0.5393918 -0.188988
v -0.2609663 0.5545753 -0.2008278
v -0.214372 1.090771 -0.3581323
v -0.2000763 1.109524 -0.3589883
v -0.1781337 1.132326 -0.3443463
v -0.2398248 0.5404347 -0.147175
v -0.2354454 0.5336134 -0.1341093
v -0.2354454 0.5362217 -0.1484865
v -0.2608839 0.5460841 -0.1596881
v -0.2398248 0.5460841 -0.1596881
v -0.2354454 0.5423788 -0.162124
v -0.1803593 1.126767 -0.3638733
v -0.1537144 1.14386 -0.3482413
v -0.2042112 1.110814 -0.3639072
v -0.2652633 0.5521116 -0.172805
v -0.2398248 0.5547214 -0.1691669
v -0.2354454 0.5521116 -0.172805
v -0.2608839 0.5547214 -0.1691669
v -0.1549932 1.138202 -0.3677249
v -0.1257709 1.150539 -0.3498437
v -0.2652633 0.5564039 -0.1968419
v -0.2397427 0.5666951 -0.1744101
v -0.2354454 0.564867 -0.1783949
v -0.2652633 0.564867 -0.1783949
v -0.260786 0.5666951 -0.1744101
v -0.2326333 1.098476 -0.3605637
v -0.2098922 1.099716 -0.3305103
v -0.2062289 1.097237 -0.3344061
v -0.2362898 1.101037 -0.3566913
v -0.233138 1.107307 -0.3373525
v -0.2281658 1.107441 -0.3329587
v -0.2186401 1.124386 -0.3681055
v -0.2003751 1.119233 -0.336145
v -0.1973839 1.115443 -0.3395624
v -0.221589 1.128199 -0.3646985
v -0.2188954 1.134121 -0.3452415
v -0.2147542 1.132847 -0.3403331
v -0.1834909 1.128967 -0.3690515
v -0.1803629 1.136862 -0.341114
v -0.1781337 1.132326 -0.3443463
v -0.1942289 1.143588 -0.3738
v -0.1963527 1.148232 -0.3706058
v -0.1941261 1.153794 -0.3510638
v -0.1910025 1.151566 -0.3458804
v -0.1569886 1.140866 -0.373071
v -0.1552606 1.148909 -0.3451678
v -0.1537144 1.14386 -0.3482413
v -0.1638044 1.158182 -0.3781421
v -0.1651584 1.163289 -0.3750864
v -0.1638793 1.168948 -0.3556018
v -0.1618792 1.166257 -0.3502518
v -0.1261425 1.144783 -0.3692892
v -0.02184793 1.16112 -0.3532449
v -0.12658 1.155918 -0.3468652
v -0.1257709 1.150539 -0.3498437
v -0.1270631 1.147676 -0.3747104
v -0.02176958 1.155362 -0.3726947
v 0.02184793 1.16112 -0.3532449
v -0.1313301 1.175233 -0.3528165
v -0.132326 1.178118 -0.3582339
v -0.02208897 1.166567 -0.3502774
v -0.02184793 1.16112 -0.3532449
v -0.1318954 1.166982 -0.3806689
v -0.1326977 1.172361 -0.3776926
v -0.02147735 1.186738 -0.3561874
v 0.02208897 1.166567 -0.3502774
v 0.02184793 1.16112 -0.3532449
v 0.1257709 1.150539 -0.3498437
v -0.02197544 1.158321 -0.3781277
v -0.02168605 1.189701 -0.361622
v -0.02136688 1.178499 -0.38405
v -0.02160768 1.183941 -0.3810861
v 0.02147735 1.186738 -0.3561874
v 0.12658 1.155918 -0.3468652
v 0.1537144 1.14386 -0.3482413
v 0.02176958 1.155362 -0.3726947
v 0.02168605 1.189701 -0.361622
v 0.02197544 1.158321 -0.3781277
v 0.02136688 1.178499 -0.38405
v 0.02160768 1.183941 -0.3810861
v 0.1552606 1.148909 -0.3451678
v 0.1781337 1.132326 -0.3443463
v 0.1313301 1.175233 -0.3528165
v 0.132326 1.178118 -0.3582339
v 0.1326977 1.172361 -0.3776926
v 0.1318954 1.166982 -0.3806689
v 0.1803629 1.136862 -0.341114
v 0.1973839 1.115443 -0.3395624
v 0.1618792 1.166257 -0.3502518
v 0.1638793 1.168948 -0.3556018
v 0.2003751 1.119233 -0.336145
v 0.2062289 1.097237 -0.3344061
v 0.1910025 1.151566 -0.3458804
v 0.1651584 1.163289 -0.3750864
v 0.1270631 1.147676 -0.3747104
v 0.2098922 1.099716 -0.3305103
v 0.2354454 0.564867 -0.1783949
v 0.1941261 1.153794 -0.3510638
v 0.2147542 1.132847 -0.3403331
v 0.1638044 1.158182 -0.3781421
v 0.1261425 1.144783 -0.3692892
v 0.1257709 1.150539 -0.3498437
v 0.2397427 0.5666951 -0.1744101
v 0.2354454 0.5521116 -0.172805
v 0.2281658 1.107441 -0.3329587
v 0.2188954 1.134121 -0.3452415
v 0.1963527 1.148232 -0.3706058
v 0.1569886 1.140866 -0.373071
v 0.1549932 1.138202 -0.3677249
v 0.1537144 1.14386 -0.3482413
v 0.1942289 1.143588 -0.3738
v 0.221589 1.128199 -0.3646985
v 0.233138 1.107307 -0.3373525
v 0.1834909 1.128967 -0.3690515
v 0.1803593 1.126767 -0.3638733
v 0.1781337 1.132326 -0.3443463
v 0.2186401 1.124386 -0.3681055
v 0.2042112 1.110814 -0.3639072
v 0.2000763 1.109524 -0.3589883
v 0.1973839 1.115443 -0.3395624
v 0.2362898 1.101037 -0.3566913
v 0.260786 0.5666951 -0.1744101
v 0.2326333 1.098476 -0.3605637
v 0.214372 1.090771 -0.3581323
v 0.2093809 1.090966 -0.3537573
v 0.2062289 1.097237 -0.3344061
v 0.2652633 0.564867 -0.1783949
v 0.2398248 0.5547214 -0.1691669
v 0.2354454 0.5423788 -0.162124
v 0.2652633 0.5564039 -0.1968419
v 0.2609663 0.5545753 -0.2008278
v 0.2399181 0.5545753 -0.2008278
v 0.2354454 0.5564039 -0.1968419
v 0.2354454 0.564867 -0.1783949
v 0.2608839 0.5547214 -0.1691669
v 0.2398248 0.5460841 -0.1596881
v 0.2354454 0.5362217 -0.1484865
v 0.2652633 0.5521116 -0.172805
v 0.2652633 0.5393918 -0.188988
v 0.2608839 0.5366111 -0.1925276
v 0.2398248 0.5366111 -0.1925276
v 0.2354454 0.5393918 -0.188988
v 0.2354454 0.5521116 -0.172805
v 0.2398248 0.5404347 -0.147175
v 0.2354454 0.5336134 -0.1341093
v 0.2398248 0.5379928 -0.1337152
v 0.2354454 0.5264302 -0.1726884
v 0.2354454 0.5423788 -0.162124
v 0.2398248 0.5227076 -0.1750436
v 0.2608839 0.5227076 -0.1750436
v 0.2608839 0.5460841 -0.1596881
v 0.2608839 0.5404347 -0.147175
v 0.2608839 0.5379928 -0.1337152
v 0.2652633 0.5423788 -0.162124
v 0.2652633 0.5264302 -0.1726884
v 0.2652633 0.5362217 -0.1484865
v 0.2652633 0.5336134 -0.1341093
v 0.2652633 0.5172084 -0.1539073
v 0.2652633 0.513307 -0.1333043
v 0.2608839 0.5130159 -0.155305
v 0.2608839 0.5089276 -0.1337152
v 0.2398248 0.5130159 -0.155305
v 0.2398248 0.5089276 -0.1337152
v 0.2354454 0.5172084 -0.1539073
v 0.2354454 0.513307 -0.1333043
v 0.2354454 0.5362217 -0.1484865
v 0.2354454 0.5336134 -0.1341093
v -0.2696428 0.004379436 0.2758516
v -0.2652633 0.004379436 0.280231
v -0.2652633 0.4844423 0.280231
v -0.2696428 0.4833304 0.2758516
v -0.2904788 0.004379436 0.2758516
v -0.2652633 0.4965993 0.2736322
v -0.2904788 0.4833304 0.2758516
v -0.2948582 0.004379436 0.280231
v -0.2696428 0.4939078 0.2701102
v -0.2652633 0.5065407 0.2632362
v -0.2948582 0.4844423 0.280231
v -0.2948582 0.004379436 0.3010671
v -0.2696428 0.5028358 0.2607739
v -0.2652633 0.5124003 0.2497581
v -0.2904788 0.4939078 0.2701102
v -0.2948582 0.4824777 0.3010671
v -0.2904788 0.004379436 0.3054465
v -0.2696428 0.5081508 0.2485485
v -0.2652633 0.5143718 0.2362101
v -0.2948582 0.4965993 0.2736322
v -0.2904788 0.5028358 0.2607739
v -0.2904788 0.4833304 0.3054465
v -0.2696428 0.004379436 0.3054465
v -0.2696428 0.5099927 0.2358905
v -0.2652358 0.5147307 -0.07042725
v -0.2948582 0.5032599 0.2926564
v -0.2948582 0.5065407 0.2632362
v -0.2904788 0.5081508 0.2485485
v -0.2696428 0.4833304 0.3054465
v -0.2652633 0.004379436 0.3010671
v -0.2696034 0.5103428 -0.06993195
v -0.2652427 0.511768 -0.08385376
v -0.2904788 0.5055452 0.296456
v -0.2948582 0.5200374 0.278571
v -0.2948582 0.5124003 0.2497581
v -0.2904788 0.5099927 0.2358905
v -0.2652633 0.4824777 0.3010671
v -0.2652633 0.004379436 0.280231
v -0.2652633 0.4844423 0.280231
v -0.2696125 0.5076187 -0.08229157
v -0.265249 0.5051768 -0.09599578
v -0.2904391 0.5103067 -0.0698349
v -0.2948582 0.5143718 0.2362097
v -0.2696428 0.5055452 0.296456
v -0.2652633 0.5032599 0.2926564
v -0.2652633 0.4965993 0.2736322
v -0.269622 0.5015825 -0.09341949
v -0.2652559 0.4952363 -0.1068053
v -0.2904485 0.5075911 -0.0822174
v -0.2904788 0.5234695 0.2814077
v -0.2696428 0.5234695 0.2814077
v -0.2652633 0.5200374 0.278571
v -0.2652633 0.5065407 0.2632362
v -0.2696327 0.4922532 -0.1035718
v -0.2652633 0.4835632 -0.1159413
v -0.2948582 0.531042 0.258851
v -0.2904788 0.5352243 0.2603435
v -0.2696428 0.5352243 0.2603435
v -0.2652633 0.531042 0.258851
v -0.2652633 0.5124003 0.2497581
v -0.2948582 0.5352075 0.2355054
v -0.2904787 0.5395876 0.2358906
v -0.2696427 0.5395876 0.2358906
v -0.2652633 0.5352077 0.235505
v -0.2652633 0.5143718 0.2362101
v -0.2948304 0.5146788 -0.07028641
v -0.294886 0.5348514 -0.07534607
v -0.2905188 0.5392372 -0.07606964
v -0.2696831 0.5392735 -0.07616668
v -0.2652915 0.5349019 -0.07548126
v -0.2652358 0.5147307 -0.07042725
v -0.2948374 0.5117313 -0.08374085
v -0.2948789 0.5297152 -0.0909816
v -0.2905087 0.5337692 -0.09270751
v -0.2696729 0.533797 -0.09278168
v -0.2652843 0.5297575 -0.09108154
v -0.2652427 0.511768 -0.08385376
v -0.2904579 0.5015635 -0.09336868
v -0.2948437 0.5051558 -0.09591522
v -0.2948723 0.5221114 -0.105511
v -0.2904991 0.5258092 -0.1079092
v -0.2696632 0.5258281 -0.1079601
v -0.2652776 0.5221429 -0.1055774
v -0.265249 0.5051768 -0.09599578
v -0.2904679 0.4922439 -0.1035469
v -0.2948508 0.4952318 -0.1067625
v -0.2948651 0.5116063 -0.1188945
v -0.2904884 0.5148098 -0.1219148
v -0.2696524 0.5148191 -0.1219398
v -0.2652702 0.5116264 -0.1189246
v -0.2652559 0.4952363 -0.1068053
v -0.2696432 0.4811978 -0.1122308
v -0.2652633 0.003742053 -0.3602737
v -0.2696428 0.00326521 -0.3556021
v -0.2904792 0.4811978 -0.1122308
v -0.2904788 0.00326521 -0.3556021
v -0.2948582 0.4835678 -0.115938
v -0.2948582 0.003742053 -0.3602737
v -0.2948576 0.4996272 -0.1295174
v -0.2948582 0.003742053 -0.3858823
v -0.2904778 0.5021246 -0.1331575
v -0.2904788 0.003252921 -0.3910651
v -0.2696418 0.5021246 -0.1331575
v -0.2696428 0.003252921 -0.3910651
v -0.2652628 0.4996324 -0.1295169
v -0.2652633 0.003742053 -0.3858823
v -0.2652633 0.4835632 -0.1159413
v -0.2652633 0.003742053 -0.3602737
v -0.2705503 0.3730324 0.2790752
v -0.2705503 0.3730324 -0.1715825
v -0.2895713 0.3730324 -0.1715825
v -0.2895713 0.3730324 0.2790752
v -0.291761 0.375222 0.2790752
v -0.291761 0.375222 -0.1715825
v -0.291761 0.394243 -0.1715825
v -0.291761 0.394243 0.2790752
v -0.2895713 0.3964328 0.2790752
v -0.2895713 0.3964328 -0.1715825
v -0.2705503 0.3964328 -0.1715825
v -0.2705503 0.3964328 0.2790752
v -0.2683606 0.394243 0.2790752
v -0.2683606 0.394243 -0.1715825
v -0.2683606 0.375222 -0.1715825
v -0.2683606 0.375222 0.2790752
v -0.2705503 0.3730324 0.2790752
v -0.2705503 0.3730324 -0.1715825
v 0.2354454 0.651998 -0.2211646
v 0.2354454 0.6556489 -0.207076
v -0.2354454 0.6556489 -0.207076
v -0.2354454 0.651998 -0.2211646
v 0.2354454 0.6342532 -0.2196652
v 0.2354454 0.6483417 -0.223316
v -0.2354454 0.6483417 -0.223316
v -0.2354454 0.6342532 -0.2196652
v 0.2696428 0.004379436 0.2758516
v 0.2652633 0.4844423 0.280231
v 0.2652633 0.004379436 0.280231
v 0.2696428 0.4833304 0.2758516
v 0.2904788 0.004379436 0.2758516
v 0.2652633 0.4965993 0.2736322
v 0.2904788 0.4833304 0.2758516
v 0.2948582 0.004379436 0.280231
v 0.2696428 0.4939078 0.2701102
v 0.2652633 0.5065407 0.2632362
v 0.2948582 0.4844423 0.280231
v 0.2948582 0.004379436 0.3010671
v 0.2696428 0.5028358 0.2607739
v 0.2652633 0.5124003 0.2497581
v 0.2904788 0.4939078 0.2701102
v 0.2948582 0.4824777 0.3010671
v 0.2904788 0.004379436 0.3054465
v 0.2696428 0.5081508 0.2485485
v 0.2652633 0.5143718 0.2362101
v 0.2948582 0.4965993 0.2736322
v 0.2904788 0.5028358 0.2607739
v 0.2904788 0.4833304 0.3054465
v 0.2696428 0.004379436 0.3054465
v 0.2696428 0.5099927 0.2358905
v 0.2652358 0.5147307 -0.07042725
v 0.2948582 0.5032599 0.2926564
v 0.2948582 0.5065407 0.2632362
v 0.2904788 0.5081508 0.2485485
v 0.2696428 0.4833304 0.3054465
v 0.2652633 0.004379436 0.3010671
v 0.2696034 0.5103428 -0.06993195
v 0.2652427 0.511768 -0.08385376
v 0.2904788 0.5055452 0.296456
v 0.2948582 0.5200374 0.278571
v 0.2948582 0.5124003 0.2497581
v 0.2904788 0.5099927 0.2358905
v 0.2652633 0.4824777 0.3010671
v 0.2652633 0.004379436 0.280231
v 0.2652633 0.4844423 0.280231
v 0.2696428 0.5055452 0.296456
v 0.2652633 0.5032599 0.2926564
v 0.2652633 0.4965993 0.2736322
v 0.2904788 0.5234695 0.2814077
v 0.2948582 0.531042 0.258851
v 0.2948582 0.5143718 0.2362097
v 0.2652633 0.5200374 0.278571
v 0.2652633 0.5065407 0.2632362
v 0.2696428 0.5234695 0.2814077
v 0.2904788 0.5352243 0.2603435
v 0.2652633 0.531042 0.258851
v 0.2652633 0.5124003 0.2497581
v 0.2696428 0.5352243 0.2603435
v 0.2948582 0.5352075 0.2355054
v 0.2904391 0.5103067 -0.0698349
v 0.2652633 0.5352077 0.235505
v 0.2652633 0.5143718 0.2362101
v 0.2696427 0.5395876 0.2358906
v 0.2904787 0.5395876 0.2358906
v 0.2948304 0.5146788 -0.07028641
v 0.2696125 0.5076187 -0.08229157
v 0.265249 0.5051768 -0.09599578
v 0.2652915 0.5349019 -0.07548126
v 0.2652358 0.5147307 -0.07042725
v 0.2696831 0.5392735 -0.07616668
v 0.294886 0.5348514 -0.07534607
v 0.2905188 0.5392372 -0.07606964
v 0.2904485 0.5075911 -0.0822174
v 0.269622 0.5015825 -0.09341949
v 0.2652559 0.4952363 -0.1068053
v 0.2652843 0.5297575 -0.09108154
v 0.2652427 0.511768 -0.08385376
v 0.2696729 0.533797 -0.09278168
v 0.2905087 0.5337692 -0.09270751
v 0.2948789 0.5297152 -0.0909816
v 0.2696327 0.4922532 -0.1035718
v 0.2652633 0.4835632 -0.1159413
v 0.2652776 0.5221429 -0.1055774
v 0.265249 0.5051768 -0.09599578
v 0.2696632 0.5258281 -0.1079601
v 0.2904991 0.5258092 -0.1079092
v 0.2652702 0.5116264 -0.1189246
v 0.2652559 0.4952363 -0.1068053
v 0.2696524 0.5148191 -0.1219398
v 0.2652628 0.4996324 -0.1295169
v 0.2652633 0.4835632 -0.1159413
v 0.2652633 0.003742053 -0.3858823
v 0.2652633 0.003742053 -0.3602737
v 0.2696428 0.003252921 -0.3910651
v 0.2696418 0.5021246 -0.1331575
v 0.2904788 0.003252921 -0.3910651
v 0.2904778 0.5021246 -0.1331575
v 0.2948582 0.003742053 -0.3858823
v 0.2904884 0.5148098 -0.1219148
v 0.2948576 0.4996272 -0.1295174
v 0.2948582 0.003742053 -0.3602737
v 0.2948651 0.5116063 -0.1188945
v 0.2948582 0.4835678 -0.115938
v 0.2904788 0.00326521 -0.3556021
v 0.2948723 0.5221114 -0.105511
v 0.2904792 0.4811978 -0.1122308
v 0.2696428 0.00326521 -0.3556021
v 0.2948508 0.4952318 -0.1067625
v 0.2948437 0.5051558 -0.09591522
v 0.2696432 0.4811978 -0.1122308
v 0.2652633 0.003742053 -0.3602737
v 0.2904679 0.4922439 -0.1035469
v 0.2904579 0.5015635 -0.09336868
v 0.2948374 0.5117313 -0.08374085
v 0.2705503 0.3730324 0.2790752
v 0.2895713 0.3730324 -0.1715825
v 0.2705503 0.3730324 -0.1715825
v 0.2895713 0.3730324 0.2790752
v 0.291761 0.375222 0.2790752
v 0.291761 0.375222 -0.1715825
v 0.291761 0.394243 -0.1715825
v 0.291761 0.394243 0.2790752
v 0.2895713 0.3964328 0.2790752
v 0.2895713 0.3964328 -0.1715825
v 0.2705503 0.3964328 -0.1715825
v 0.2705503 0.3964328 0.2790752
v 0.2683606 0.394243 0.2790752
v 0.2683606 0.394243 -0.1715825
v 0.2683606 0.375222 -0.1715825
v 0.2683606 0.375222 0.2790752
v 0.2705503 0.3730324 0.2790752
v 0.2705503 0.3730324 -0.1715825
v -0.2354454 0.6321019 -0.2160089
v -0.2354454 0.6357528 -0.2019202
v 0.2354454 0.6357528 -0.2019202
v 0.2354454 0.6321019 -0.2160089
v -0.2354454 0.639409 -0.1997689
v -0.2354454 0.6534975 -0.2034197
v 0.2354454 0.6534975 -0.2034197
v 0.2354454 0.639409 -0.1997689
v -0.2354454 0.6357528 -0.2019202
v -0.2354454 0.6321019 -0.2160089
v -0.2354454 0.6342532 -0.2196652
v -0.2354454 0.6483417 -0.223316
v -0.2354454 0.639409 -0.1997689
v -0.2354454 0.6534975 -0.2034197
v -0.2354454 0.651998 -0.2211646
v -0.2354454 0.6556489 -0.207076
v 0.2354454 0.6342532 -0.2196652
v 0.2354454 0.6321019 -0.2160089
v 0.2354454 0.6357528 -0.2019202
v 0.2354454 0.6483417 -0.223316
v 0.2354454 0.639409 -0.1997689
v 0.2354454 0.6534975 -0.2034197
v 0.2354454 0.651998 -0.2211646
v 0.2354454 0.6556489 -0.207076
v -0.2354454 0.6556489 -0.207076
v 0.2354454 0.6556489 -0.207076
v 0.2354454 0.6534975 -0.2034197
v -0.2354454 0.6534975 -0.2034197
v -0.2354454 0.6483417 -0.223316
v 0.2354454 0.6483417 -0.223316
v 0.2354454 0.651998 -0.2211646
v -0.2354454 0.651998 -0.2211646
v -0.2354454 0.639409 -0.1997689
v 0.2354454 0.639409 -0.1997689
v 0.2354454 0.6357528 -0.2019202
v -0.2354454 0.6357528 -0.2019202
v -0.2354454 0.6321019 -0.2160089
v 0.2354454 0.6321019 -0.2160089
v 0.2354454 0.6342532 -0.2196652
v -0.2354454 0.6342532 -0.2196652
v -0.2020433 1.096385 -0.3312622
v -0.1787107 1.13349 -0.342745
v -0.1942905 1.115752 -0.3368254
v -0.1579837 1.144665 -0.3468933
v -0.1775283 1.069485 -0.3335191
v -0.1331342 1.152873 -0.3480002
v -0.2039156 1.074897 -0.3255603
v -0.1178 1.074991 -0.3351192
v -0.02172823 1.160443 -0.3515176
v -0.1766559 0.9836972 -0.3085881
v -0.2089518 0.9862546 -0.2997871
v -0.05971052 1.076395 -0.3355272
v 0.02172823 1.160443 -0.3515176
v -0.1758173 0.8631262 -0.2733641
v -0.2132146 0.8656867 -0.2645541
v -0.1159253 0.9826413 -0.3122211
v -0.1785167 0.7742297 -0.2475296
v -0.2194001 0.7570398 -0.2330156
v -0.1150243 0.8620706 -0.2769969
v -0.05768274 0.9826413 -0.3122211
v 0.05971052 1.076395 -0.3355272
v -0.18099 0.6912564 -0.2234164
v -0.2268434 0.6613449 -0.2051546
v -0.220373 0.648388 -0.201418
v -0.1988575 0.6297934 -0.1959517
v -0.2102895 0.6383716 -0.1983652
v -0.1856343 0.6253499 -0.1945605
v -0.1159253 0.6912564 -0.2234164
v -0.1159253 0.6252995 -0.1945386
v -0.1159253 0.7731738 -0.2511624
v -0.05573379 0.6912564 -0.2234164
v -0.05573379 0.6252995 -0.1945386
v -0.05573379 0.8617828 -0.2779866
v -0.05573377 0.7728863 -0.2521521
v 0.05573379 0.6912564 -0.2234164
v 0.05573379 0.6252995 -0.1945386
v 0.1159253 0.6252995 -0.1945386
v 0.05768274 0.9826413 -0.3122211
v 0.05573377 0.7728863 -0.2521521
v 0.05573379 0.8617828 -0.2779866
v 0.1159253 0.6912564 -0.2234164
v 0.1856343 0.6253499 -0.1945605
v 0.1159253 0.7731738 -0.2511624
v 0.1150243 0.8620706 -0.2769969
v 0.1159253 0.9826413 -0.3122211
v 0.18099 0.6912564 -0.2234164
v 0.1988575 0.6297934 -0.1959517
v 0.1785167 0.7742297 -0.2475296
v 0.220373 0.648388 -0.201418
v 0.2102895 0.6383716 -0.1983652
v 0.2268434 0.6613449 -0.2051546
v 0.2194001 0.7570398 -0.2330156
v 0.2132146 0.8656867 -0.2645541
v 0.1758173 0.8631262 -0.2733641
v 0.2089518 0.9862546 -0.2997871
v 0.1766559 0.9836972 -0.3085881
v 0.2039156 1.074897 -0.3255603
v 0.1178 1.074991 -0.3351192
v 0.1331342 1.152873 -0.3480002
v 0.1775283 1.069485 -0.3335191
v 0.1579837 1.144665 -0.3468933
v 0.2020433 1.096385 -0.3312622
v 0.1787107 1.13349 -0.342745
v 0.1942905 1.115752 -0.3368254
v -0.2093939 0.5321373 0.3741271
v -0.2462475 0.5320671 0.3415725
v -0.2289537 0.5321143 0.3594486
v -0.2018571 0.5219847 0.3036709
v -0.1850664 0.5321585 0.3808807
v -0.2550261 0.5320186 0.3205788
v -0.1308105 0.5321663 0.3816305
v -0.1991565 0.5219847 0.2093209
v -0.2565978 0.5319652 0.2317683
v -0.1308105 0.5219847 0.3036709
v -0.196209 0.5219847 0.1082352
v -0.2565992 0.5320026 0.1082352
v -0.06508497 0.5219847 0.3036709
v -0.06508497 0.5321663 0.3816305
v -0.1308104 0.5178537 0.2093209
v -0.1971246 0.5219847 0.005592041
v -0.2566057 0.5319925 0.005592041
v 0.06508497 0.5219847 0.3036709
v 0.06508497 0.5321663 0.3816305
v 0.1308105 0.5321663 0.3816305
v -0.1298267 0.5178537 0.1082352
v -0.1980772 0.5219847 -0.06956772
v -0.2565967 0.5319789 -0.07281692
v -0.1965433 0.5270332 -0.1139003
v -0.2522478 0.5320486 -0.1033292
v -0.1308104 0.5178537 0.005591888
v -0.2186444 0.5321773 -0.1470499
v -0.2404573 0.5321203 -0.1279083
v -0.1949644 0.5322296 -0.1595308
v -0.16674 0.532267 -0.1711853
v -0.1328575 0.5219847 -0.0758284
v -0.1333353 0.5270729 -0.1263594
v -0.1338271 0.53231 -0.1783697
v -0.07102942 0.5323198 -0.1832857
v -0.0702168 0.5270776 -0.1295918
v 0.07102942 0.5323198 -0.1832857
v -0.06942732 0.5219847 -0.07742523
v 0.0702168 0.5270776 -0.1295918
v -0.0672131 0.5178537 0.005591888
v 0.1333353 0.5270729 -0.1263594
v 0.1338271 0.53231 -0.1783697
v 0.16674 0.532267 -0.1711853
v 0.1965433 0.5270332 -0.1139003
v 0.1949644 0.5322296 -0.1595308
v 0.2186444 0.5321773 -0.1470499
v 0.06942732 0.5219847 -0.07742523
v 0.1328575 0.5219847 -0.0758284
v -0.06508495 0.5167283 0.1082352
v 0.2522478 0.5320486 -0.1033292
v 0.2404573 0.5321203 -0.1279083
v 0.2565967 0.5319789 -0.07281692
v 0.1980772 0.5219847 -0.06956772
v 0.0672131 0.5178537 0.005591888
v 0.1308104 0.5178537 0.005591888
v 0.1971246 0.5219847 0.005592041
v 0.2566057 0.5319925 0.005592041
v -0.06508493 0.5167283 0.2093209
v 0.06508495 0.5167283 0.1082352
v 0.1298267 0.5178537 0.1082352
v 0.196209 0.5219847 0.1082352
v 0.2565992 0.5320026 0.1082352
v 0.06508493 0.5167283 0.2093209
v 0.1308104 0.5178537 0.2093209
v 0.1991565 0.5219847 0.2093209
v 0.2565978 0.5319652 0.2317683
v 0.2018571 0.5219847 0.3036709
v 0.2550261 0.5320186 0.3205788
v 0.2462475 0.5320671 0.3415725
v 0.1308105 0.5219847 0.3036709
v 0.1850664 0.5321585 0.3808807
v 0.2093939 0.5321373 0.3741271
v 0.2289537 0.5321143 0.3594486
v -0.2696428 0 0.3010671
v -0.2652633 0.004379436 0.3010671
v -0.2652633 0.004379436 0.280231
v -0.2696428 0.004379436 0.3054465
v -0.2696428 0 0.280231
v -0.2696428 0.004379436 0.2758516
v -0.2904788 0.004379436 0.2758516
v -0.2904788 0 0.3010671
v -0.2904788 0.004379436 0.3054465
v -0.2948582 0.004379436 0.3010671
v -0.2904788 0 0.280231
v -0.2948582 0.004379436 0.280231
v -0.2652633 0.003742053 -0.3858823
v -0.2696428 -0.0006373831 -0.3619687
v -0.2652633 0.003742053 -0.3602737
v -0.2696428 0.00326521 -0.3556021
v -0.2696428 -0.0006373831 -0.3886969
v -0.2696428 0.003252921 -0.3910651
v -0.2904788 0.003252921 -0.3910651
v -0.2904788 -0.0006373831 -0.3619687
v -0.2904788 0.00326521 -0.3556021
v -0.2948582 0.003742053 -0.3602737
v -0.2904788 -0.0006373831 -0.3886969
v -0.2948582 0.003742053 -0.3858823
v 0.2696428 0 0.3010671
v 0.2652633 0.004379436 0.280231
v 0.2652633 0.004379436 0.3010671
v 0.2696428 0.004379436 0.3054465
v 0.2696428 0 0.280231
v 0.2696428 0.004379436 0.2758516
v 0.2904788 0.004379436 0.2758516
v 0.2904788 0 0.3010671
v 0.2904788 0.004379436 0.3054465
v 0.2948582 0.004379436 0.3010671
v 0.2904788 0 0.280231
v 0.2948582 0.004379436 0.280231
v 0.2652633 0.003742053 -0.3858823
v 0.2652633 0.003742053 -0.3602737
v 0.2696428 -0.0006373831 -0.3619687
v 0.2696428 0.00326521 -0.3556021
v 0.2696428 -0.0006373831 -0.3886969
v 0.2696428 0.003252921 -0.3910651
v 0.2904788 0.003252921 -0.3910651
v 0.2904788 -0.0006373831 -0.3619687
v 0.2904788 0.00326521 -0.3556021
v 0.2948582 0.003742053 -0.3602737
v 0.2904788 -0.0006373831 -0.3886969
v 0.2948582 0.003742053 -0.3858823
v -0.05573379 0.6252995 -0.1945386
v 0.05573379 0.6225099 -0.1885767
v 0.05573379 0.6252995 -0.1945386
v 0.1159253 0.6252995 -0.1945386
v -0.05573379 0.6225099 -0.1885767
v -0.1159253 0.6252995 -0.1945386
v -0.1159253 0.6225099 -0.1885767
v -0.1856343 0.6253499 -0.1945605
v 0.1159253 0.6225099 -0.1885767
v 0.1856343 0.6253499 -0.1945605
v -0.05573379 0.6356183 -0.1434705
v -0.1859205 0.6225188 -0.1885461
v -0.1988575 0.6297934 -0.1959517
v 0.1859205 0.6225188 -0.1885461
v 0.1988575 0.6297934 -0.1959517
v 0.05573379 0.6356183 -0.1434705
v 0.05573379 0.6411688 -0.1399324
v 0.1159253 0.6356183 -0.1434705
v -0.1159253 0.6356183 -0.1434705
v -0.2003624 0.6274087 -0.1900642
v -0.2102895 0.6383716 -0.1983652
v 0.2003624 0.6274087 -0.1900642
v 0.2102895 0.6383716 -0.1983652
v 0.1859205 0.6356094 -0.143501
v 0.2130627 0.6364517 -0.1926097
v 0.220373 0.648388 -0.201418
v -0.05573379 0.6411688 -0.1399324
v -0.1859205 0.6356094 -0.143501
v 0.1159253 0.6411688 -0.1399324
v 0.2003624 0.6405089 -0.1449866
v 0.2237157 0.6469225 -0.1957141
v 0.2268434 0.6613449 -0.2051546
v -0.1159253 0.6411688 -0.1399324
v 0.1856343 0.6412231 -0.1399406
v 0.18099 0.71233 -0.1533807
v 0.1988573 0.6456779 -0.1412938
v 0.2130627 0.6495618 -0.1474982
v 0.2237157 0.6600149 -0.150663
v 0.2307098 0.6602971 -0.1994981
v 0.2194001 0.7570398 -0.2330156
v 0.2102892 0.6542678 -0.1436678
v 0.2203728 0.6643095 -0.1466327
v 0.2307098 0.6733734 -0.1545026
v 0.2237238 0.7568515 -0.2276085
v 0.2132146 0.8656867 -0.2645541
v 0.2268434 0.6772895 -0.1502887
v 0.2175371 0.8671094 -0.2596582
v 0.2089518 0.9862546 -0.2997871
v 0.2237238 0.7699548 -0.18252
v 0.2132684 0.9876788 -0.2948863
v 0.2039156 1.074897 -0.3255603
v 0.2175371 0.8802151 -0.2145615
v 0.2194001 0.7730117 -0.1780559
v 0.2082404 1.076548 -0.3207379
v 0.2020433 1.096385 -0.3312622
v 0.2132684 1.000789 -0.249776
v 0.206072 1.099183 -0.3268283
v 0.1942905 1.115752 -0.3368254
v 0.1785167 0.795303 -0.1750157
v 0.2132091 0.8816397 -0.2096593
v 0.2082404 1.089671 -0.2755814
v 0.198009 1.119751 -0.3327982
v 0.1787107 1.13349 -0.342745
v 0.1758173 0.8841998 -0.2008502
v 0.2089518 1.002213 -0.2448753
v 0.206072 1.112459 -0.2826488
v 0.1804538 1.13837 -0.338895
v 0.1579837 1.144665 -0.3468933
v 0.1766559 1.004771 -0.2360742
v 0.2039088 1.090861 -0.2706236
v 0.198009 1.133188 -0.2896422
v 0.157829 1.15039 -0.343213
v 0.1331342 1.152873 -0.3480002
v 0.1775283 1.090558 -0.2625267
v 0.2020393 1.112473 -0.2774045
v 0.1804538 1.151737 -0.2959817
v 0.1339602 1.158352 -0.3445705
v 0.02172823 1.160443 -0.3515176
v 0.1942896 1.131971 -0.2840974
v 0.1787131 1.149602 -0.2900824
v 0.157829 1.163689 -0.3005331
v 0.1579895 1.160674 -0.2942932
v 0.1178 1.096064 -0.2626053
v 0.1339602 1.171783 -0.3014385
v 0.02189892 1.165974 -0.3481168
v 0.1331307 1.168978 -0.2955994
v 0.1159253 1.005826 -0.2324414
v -0.02189892 1.165974 -0.3481168
v -0.02172823 1.160443 -0.3515176
v 0.02189892 1.179407 -0.3049757
v 0.05971052 1.097468 -0.2630135
v 0.1150243 0.8852554 -0.1972173
v -0.1339602 1.158352 -0.3445705
v -0.1331342 1.152873 -0.3480002
v 0.02172825 1.176561 -0.2991411
v -0.02172825 1.176561 -0.2991411
v 0.05768274 1.005826 -0.2324414
v 0.1159253 0.7963589 -0.1713829
v -0.02189892 1.179407 -0.3049757
v -0.05971052 1.097468 -0.2630135
v 0.05573377 0.8855432 -0.1962277
v 0.1159253 0.71233 -0.1509027
v -0.1339602 1.171783 -0.3014385
v -0.1331307 1.168978 -0.2955994
v 0.05573377 0.7966464 -0.1703932
v -0.05768274 1.005826 -0.2324414
v 0.05573379 0.71233 -0.1509027
v -0.05573377 0.8855432 -0.1962277
v -0.05573379 0.71233 -0.1509027
v -0.05573377 0.7966464 -0.1703932
v -0.1159253 0.71233 -0.1509027
v -0.18099 0.71233 -0.1533807
v -0.1159253 0.7963589 -0.1713829
v -0.1150243 0.8852554 -0.1972173
v -0.1856343 0.6412231 -0.1399406
v -0.2003624 0.6405089 -0.1449866
v -0.1159253 1.005826 -0.2324414
v -0.1785167 0.795303 -0.1750157
v -0.1988573 0.6456779 -0.1412938
v -0.2130627 0.6364517 -0.1926097
v -0.220373 0.648388 -0.201418
v -0.1178 1.096064 -0.2626053
v -0.1758173 0.8841998 -0.2008502
v -0.2130627 0.6495618 -0.1474982
v -0.2237157 0.6469225 -0.1957141
v -0.2268434 0.6613449 -0.2051546
v -0.2237157 0.6600149 -0.150663
v -0.2102892 0.6542678 -0.1436678
v -0.2203728 0.6643095 -0.1466327
v -0.2268434 0.6772895 -0.1502887
v -0.2307098 0.6733734 -0.1545026
v -0.2307098 0.6602971 -0.1994981
v -0.2194001 0.7570398 -0.2330156
v -0.2237238 0.7568515 -0.2276085
v -0.2132146 0.8656867 -0.2645541
v -0.2194001 0.7730117 -0.1780559
v -0.2237238 0.7699548 -0.18252
v -0.2175371 0.8671094 -0.2596582
v -0.2089518 0.9862546 -0.2997871
v -0.2175371 0.8802151 -0.2145615
v -0.2132684 0.9876788 -0.2948863
v -0.2039156 1.074897 -0.3255603
v -0.2132091 0.8816397 -0.2096593
v -0.2082404 1.076548 -0.3207379
v -0.2020433 1.096385 -0.3312622
v -0.2132684 1.000789 -0.249776
v -0.1766559 1.004771 -0.2360742
v -0.206072 1.099183 -0.3268283
v -0.1942905 1.115752 -0.3368254
v -0.2089518 1.002213 -0.2448753
v -0.2082404 1.089671 -0.2755814
v -0.1775283 1.090558 -0.2625267
v -0.198009 1.119751 -0.3327982
v -0.1787107 1.13349 -0.342745
v -0.2039088 1.090861 -0.2706236
v -0.206072 1.112459 -0.2826488
v -0.1804538 1.13837 -0.338895
v -0.1579837 1.144665 -0.3468933
v -0.2020393 1.112473 -0.2774045
v -0.198009 1.133188 -0.2896422
v -0.1579895 1.160674 -0.2942932
v -0.157829 1.15039 -0.343213
v -0.157829 1.163689 -0.3005331
v -0.1787131 1.149602 -0.2900824
v -0.1804538 1.151737 -0.2959817
v -0.1942896 1.131971 -0.2840974
v -0.06508497 0.5321663 0.3816305
v 0.06508497 0.5375676 0.3863723
v 0.06508497 0.5321663 0.3816305
v 0.1308105 0.5321663 0.3816305
v -0.06508497 0.5375676 0.3863723
v -0.1308105 0.5321663 0.3816305
v -0.1308105 0.5375676 0.3863723
v -0.1850664 0.5321585 0.3808807
v 0.1308105 0.5375676 0.3863723
v 0.1850664 0.5321585 0.3808807
v -0.06508497 0.5888585 0.3863723
v -0.185379 0.5376022 0.385682
v -0.2093939 0.5321373 0.3741271
v 0.185379 0.5376022 0.385682
v 0.2093939 0.5321373 0.3741271
v 0.06508497 0.5888585 0.3863723
v 0.06508497 0.5942596 0.3816305
v 0.1308105 0.5888585 0.3863723
v -0.1308105 0.5888585 0.3863723
v -0.2110052 0.5375841 0.3784336
v -0.2289537 0.5321143 0.3594486
v 0.2110052 0.5375841 0.3784336
v 0.2289537 0.5321143 0.3594486
v 0.185379 0.5888237 0.385682
v 0.2319819 0.5375641 0.3632155
v 0.2462475 0.5320671 0.3415725
v -0.06508497 0.5942596 0.3816305
v -0.185379 0.5888237 0.385682
v 0.1308105 0.5942596 0.3816305
v 0.2110052 0.5888416 0.3784336
v 0.2498637 0.5375967 0.3448741
v 0.2550261 0.5320186 0.3205788
v 0.259248 0.5376303 0.3234012
v 0.2565978 0.5319652 0.2317683
v 0.2498637 0.5888289 0.3448741
v 0.2613191 0.5375775 0.2336134
v 0.2565992 0.5320026 0.1082352
v 0.1850664 0.5942674 0.3808807
v 0.2018571 0.6021459 0.303671
v 0.1308105 0.6044412 0.303671
v 0.2093937 0.5942886 0.3741269
v 0.2319819 0.588861 0.3632155
v 0.2289533 0.5943118 0.3594482
v 0.259248 0.5887955 0.3234012
v 0.2462472 0.5943588 0.3415723
v 0.2550261 0.5944073 0.3205788
v 0.2613191 0.5888484 0.2336134
v 0.2565978 0.5944607 0.2317683
v 0.2613191 0.5375699 0.1082352
v 0.2566057 0.5319925 0.005592041
v 0.2613191 0.5888499 0.1082352
v 0.2613191 0.5375653 0.005592041
v 0.2565967 0.5319789 -0.07281692
v 0.2613191 0.5375388 -0.07307907
v 0.2522478 0.5320486 -0.1033292
v 0.2613191 0.5888608 0.005592041
v 0.2566439 0.53755 -0.1049239
v 0.2404573 0.5321203 -0.1279083
v 0.2565932 0.5944244 0.1082352
v 0.2613191 0.588887 -0.07307907
v 0.2445177 0.5375617 -0.1308743
v 0.2186444 0.5321773 -0.1470499
v 0.2566057 0.5944334 0.005592041
v 0.2566439 0.5888752 -0.1049239
v 0.2204982 0.5377032 -0.1510155
v 0.1949644 0.5322296 -0.1595308
v 0.2565893 0.5944482 -0.07281647
v 0.2445177 0.5888631 -0.1308743
v 0.1947954 0.5378329 -0.1644125
v 0.16674 0.532267 -0.1711853
v 0.2522434 0.5943781 -0.1033285
v 0.1980772 0.6034886 -0.06956772
v 0.1971246 0.6044412 0.005592041
v 0.2204982 0.5887221 -0.1510155
v 0.1670697 0.5377133 -0.1759827
v 0.1338271 0.53231 -0.1783697
v 0.2404562 0.5943059 -0.1279076
v 0.1947954 0.5885929 -0.1644125
v 0.1347291 0.5375758 -0.1830702
v 0.07102942 0.5323198 -0.1832857
v 0.1965463 0.5989197 -0.1138107
v 0.2186472 0.5942595 -0.1469548
v 0.1670697 0.5887126 -0.1759827
v 0.1949707 0.5942171 -0.1593491
v 0.1667416 0.5941708 -0.1710791
v 0.1333334 0.5993541 -0.1263496
v 0.1347291 0.5888501 -0.1830702
v 0.0712158 0.537571 -0.1880486
v 0.1338233 0.5941179 -0.1783501
v -0.0712158 0.537571 -0.1880486
v -0.07102942 0.5323198 -0.1832857
v 0.0712158 0.5888554 -0.1880486
v 0.1328575 0.6044412 -0.0758284
v 0.07102943 0.594106 -0.1832861
v 0.0702168 0.5993481 -0.129592
v -0.07102943 0.594106 -0.1832861
v -0.1347291 0.5375758 -0.1830702
v -0.1338271 0.53231 -0.1783697
v -0.0712158 0.5888554 -0.1880486
v -0.1347291 0.5888501 -0.1830702
v -0.1670697 0.5377133 -0.1759827
v -0.16674 0.532267 -0.1711853
v -0.1338233 0.5941179 -0.1783501
v -0.1670697 0.5887126 -0.1759827
v -0.1947954 0.5378329 -0.1644125
v -0.1949644 0.5322296 -0.1595308
v -0.1667416 0.5941708 -0.1710791
v -0.1333334 0.5993541 -0.1263496
v -0.1965463 0.5989197 -0.1138107
v -0.1947954 0.5885929 -0.1644125
v -0.1949707 0.5942171 -0.1593491
v -0.2204982 0.5377032 -0.1510155
v -0.2186444 0.5321773 -0.1470499
v -0.2186472 0.5942595 -0.1469548
v -0.2204982 0.5887221 -0.1510155
v -0.2445177 0.5375617 -0.1308743
v -0.2404573 0.5321203 -0.1279083
v -0.2404562 0.5943059 -0.1279076
v -0.2445177 0.5888631 -0.1308743
v -0.2566439 0.53755 -0.1049239
v -0.2522478 0.5320486 -0.1033292
v -0.2522434 0.5943781 -0.1033285
v -0.2566439 0.5888752 -0.1049239
v -0.2613191 0.5375388 -0.07307907
v -0.2565967 0.5319789 -0.07281692
v -0.2565893 0.5944482 -0.07281647
v -0.2613191 0.588887 -0.07307907
v -0.2613191 0.5375653 0.005592041
v -0.2566057 0.5319925 0.005592041
v -0.2613191 0.5888608 0.005592041
v -0.2613191 0.5375699 0.1082352
v -0.2565992 0.5320026 0.1082352
v -0.1980772 0.6034886 -0.06956772
v -0.2566057 0.5944334 0.005592041
v -0.2613191 0.5888499 0.1082352
v -0.2613191 0.5375775 0.2336134
v -0.2565978 0.5319652 0.2317683
v -0.1971246 0.6044412 0.005592041
v -0.1328575 0.6044412 -0.0758284
v -0.2565932 0.5944244 0.1082352
v -0.2613191 0.5888484 0.2336134
v -0.259248 0.5376303 0.3234012
v -0.2550261 0.5320186 0.3205788
v -0.196209 0.6044412 0.1082352
v -0.2565978 0.5944607 0.2317683
v -0.259248 0.5887955 0.3234012
v -0.2498637 0.5375967 0.3448741
v -0.2462475 0.5320671 0.3415725
v -0.2498637 0.5888289 0.3448741
v -0.2319819 0.5375641 0.3632155
v -0.2550261 0.5944073 0.3205788
v -0.2110052 0.5888416 0.3784336
v -0.2462472 0.5943588 0.3415723
v -0.2319819 0.588861 0.3632155
v -0.2272861 0.5984446 0.3117574
v -0.2289533 0.5943118 0.3594482
v -0.2093937 0.5942886 0.3741269
v -0.1850664 0.5942674 0.3808807
v -0.2018571 0.6021459 0.303671
v -0.1308105 0.5942596 0.3816305
v -0.1308105 0.6044412 0.303671
v -0.1991565 0.6044412 0.2093209
v -0.1308104 0.6085722 0.2093209
v -0.06508497 0.6044412 0.303671
v -0.1298266 0.6085724 0.1082352
v -0.06508493 0.6096976 0.2093209
v 0.06508497 0.6044412 0.303671
v -0.06508495 0.6096976 0.1082352
v 0.06508493 0.6096976 0.2093209
v -0.1308104 0.6085722 0.005591888
v 0.1308104 0.6085722 0.2093209
v -0.0672131 0.6085722 0.005591888
v 0.06508495 0.6096976 0.1082352
v -0.06942732 0.6044412 -0.07742523
v 0.1991565 0.6044412 0.2093209
v 0.0672131 0.6085722 0.005591888
v 0.1298266 0.6085724 0.1082352
v 0.196209 0.6044412 0.1082352
v 0.1308104 0.6085722 0.005591888
v 0.06942732 0.6044412 -0.07742523
v -0.0702168 0.5993481 -0.129592
vt 0.25 0.125
vt 0.25 0.125
vt 0.25 0.125
vt 0.25 0.125
vt 0.25 0.125
vt 0.25 0.125
vt 0.25 0.125
vt 0.25 0.125
vt 0.25 0.125
vt 0.25 0.125
vt 0.25 0.125
vt 0.25 0.125
vt 0.25 0.125
vt 0.25 0.125
vt 0.25 0.125
vt 0.25 0.125
vt 0.25 0.125
vt 0.25 0.125
vt 0.25 0.125
vt 0.25 0.125
vt 0.25 0.125
vt 0.25 0.125
vt 0.25 0.125
vt 0.25 0.125
vt 0.25 0.125
vt 0.25 0.125
vt 0.25 0.125
vt 0.25 0.125
vt 0.25 0.125
vt 0.25 0.125
vt 0.25 0.125
vt 0.25 0.125
vt 0.25 0.125
vt 0.25 0.125
vt 0.25 0.125
vt 0.25 0.125
vt 0.25 0.125
vt 0.25 0.125
vt 0.25 0.125
vt 0.25 0.125
vt 0.25 0.125
vt 0.25 0.125
vt 0.25 0.125
vt 0.25 0.125
vt 0.25 0.125
vt 0.25 0.125
vt 0.25 0.125
vt 0.25 0.125
vt 0.25 0.125
vt 0.25 0.125
vt 0.25 0.125
vt 0.25 0.125
vt 0.25 0.125
vt 0.25 0.125
vt 0.25 0.125
vt 0.25 0.125
vt 0.25 0.125
vt 0.25 0.125
vt 0.25 0.125
vt 0.25 0.125
vt 0.25 0.125
vt 0.25 0.125
vt 0.25 0.125
vt 0.25 0.125
vt 0.25 0.125
vt 0.25 0.125
vt 0.25 0.125
vt 0.25 0.125
vt 0.25 0.125
vt 0.25 0.125
vt 0.25 0.125
vt 0.25 0.125
vt 0.25 0.125
vt 0.25 0.125
vt 0.25 0.125
vt 0.25 0.125
vt 0.25 0.125
vt 0.25 0.125
vt 0.25 0.125
vt 0.25 0.125
vt 0.25 0.125
vt 0.25 0.125
vt 0.25 0.125
vt 0.25 0.125
vt 0.25 0.125
vt 0.25 0.125
vt 0.25 0.125
vt 0.25 0.125
vt 0.25 0.125
vt 0.25 0.125
vt 0.25 0.125
vt 0.25 0.125
vt 0.25 0.125
vt 0.25 0.125
vt 0.25 0.125
vt 0.25 0.125
vt 0.25 0.125
vt 0.25 0.125
vt 0.25 0.125
vt 0.25 0.125
vt 0.25 0.125
vt 0.25 0.125
vt 0.25 0.125
vt 0.25 0.125
vt 0.25 0.125
vt 0.25 0.125
vt 0.25 0.125
vt 0.25 0.125
vt 0.25 0.125
vt 0.25 0.125
vt 0.25 0.125
vt 0.25 0.125
vt 0.25 0.125
vt 0.25 0.125
vt 0.25 0.125
vt 0.25 0.125
vt 0.25 0.125
vt 0.25 0.125
vt 0.25 0.125
vt 0.25 0.125
vt 0.25 0.125
vt 0.25 0.125
vt 0.25 0.125
vt 0.25 0.125
vt 0.25 0.125
vt 0.25 0.125
vt 0.25 0.125
vt 0.25 0.125
vt 0.25 0.125
vt 0.25 0.125
vt 0.25 0.125
vt 0.25 0.125
vt 0.25 0.125
vt 0.25 0.125
vt 0.25 0.125
vt 0.25 0.125
vt 0.25 0.125
vt 0.25 0.125
vt 0.25 0.125
vt 0.25 0.125
vt 0.25 0.125
vt 0.25 0.125
vt 0.25 0.125
vt 0.25 0.125
vt 0.25 0.125
vt 0.25 0.125
vt 0.25 0.125
vt 0.25 0.125
vt 0.25 0.125
vt 0.25 0.125
vt 0.25 0.125
vt 0.25 0.125
vt 0.25 0.125
vt 0.25 0.125
vt 0.25 0.125
vt 0.25 0.125
vt 0.25 0.125
vt 0.25 0.125
vt 0.25 0.125
vt 0.25 0.125
vt 0.25 0.125
vt 0.25 0.125
vt 0.25 0.125
vt 0.25 0.125
vt 0.25 0.125
vt 0.25 0.125
vt 0.25 0.125
vt 0.25 0.125
vt 0.25 0.125
vt 0.25 0.125
vt 0.25 0.125
vt 0.25 0.125
vt 0.25 0.125
vt 0.25 0.125
vt 0.25 0.125
vt 0.25 0.125
vt 0.25 0.125
vt 0.25 0.125
vt 0.25 0.125
vt 0.25 0.125
vt 0.25 0.125
vt 0.25 0.125
vt 0.25 0.125
vt 0.25 0.125
vt 0.25 0.125
vt 0.25 0.125
vt 0.25 0.125
vt 0.25 0.125
vt 0.25 0.125
vt 0.25 0.125
vt 0.25 0.125
vt 0.25 0.125
vt 0.25 0.125
vt 0.25 0.125
vt 0.25 0.125
vt 0.25 0.125
vt 0.25 0.125
vt 0.25 0.125
vt 0.25 0.125
vt 0.25 0.125
vt 0.25 0.125
vt 0.25 0.125
vt 0.25 0.125
vt 0.25 0.125
vt 0.25 0.125
vt 0.25 0.125
vt 0.25 0.125
vt 0.25 0.125
vt 0.25 0.125
vt 0.25 0.125
vt 0.25 0.125
vt 0.25 0.125
vt 0.25 0.125
vt 0.25 0.125
vt 0.25 0.125
vt 0.25 0.125
vt 0.25 0.125
vt 0.25 0.125
vt 0.25 0.125
vt 0.25 0.125
vt 0.25 0.125
vt 0.25 0.125
vt 0.25 0.125
vt 0.25 0.125
vt 0.25 0.125
vt 0.25 0.125
vt 0.25 0.125
vt 0.25 0.125
vt 0.25 0.125
vt 0.25 0.125
vt 0.25 0.125
vt 0.25 0.125
vt 0.25 0.125
vt 0.25 0.125
vt 0.25 0.125
vt 0.25 0.125
vt 0.25 0.125
vt 0.25 0.125
vt 0.25 0.125
vt 0.25 0.125
vt 0.25 0.125
vt 0.25 0.125
vt 0.25 0.125
vt 0.25 0.125
vt 0.25 0.125
vt 0.25 0.125
vt 0.25 0.125
vt 0.25 0.125
vt 0.25 0.125
vt 0.25 0.125
vt 0.25 0.125
vt 0.25 0.125
vt 0.25 0.125
vt 0.25 0.125
vt 0.25 0.125
vt 0.25 0.125
vt 0.25 0.125
vt 0.25 0.125
vt 0.25 0.125
vt 0.25 0.125
vt 0.25 0.125
vt 0.25 0.125
vt 0.25 0.125
vt 0.25 0.125
vt 0.25 0.125
vt 0.25 0.125
vt 0.25 0.125
vt 0.25 0.125
vt 0.25 0.125
vt 0.25 0.125
vt 0.25 0.125
vt 0.25 0.125
vt 0.25 0.125
vt 0.25 0.125
vt 0.25 0.125
vt 0.25 0.125
vt 0.25 0.125
vt 0.25 0.125
vt 0.25 0.125
vt 0.25 0.125
vt 0.25 0.125
vt 0.25 0.125
vt 0.25 0.125
vt 0.25 0.125
vt 0.25 0.125
vt 0.25 0.125
vt 0.25 0.125
vt 0.25 0.125
vt 0.25 0.125
vt 0.25 0.125
vt 0.25 0.125
vt 0.25 0.125
vt 0.25 0.125
vt 0.25 0.125
vt 0.25 0.125
vt 0.25 0.125
vt 0.25 0.125
vt 0.25 0.125
vt 0.25 0.125
vt 0.25 0.125
vt 0.25 0.125
vt 0.25 0.125
vt 0.25 0.125
vt 0.25 0.125
vt 0.25 0.125
vt 0.25 0.125
vt 0.25 0.125
vt 0.25 0.125
vt 0.25 0.125
vt 0.25 0.125
vt 0.25 0.125
vt 0.25 0.125
vt 0.25 0.125
vt 0.25 0.125
vt 0.25 0.125
vt 0.25 0.125
vt 0.25 0.125
vt 0.25 0.125
vt 0.25 0.125
vt 0.25 0.125
vt 0.25 0.125
vt 0.25 0.125
vt 0.25 0.125
vt 0.25 0.125
vt 0.25 0.125
vt 0.25 0.125
vt 0.25 0.125
vt 0.25 0.125
vt 0.25 0.125
vt 0.25 0.125
vt 0.25 0.125
vt 0.25 0.125
vt 0.25 0.125
vt 0.25 0.125
vt 0.25 0.125
vt 0.25 0.125
vt 0.25 0.125
vt 0.25 0.125
vt 0.25 0.125
vt 0.25 0.125
vt 0.25 0.125
vt 0.25 0.125
vt 0.25 0.125
vt 0.25 0.125
vt 0.25 0.125
vt 0.25 0.125
vt 0.25 0.125
vt 0.25 0.125
vt 0.25 0.125
vt 0.25 0.125
vt 0.25 0.125
vt 0.25 0.125
vt 0.25 0.125
vt 0.25 0.125
vt 0.25 0.125
vt 0.25 0.125
vt 0.25 0.125
vt 0.25 0.125
vt 0.25 0.125
vt 0.25 0.125
vt 0.25 0.125
vt 0.25 0.125
vt 0.25 0.125
vt 0.25 0.125
vt 0.25 0.125
vt 0.25 0.125
vt 0.25 0.125
vt 0.25 0.125
vt 0.25 0.125
vt 0.25 0.125
vt 0.25 0.125
vt 0.25 0.125
vt 0.25 0.125
vt 0.25 0.125
vt 0.25 0.125
vt 0.25 0.125
vt 0.25 0.125
vt 0.25 0.125
vt 0.25 0.125
vt 0.25 0.125
vt 0.25 0.125
vt 0.25 0.125
vt 0.25 0.125
vt 0.25 0.125
vt 0.25 0.125
vt 0.25 0.125
vt 0.25 0.125
vt 0.25 0.125
vt 0.25 0.125
vt 0.25 0.125
vt 0.25 0.125
vt 0.25 0.125
vt 0.25 0.125
vt 0.25 0.125
vt 0.25 0.125
vt 0.25 0.125
vt 0.25 0.125
vt 0.25 0.125
vt 0.25 0.125
vt 0.25 0.125
vt 0.25 0.125
vt 0.25 0.125
vt 0.25 0.125
vt 0.25 0.125
vt 0.25 0.125
vt 0.25 0.125
vt 0.25 0.125
vt 0.25 0.125
vt 0.25 0.125
vt 0.25 0.125
vt 0.25 0.125
vt 0.25 0.125
vt 0.25 0.125
vt 0.25 0.125
vt 0.25 0.125
vt 0.25 0.125
vt 0.25 0.125
vt 0.25 0.125
vt 0.25 0.125
vt 0.25 0.125
vt 0.25 0.125
vt 0.25 0.125
vt 0.25 0.125
vt 0.25 0.125
vt 0.25 0.125
vt 0.25 0.125
vt 0.25 0.125
vt 0.25 0.125
vt 0.25 0.125
vt 0.25 0.125
vt 0.25 0.125
vt 0.25 0.125
vt 0.25 0.125
vt 0.25 0.125
vt 0.25 0.125
vt 0.25 0.125
vt 0.25 0.125
vt 0.25 0.125
vt 0.25 0.125
vt 0.25 0.125
vt 0.25 0.125
vt 0.25 0.125
vt 0.25 0.125
vt 0.25 0.125
vt 0.25 0.125
vt 0.25 0.125
vt 0.25 0.125
vt 0.25 0.125
vt 0.25 0.125
vt 0.25 0.125
vt 0.25 0.125
vt 0.25 0.125
vt 0.25 0.125
vt 0.25 0.125
vt 0.25 0.125
vt 0.25 0.125
vt 0.25 0.125
vt 0.25 0.125
vt 0.25 0.125
vt 0.25 0.125
vt 0.25 0.125
vt 0.25 0.125
vt 0.25 0.125
vt 0.25 0.125
vt 0.25 0.125
vt 0.25 0.125
vt 0.25 0.125
vt 0.25 0.125
vt 0.25 0.125
vt 0.25 0.125
vt 0.25 0.125
vt 0.25 0.125
vt 0.25 0.125
vt 0.25 0.125
vt 0.25 0.125
vt 0.25 0.125
vt 0.25 0.125
vt 0.25 0.125
vt 0.25 0.125
vt 0.25 0.125
vt 0.25 0.125
vt 0.25 0.125
vt 0.25 0.125
vt 0.25 0.125
vt 0.25 0.125
vt 0.25 0.125
vt 0.25 0.125
vt 0.25 0.125
vt 0.25 0.125
vt 0.25 0.125
vt 0.25 0.125
vt 0.25 0.125
vt 0.25 0.125
vt 0.25 0.125
vt 0.25 0.125
vt 0.25 0.125
vt 0.25 0.125
vt 0.25 0.125
vt 0.25 0.125
vt 0.25 0.125
vt 0.25 0.125
vt 0.25 0.125
vt 0.25 0.125
vt 0.25 0.125
vt 0.25 0.125
vt 0.25 0.125
vt 0.25 0.125
vt 0.25 0.125
vt 0.25 0.125
vt 0.25 0.125
vt 0.25 0.125
vt 0.25 0.125
vt 0.25 0.125
vt 0.25 0.125
vt 0.25 0.125
vt 0.25 0.125
vt 0.25 0.125
vt 0.25 0.125
vt 0.25 0.125
vt 0.25 0.125
vt 0.25 0.125
vt 0.25 0.125
vt 0.25 0.125
vt 0.25 0.125
vt 0.25 0.125
vt 0.25 0.125
vt 0.25 0.125
vt 0.25 0.125
vt 0.25 0.125
vt 0.25 0.125
vt 0.25 0.125
vt 0.25 0.125
vt 0.25 0.125
vt 0.25 0.125
vt 0.25 0.125
vt 0.25 0.125
vt 0.25 0.125
vt 0.25 0.125
vt 0.25 0.125
vt 0.25 0.125
vt 0.25 0.125
vt 0.25 0.125
vt 0.25 0.125
vt 0.25 0.125
vt 0.25 0.125
vt 0.25 0.125
vt 0.25 0.125
vt 0.25 0.125
vt 0.25 0.125
vt 0.25 0.125
vt 0.25 0.125
vt 0.25 0.125
vt 0.25 0.125
vt 0.25 0.125
vt 0.25 0.125
vt 0.25 0.125
vt 0.25 0.125
vt 0.25 0.125
vt 0.25 0.125
vt 0.25 0.125
vt 0.25 0.125
vt 0.25 0.125
vt 0.25 0.125
vt 0.25 0.125
vt 0.25 0.125
vt 0.25 0.125
vt 0.25 0.125
vt 0.25 0.125
vt 0.25 0.125
vt 0.25 0.125
vt 0.25 0.125
vt 0.25 0.125
vt 0.25 0.125
vt 0.25 0.125
vt 0.25 0.125
vt 0.25 0.125
vt 0.25 0.125
vt 0.25 0.125
vt 0.25 0.125
vt 0.25 0.125
vt 0.25 0.125
vt 0.25 0.125
vt 0.25 0.125
vt 0.25 0.125
vt 0.25 0.125
vt 0.25 0.125
vt 0.25 0.125
vt 0.25 0.125
vt 0.25 0.125
vt 0.25 0.125
vt 0.25 0.125
vt 0.25 0.125
vt 0.25 0.125
vt 0.25 0.125
vt 0.25 0.125
vt 0.25 0.125
vt 0.25 0.125
vt 0.25 0.125
vt 0.25 0.125
vt 0.25 0.125
vt 0.25 0.125
vt 0.25 0.125
vt 0.25 0.125
vt 0.25 0.125
vt 0.25 0.125
vt 0.25 0.125
vt 0.25 0.40625
vt 0.25 0.40625
vt 0.25 0.40625
vt 0.25 0.40625
vt 0.25 0.40625
vt 0.25 0.40625
vt 0.25 0.40625
vt 0.25 0.40625
vt 0.25 0.40625
vt 0.25 0.40625
vt 0.25 0.40625
vt 0.25 0.40625
vt 0.25 0.40625
vt 0.25 0.40625
vt 0.25 0.40625
vt 0.25 0.40625
vt 0.25 0.40625
vt 0.25 0.40625
vt 0.25 0.40625
vt 0.25 0.40625
vt 0.25 0.40625
vt 0.25 0.40625
vt 0.25 0.40625
vt 0.25 0.40625
vt 0.25 0.40625
vt 0.25 0.40625
vt 0.25 0.40625
vt 0.25 0.40625
vt 0.25 0.40625
vt 0.25 0.40625
vt 0.25 0.40625
vt 0.25 0.40625
vt 0.25 0.40625
vt 0.25 0.40625
vt 0.25 0.40625
vt 0.25 0.40625
vt 0.25 0.40625
vt 0.25 0.40625
vt 0.25 0.40625
vt 0.25 0.40625
vt 0.25 0.40625
vt 0.25 0.40625
vt 0.25 0.40625
vt 0.25 0.40625
vt 0.25 0.40625
vt 0.25 0.40625
vt 0.25 0.40625
vt 0.25 0.40625
vt 0.25 0.40625
vt 0.25 0.40625
vt 0.25 0.40625
vt 0.25 0.40625
vt 0.25 0.40625
vt 0.25 0.40625
vt 0.25 0.40625
vt 0.25 0.40625
vt 0.25 0.40625
vt 0.25 0.40625
vt 0.25 0.40625
vt 0.25 0.40625
vt 0.25 0.40625
vt 0.25 0.40625
vt 0.25 0.40625
vt 0.25 0.40625
vt 0.25 0.40625
vt 0.25 0.40625
vt 0.25 0.40625
vt 0.25 0.40625
vt 0.25 0.40625
vt 0.25 0.40625
vt 0.25 0.40625
vt 0.25 0.40625
vt 0.25 0.40625
vt 0.25 0.40625
vt 0.25 0.40625
vt 0.25 0.40625
vt 0.25 0.40625
vt 0.25 0.40625
vt 0.25 0.40625
vt 0.25 0.40625
vt 0.25 0.40625
vt 0.25 0.40625
vt 0.25 0.40625
vt 0.25 0.40625
vt 0.25 0.40625
vt 0.25 0.40625
vt 0.25 0.40625
vt 0.25 0.40625
vt 0.25 0.40625
vt 0.25 0.40625
vt 0.25 0.40625
vt 0.25 0.40625
vt 0.25 0.40625
vt 0.25 0.40625
vt 0.25 0.40625
vt 0.25 0.40625
vt 0.25 0.40625
vt 0.25 0.40625
vt 0.25 0.40625
vt 0.25 0.40625
vt 0.25 0.40625
vt 0.25 0.40625
vt 0.25 0.40625
vt 0.25 0.40625
vt 0.25 0.40625
vt 0.25 0.40625
vt 0.25 0.40625
vt 0.25 0.40625
vt 0.25 0.40625
vt 0.25 0.40625
vt 0.25 0.40625
vt 0.25 0.40625
vt 0.25 0.40625
vt 0.25 0.40625
vt 0.25 0.40625
vt 0.25 0.40625
vt 0.25 0.40625
vt 0.25 0.40625
vt 0.25 0.40625
vt 0.25 0.40625
vt 0.25 0.40625
vt 0.25 0.40625
vt 0.25 0.40625
vt 0.25 0.40625
vt 0.25 0.40625
vt 0.25 0.40625
vt 0.25 0.40625
vt 0.25 0.40625
vt 0.25 0.40625
vt 0.25 0.40625
vt 0.25 0.40625
vt 0.25 0.40625
vt 0.25 0.40625
vt 0.25 0.40625
vt 0.25 0.40625
vt 0.25 0.40625
vt 0.25 0.125
vt 0.25 0.125
vt 0.25 0.125
vt 0.25 0.125
vt 0.25 0.125
vt 0.25 0.125
vt 0.25 0.125
vt 0.25 0.125
vt 0.25 0.125
vt 0.25 0.125
vt 0.25 0.125
vt 0.25 0.125
vt 0.25 0.125
vt 0.25 0.125
vt 0.25 0.125
vt 0.25 0.125
vt 0.25 0.125
vt 0.25 0.125
vt 0.25 0.125
vt 0.25 0.125
vt 0.25 0.125
vt 0.25 0.125
vt 0.25 0.125
vt 0.25 0.125
vt 0.25 0.125
vt 0.25 0.125
vt 0.25 0.125
vt 0.25 0.125
vt 0.25 0.125
vt 0.25 0.125
vt 0.25 0.125
vt 0.25 0.125
vt 0.25 0.125
vt 0.25 0.125
vt 0.25 0.125
vt 0.25 0.125
vt 0.25 0.125
vt 0.25 0.125
vt 0.25 0.125
vt 0.25 0.125
vt 0.25 0.125
vt 0.25 0.125
vt 0.25 0.125
vt 0.25 0.125
vt 0.25 0.125
vt 0.25 0.125
vt 0.25 0.125
vt 0.25 0.125
vt 0.25 0.40625
vt 0.25 0.40625
vt 0.25 0.40625
vt 0.25 0.40625
vt 0.25 0.40625
vt 0.25 0.40625
vt 0.25 0.40625
vt 0.25 0.40625
vt 0.25 0.40625
vt 0.25 0.40625
vt 0.25 0.40625
vt 0.25 0.40625
vt 0.25 0.40625
vt 0.25 0.40625
vt 0.25 0.40625
vt 0.25 0.40625
vt 0.25 0.40625
vt 0.25 0.40625
vt 0.25 0.40625
vt 0.25 0.40625
vt 0.25 0.40625
vt 0.25 0.40625
vt 0.25 0.40625
vt 0.25 0.40625
vt 0.25 0.40625
vt 0.25 0.40625
vt 0.25 0.40625
vt 0.25 0.40625
vt 0.25 0.40625
vt 0.25 0.40625
vt 0.25 0.40625
vt 0.25 0.40625
vt 0.25 0.40625
vt 0.25 0.40625
vt 0.25 0.40625
vt 0.25 0.40625
vt 0.25 0.40625
vt 0.25 0.40625
vt 0.25 0.40625
vt 0.25 0.40625
vt 0.25 0.40625
vt 0.25 0.40625
vt 0.25 0.40625
vt 0.25 0.40625
vt 0.25 0.40625
vt 0.25 0.40625
vt 0.25 0.40625
vt 0.25 0.40625
vt 0.25 0.40625
vt 0.25 0.40625
vt 0.25 0.40625
vt 0.25 0.40625
vt 0.25 0.40625
vt 0.25 0.40625
vt 0.25 0.40625
vt 0.25 0.40625
vt 0.25 0.40625
vt 0.25 0.40625
vt 0.25 0.40625
vt 0.25 0.40625
vt 0.25 0.40625
vt 0.25 0.40625
vt 0.25 0.40625
vt 0.25 0.40625
vt 0.25 0.40625
vt 0.25 0.40625
vt 0.25 0.40625
vt 0.25 0.40625
vt 0.25 0.40625
vt 0.25 0.40625
vt 0.25 0.40625
vt 0.25 0.40625
vt 0.25 0.40625
vt 0.25 0.40625
vt 0.25 0.40625
vt 0.25 0.40625
vt 0.25 0.40625
vt 0.25 0.40625
vt 0.25 0.40625
vt 0.25 0.40625
vt 0.25 0.40625
vt 0.25 0.40625
vt 0.25 0.40625
vt 0.25 0.40625
vt 0.25 0.40625
vt 0.25 0.40625
vt 0.25 0.40625
vt 0.25 0.40625
vt 0.25 0.40625
vt 0.25 0.40625
vt 0.25 0.40625
vt 0.25 0.40625
vt 0.25 0.40625
vt 0.25 0.40625
vt 0.25 0.40625
vt 0.25 0.40625
vt 0.25 0.40625
vt 0.25 0.40625
vt 0.25 0.40625
vt 0.25 0.40625
vt 0.25 0.40625
vt 0.25 0.40625
vt 0.25 0.40625
vt 0.25 0.40625
vt 0.25 0.40625
vt 0.25 0.40625
vt 0.25 0.40625
vt 0.25 0.40625
vt 0.25 0.40625
vt 0.25 0.40625
vt 0.25 0.40625
vt 0.25 0.40625
vt 0.25 0.40625
vt 0.25 0.40625
vt 0.25 0.40625
vt 0.25 0.40625
vt 0.25 0.40625
vt 0.25 0.40625
vt 0.25 0.40625
vt 0.25 0.40625
vt 0.25 0.40625
vt 0.25 0.40625
vt 0.25 0.40625
vt 0.25 0.40625
vt 0.25 0.40625
vt 0.25 0.40625
vt 0.25 0.40625
vt 0.25 0.40625
vt 0.25 0.40625
vt 0.25 0.40625
vt 0.25 0.40625
vt 0.25 0.40625
vt 0.25 0.40625
vt 0.25 0.40625
vt 0.25 0.40625
vt 0.25 0.40625
vt 0.25 0.40625
vt 0.25 0.40625
vt 0.25 0.40625
vt 0.25 0.40625
vt 0.25 0.40625
vt 0.25 0.40625
vt 0.25 0.40625
vt 0.25 0.40625
vt 0.25 0.40625
vt 0.25 0.40625
vt 0.25 0.40625
vt 0.25 0.40625
vt 0.25 0.40625
vt 0.25 0.40625
vt 0.25 0.40625
vt 0.25 0.40625
vt 0.25 0.40625
vt 0.25 0.40625
vt 0.25 0.40625
vt 0.25 0.40625
vt 0.25 0.40625
vt 0.25 0.40625
vt 0.25 0.40625
vt 0.25 0.40625
vt 0.25 0.40625
vt 0.25 0.40625
vt 0.25 0.40625
vt 0.25 0.40625
vt 0.25 0.40625
vt 0.25 0.40625
vt 0.25 0.40625
vt 0.25 0.40625
vt 0.25 0.40625
vt 0.25 0.40625
vt 0.25 0.40625
vt 0.25 0.40625
vt 0.25 0.40625
vt 0.25 0.40625
vt 0.25 0.40625
vt 0.25 0.40625
vt 0.25 0.40625
vt 0.25 0.40625
vt 0.25 0.40625
vt 0.25 0.40625
vt 0.25 0.40625
vt 0.25 0.40625
vt 0.25 0.40625
vt 0.25 0.40625
vt 0.25 0.40625
vt 0.25 0.40625
vt 0.25 0.40625
vt 0.25 0.40625
vt 0.25 0.40625
vt 0.25 0.40625
vt 0.25 0.40625
vt 0.25 0.40625
vt 0.25 0.40625
vt 0.25 0.40625
vt 0.25 0.40625
vt 0.25 0.40625
vt 0.25 0.40625
vt 0.25 0.40625
vt 0.25 0.40625
vt 0.25 0.40625
vt 0.25 0.40625
vt 0.25 0.40625
vt 0.25 0.40625
vt 0.25 0.40625
vt 0.25 0.40625
vt 0.25 0.40625
vt 0.25 0.40625
vt 0.25 0.40625
vt 0.25 0.40625
vt 0.25 0.40625
vt 0.25 0.40625
vt 0.25 0.40625
vt 0.25 0.40625
vt 0.25 0.40625
vt 0.25 0.40625
vt 0.25 0.40625
vt 0.25 0.40625
vt 0.25 0.40625
vt 0.25 0.40625
vt 0.25 0.40625
vt 0.25 0.40625
vt 0.25 0.40625
vt 0.25 0.40625
vt 0.25 0.40625
vt 0.25 0.40625
vt 0.25 0.40625
vt 0.25 0.40625
vt 0.25 0.40625
vt 0.25 0.40625
vt 0.25 0.40625
vt 0.25 0.40625
vt 0.25 0.40625
vt 0.25 0.40625
vt 0.25 0.40625
vt 0.25 0.40625
vt 0.25 0.40625
vt 0.25 0.40625
vt 0.25 0.40625
vt 0.25 0.40625
vt 0.25 0.40625
vt 0.25 0.40625
vt 0.25 0.40625
vt 0.25 0.40625
vt 0.25 0.40625
vt 0.25 0.40625
vt 0.25 0.40625
vt 0.25 0.40625
vt 0.25 0.40625
vt 0.25 0.40625
vt 0.25 0.40625
vt 0.25 0.40625
vt 0.25 0.40625
vt 0.25 0.40625
vt 0.25 0.40625
vt 0.25 0.40625
vt 0.25 0.40625
vt 0.25 0.40625
vt 0.25 0.40625
vt 0.25 0.40625
vt 0.25 0.40625
vt 0.25 0.40625
vt 0.25 0.40625
vt 0.25 0.40625
vt 0.25 0.40625
vt 0.25 0.40625
vt 0.25 0.40625
vt 0.25 0.40625
vt 0.25 0.40625
vt 0.25 0.40625
vt 0.25 0.40625
vt 0.25 0.40625
vt 0.25 0.40625
vt 0.25 0.40625
vt 0.25 0.40625
vt 0.25 0.40625
vt 0.25 0.40625
vt 0.25 0.40625
vt 0.25 0.40625
vt 0.25 0.40625
vt 0.25 0.40625
vt 0.25 0.40625
vt 0.25 0.40625
vt 0.25 0.40625
vt 0.25 0.40625
vt 0.25 0.40625
vt 0.25 0.40625
vt 0.25 0.40625
vt 0.25 0.40625
vt 0.25 0.40625
vt 0.25 0.40625
vt 0.25 0.40625
vt 0.25 0.40625
vt 0.25 0.40625
vt 0.25 0.40625
vt 0.25 0.40625
vt 0.25 0.40625
vt 0.25 0.40625
vt 0.25 0.40625
vt 0.25 0.40625
vt 0.25 0.40625
vt 0.25 0.40625
vt 0.25 0.40625
vt 0.25 0.40625
vt 0.25 0.40625
vt 0.25 0.40625
vt 0.25 0.40625
vt 0.25 0.40625
vt 0.25 0.40625
vt 0.25 0.40625
vt 0.25 0.40625
vt 0.25 0.40625
vt 0.25 0.40625
vt 0.25 0.40625
vt 0.25 0.40625
vt 0.25 0.40625
vt 0.25 0.40625
vt 0.25 0.40625
vt 0.25 0.40625
vt 0.25 0.40625
vt 0.25 0.40625
vt 0.25 0.40625
vt 0.25 0.40625
vt 0.25 0.40625
vt 0.25 0.40625
vt 0.25 0.40625
vt 0.25 0.40625
vt 0.25 0.40625
vt 0.25 0.40625
vt 0.25 0.40625
vt 0.25 0.40625
vt 0.25 0.40625
vt 0.25 0.40625
vt 0.25 0.40625
vt 0.25 0.40625
vt 0.25 0.40625
vt 0.25 0.40625
vt 0.25 0.40625
vt 0.25 0.40625
vt 0.25 0.40625
vt 0.25 0.40625
vt 0.25 0.40625
vt 0.25 0.40625
vt 0.25 0.40625
vt 0.25 0.40625
vt 0.25 0.40625
vt 0.25 0.40625
vt 0.25 0.40625
vn 0.9820665 0.1881176 -0.01253287
vn 0.1755407 0.9844587 0.005154925
vn 0.9852991 0.170836 0.0009177229
vn 0.1611266 0.9869314 -0.002145358
vn 0.8105332 0.1964968 -0.5517471
vn -0.1752755 0.984506 0.005156918
vn 0.10516 0.9918904 -0.07137731
vn 0.6260968 0.1865076 -0.7571114
vn -0.1776457 0.9840873 0.003764986
vn -0.9853441 0.1705759 0.0009180685
vn 0.09310711 0.9892733 -0.1125588
vn 0.3905093 0.1957961 -0.8995368
vn -0.2114183 0.9681576 0.1340646
vn -0.9865251 0.1622033 0.0214102
vn 0.05118953 0.9916958 -0.1179789
vn 0.009383273 0.181749 -0.9833002
vn -0.9865431 -0.1620933 0.02141351
vn -0.9838943 -0.1787446 -0.001500305
vn -0.1636566 -0.9864814 -0.008424666
vn -0.8335136 0.1627663 0.5279795
vn -0.1602931 0.9699442 0.183069
vn 0.001620482 0.9862601 -0.1651922
vn -0.009383271 0.181749 -0.9833002
vn -0.1775272 -0.9841086 0.003765647
vn 0.1639052 -0.9864401 -0.008421699
vn -0.8335138 -0.1627664 0.5279789
vn -0.6497612 0.1651102 0.7419899
vn -0.1021991 0.9708027 0.2170197
vn 0.1610142 -0.9869497 -0.002145636
vn 0.9838462 -0.1790098 -0.001499723
vn -0.211418 -0.9681576 0.1340652
vn -0.6497614 -0.1651102 0.7419897
vn -0.4202195 0.1634046 0.8925887
vn -0.003393768 0.9841841 0.1771161
vn -0.001620481 0.9862601 -0.1651922
vn -0.05118953 0.9916958 -0.1179788
vn -0.3905091 0.195796 -0.8995368
vn -0.09310714 0.9892735 -0.1125572
vn -0.6260968 0.1865077 -0.7571113
vn -0.1051599 0.9918907 -0.07137354
vn -0.8105334 0.1964971 -0.5517468
vn -0.1611262 0.9869315 -0.002145168
vn -0.9820664 0.1881181 -0.01253286
vn -0.1755402 0.9844587 0.005154926
vn -0.985299 0.1708365 0.0009177231
vn 0.1752754 0.984506 0.005156917
vn 0.1776456 0.9840873 0.003765017
vn 0.9853441 0.170576 0.0009180671
vn 0.2114179 0.9681574 0.1340667
vn 0.1602928 0.9699442 0.1830696
vn 0.9865251 0.1622034 0.02141016
vn 0.9865431 -0.1620933 0.02141349
vn 0.9838943 -0.1787446 -0.001500306
vn 0.1636565 -0.9864814 -0.00842467
vn 0.8335136 0.1627663 0.5279792
vn 0.1021991 0.9708028 0.2170189
vn 0.177527 -0.9841087 0.003765629
vn -0.1639049 -0.9864402 -0.0084217
vn 0.6497613 0.1651104 0.7419897
vn 0.8335139 -0.1627665 0.5279788
vn 0.003393763 0.9841841 0.1771161
vn -0.1610138 -0.9869497 -0.002145636
vn -0.9838462 -0.1790095 -0.001499722
vn 0.2114178 -0.9681576 0.1340652
vn 0.4202198 0.1634048 0.8925885
vn 0.6497613 -0.1651103 0.7419897
vn -0.01921763 0.1657974 0.9859725
vn 0.01921763 0.1657974 0.9859725
vn 0.4202203 -0.1634053 0.8925882
vn 0.1602926 -0.9699444 0.1830684
vn -0.1051598 -0.9918907 -0.07137485
vn 0.01921763 -0.1657975 0.9859725
vn -0.4202199 -0.1634048 0.8925885
vn 0.1021992 -0.9708034 0.2170167
vn -0.9820904 -0.1879926 -0.01253526
vn -0.09310693 -0.9892731 -0.1125597
vn -0.9820664 0.1881181 -0.01253286
vn -0.985299 0.1708365 0.0009177231
vn -0.8105327 -0.1964966 -0.551748
vn -0.8105334 0.1964971 -0.5517468
vn -0.626096 -0.1865071 -0.7571121
vn -0.6260968 0.1865077 -0.7571113
vn -0.05118947 -0.9916957 -0.1179802
vn -0.3905088 -0.1957958 -0.8995371
vn -0.3905091 0.195796 -0.8995368
vn 0.00339378 -0.9841838 0.1771175
vn -0.00938327 -0.1817487 -0.9833002
vn -0.009383271 0.181749 -0.9833002
vn 0.009383273 0.181749 -0.9833002
vn -0.001620482 -0.9862601 -0.1651918
vn 0.009383266 -0.1817486 -0.9833002
vn 0.3905093 0.1957961 -0.8995368
vn -0.003393762 -0.9841838 0.1771178
vn 0.3905089 -0.1957958 -0.899537
vn 0.6260968 0.1865076 -0.7571114
vn 0.001620479 -0.9862601 -0.1651917
vn 0.6260961 -0.1865073 -0.7571121
vn 0.8105332 0.1964968 -0.5517471
vn 0.05118947 -0.9916958 -0.1179795
vn -0.01921761 -0.1657974 0.9859725
vn -0.1021991 -0.9708029 0.2170184
vn 0.8105327 -0.1964967 -0.5517479
vn 0.9820665 0.1881176 -0.01253287
vn 0.09310698 -0.9892731 -0.1125599
vn -0.1602928 -0.9699444 0.183068
vn 0.1051598 -0.9918905 -0.07137518
vn 0.9820904 -0.1879929 -0.01253526
vn 0.9852991 0.170836 0.0009177229
vn 0.9838462 -0.1790098 -0.001499723
vn 0.9852991 0.170836 0.0009177229
vn 0.9910395 0.1274987 0.03980936
vn 0.9731857 -0.2182178 -0.07273629
vn 0.1639052 -0.9864401 -0.008421699
vn 0.9918087 0.1070169 0.06973402
vn 0.1595607 -0.936507 -0.312242
vn -0.1636566 -0.9864814 -0.008424666
vn 0.9737321 -0.1923789 -0.1218043
vn 0.9928529 0.06962156 0.09693303
vn -0.1595605 -0.936507 -0.3122421
vn -0.9838943 -0.1787446 -0.001500305
vn 0.1599956 -0.8337691 -0.5284226
vn 0.9700047 -0.1522585 -0.1894951
vn 0.99511 -0.0221021 0.09626853
vn -0.9731858 -0.2182172 -0.0727363
vn -0.9853441 0.1705759 0.0009180685
vn -0.1599955 -0.8337691 -0.5284226
vn 0.1553486 -0.621181 -0.7681152
vn 0.9617772 -0.1206561 -0.2458188
vn 0.9906207 -0.02833365 0.133671
vn -0.9910393 0.1274994 0.03980933
vn -0.1752755 0.984506 0.005156918
vn -0.9737319 -0.1923792 -0.1218043
vn -0.15495 -0.6213867 -0.7680294
vn 0.1591757 -0.289674 -0.9437966
vn 0.9645498 -0.1302254 -0.229532
vn 0.7827033 -0.5648457 0.2613905
vn -0.1839436 0.9384183 0.2924654
vn 0.1755407 0.9844587 0.005154925
vn -0.9918088 0.1070162 0.069734
vn -0.9705238 -0.1518139 -0.1871793
vn -0.176634 -0.2740936 -0.9453429
vn 0.137743 -0.2869347 -0.9479955
vn 0.7610702 -0.637725 -0.1186549
vn 0.5507559 -0.7559346 0.3538798
vn 0.1839437 0.9384181 0.2924655
vn 0.9852991 0.170836 0.0009177229
vn 0.9910395 0.1274987 0.03980936
vn -0.1890318 0.8233238 0.5351682
vn 0.1890319 0.823324 0.5351679
vn 0.9918087 0.1070169 0.06973402
vn 0.5420415 -0.8402582 -0.01253678
vn 0.3294841 -0.8501969 0.410616
vn 0.1135886 -0.3594339 -0.9262316
vn -0.9927022 0.07046703 0.09786042
vn 0.1930004 0.5705037 0.7982959
vn 0.9928529 0.06962156 0.09693303
vn -0.1937105 0.5711242 0.79768
vn 0.3269243 -0.9435211 0.05374608
vn 0.1315603 -0.8853487 0.4459256
vn -0.9907719 0.01269648 -0.1349437
vn 0.1767859 0.2707637 0.9462736
vn 0.99511 -0.0221021 0.09626853
vn -0.9740909 0.1119903 0.1964814
vn -0.1932645 0.2891975 0.9375573
vn -0.2387824 -0.2572088 -0.9363902
vn 0.131842 0.2700197 0.9537857
vn 0.9906207 -0.02833365 0.133671
vn -0.9940258 0.04803371 -0.09800715
vn -0.9679642 0.1394423 0.2088092
vn -0.224229 0.2909667 0.9300858
vn -0.1726561 -0.1397683 -0.9750152
vn 0.09820792 0.2022433 0.9743987
vn 0.7827033 -0.5648457 0.2613905
vn -0.7810815 0.5767025 -0.2394286
vn -0.7481585 0.6600711 0.06756404
vn -0.1796399 0.4143465 0.8922143
vn 0.08485948 -0.4044294 -0.9106238
vn 0.08180377 0.1696045 0.9821113
vn 0.5507559 -0.7559346 0.3538798
vn -0.1135175 -0.1120535 -0.9871969
vn -0.5474012 0.7653717 -0.3384642
vn -0.5312371 0.8470098 -0.01901476
vn -0.117219 0.4519151 0.884326
vn 0.05249632 -0.4234522 -0.9043962
vn 0.05161373 0.1461192 0.9879196
vn 0.3294841 -0.8501969 0.410616
vn -0.07376979 -0.09903612 -0.9923456
vn -0.3706421 0.8407421 -0.394686
vn -0.3655247 0.9280353 -0.07171081
vn -0.07967224 0.4637138 0.8823954
vn 0.1319889 -0.9863207 0.09874479
vn 0.07419267 -0.8904479 0.4489969
vn 0.02002504 0.1355753 0.9905647
vn 0.1315603 -0.8853487 0.4459256
vn 0.02180892 -0.4303954 -0.9023769
vn 0.07332873 -0.9916891 0.1057152
vn -0.07419273 -0.8904479 0.4489968
vn -0.03025027 0.4650058 0.8847907
vn -0.146834 0.9826282 -0.113497
vn 0.01253206 0.1302597 0.9914007
vn 0.07419267 -0.8904479 0.4489969
vn -0.02733619 -0.09871829 -0.9947399
vn -0.1472596 0.8873719 -0.4369048
vn -0.01422881 0.4572634 0.8892174
vn -0.01253237 0.1302601 0.9914007
vn -0.07419273 -0.8904479 0.4489968
vn -0.1315605 -0.8853489 0.4459252
vn 0.01116219 -0.4331254 -0.9012645
vn -0.07701033 0.9904277 -0.1145523
vn -0.01474258 -0.1035505 -0.9945149
vn -0.07677393 0.8934913 -0.4424692
vn 0.01422864 0.4572643 0.889217
vn -0.02002556 0.1355754 0.9905647
vn -0.3294841 -0.8501975 0.4106147
vn -0.07332867 -0.9916891 0.1057149
vn 0.07701034 0.9904279 -0.114552
vn -0.01116206 -0.4331249 -0.9012648
vn 0.0147427 -0.1035505 -0.9945149
vn 0.07677405 0.8934919 -0.4424683
vn -0.05161437 0.1461185 0.9879197
vn -0.5507559 -0.7559347 0.3538795
vn 0.03025009 0.4650069 0.8847902
vn 0.146834 0.9826282 -0.113497
vn 0.1472597 0.8873724 -0.4369035
vn 0.02733628 -0.09871812 -0.9947399
vn -0.08180387 0.1696043 0.9821113
vn -0.7827032 -0.5648451 0.2613917
vn 0.07967181 0.4637132 0.8823959
vn 0.3655245 0.9280353 -0.07171161
vn -0.09820752 0.2022431 0.9743988
vn -0.9906207 -0.02833363 0.1336706
vn 0.1172186 0.4519136 0.8843268
vn 0.3706418 0.8407422 -0.3946863
vn -0.02180884 -0.4303948 -0.9023772
vn -0.131842 0.2700198 0.9537856
vn -0.99511 -0.02210211 0.09626807
vn 0.5312371 0.8470098 -0.01901371
vn 0.1796403 0.4143455 0.8922147
vn 0.07376941 -0.09903625 -0.9923458
vn -0.1319889 -0.9863207 0.09874409
vn -0.1315605 -0.8853489 0.4459252
vn -0.176786 0.2707639 0.9462736
vn -0.9928529 0.06962161 0.09693298
vn 0.2242295 0.2909665 0.9300858
vn 0.7481586 0.660071 0.06756565
vn 0.5474007 0.7653722 -0.338464
vn -0.05249653 -0.4234524 -0.9043959
vn -0.326924 -0.9435211 0.05374556
vn -0.3294841 -0.8501975 0.4106147
vn 0.1135167 -0.1120545 -0.9871969
vn 0.7810816 0.5767026 -0.2394279
vn 0.9679642 0.1394424 0.2088091
vn -0.08485983 -0.4044306 -0.9106233
vn -0.5420413 -0.8402583 -0.01253562
vn -0.5507559 -0.7559347 0.3538795
vn 0.1726556 -0.1397683 -0.9750153
vn -0.1135888 -0.359434 -0.9262315
vn -0.7610701 -0.6377254 -0.1186534
vn -0.7827032 -0.5648451 0.2613917
vn 0.9940258 0.048034 -0.09800695
vn 0.1932648 0.2891974 0.9375572
vn 0.2387826 -0.2572088 -0.9363902
vn -0.1377432 -0.2869346 -0.9479955
vn -0.96455 -0.1302253 -0.2295318
vn -0.9906207 -0.02833363 0.1336706
vn 0.9740911 0.1119904 0.1964813
vn -0.1930003 0.5705039 0.7982958
vn -0.9918087 0.107017 0.069734
vn 0.9907719 0.01269678 -0.1349435
vn 0.1766341 -0.2740936 -0.9453428
vn -0.1591759 -0.2896739 -0.9437966
vn -0.9617772 -0.120656 -0.2458186
vn -0.99511 -0.02210211 0.09626807
vn 0.1937105 0.571124 0.7976801
vn -0.1890319 0.8233238 0.5351679
vn -0.9910395 0.1274988 0.03980939
vn 0.9927022 0.070467 0.09786045
vn 0.9705238 -0.1518137 -0.1871791
vn 0.15495 -0.6213864 -0.7680296
vn -0.1553486 -0.6211808 -0.7681154
vn -0.9700047 -0.1522586 -0.1894951
vn -0.9928529 0.06962161 0.09693298
vn -0.1839438 0.9384181 0.2924656
vn -0.985299 0.1708365 0.0009177231
vn -0.1755402 0.9844587 0.005154926
vn -0.9737321 -0.1923786 -0.1218043
vn -0.9918087 0.107017 0.069734
vn -0.1599956 -0.8337691 -0.5284227
vn 0.1599956 -0.8337691 -0.5284227
vn 0.1890319 0.8233237 0.5351682
vn 0.1839435 0.9384183 0.2924655
vn 0.1752754 0.984506 0.005156917
vn 0.9918088 0.1070156 0.06973404
vn 0.9737319 -0.1923794 -0.1218043
vn 0.9910395 0.1274987 0.03980936
vn 0.9853441 0.170576 0.0009180671
vn 0.9731857 -0.2182177 -0.07273624
vn 0.9838943 -0.1787446 -0.001500306
vn 0.1595606 -0.936507 -0.3122421
vn 0.1636565 -0.9864814 -0.00842467
vn -0.1595605 -0.936507 -0.312242
vn -0.1639049 -0.9864402 -0.0084217
vn -0.9731857 -0.2182177 -0.07273623
vn -0.9838462 -0.1790095 -0.001499722
vn -0.9910395 0.1274988 0.03980939
vn -0.985299 0.1708365 0.0009177231
vn 0.1704421 -0.007901055 -0.985336
vn 0.9853425 -0.007899323 -0.1704045
vn 0.9871377 -0.002009318 -0.15986
vn 0.1872423 -0.01167725 -0.9822444
vn -0.1704421 -0.007901061 -0.985336
vn 0.9926525 -0.07387491 -0.09582983
vn -0.1872423 -0.01167724 -0.9822444
vn -0.9853425 -0.00789933 -0.1704045
vn 0.1920221 -0.6000029 -0.7766107
vn 0.9929304 -0.0990105 -0.06546985
vn -0.9871377 -0.002009356 -0.15986
vn -0.9853908 -0.007902507 0.170125
vn 0.1924171 -0.8187494 -0.5409483
vn 0.9928163 -0.1149527 -0.03318926
vn -0.1920224 -0.6000027 -0.7766107
vn -0.9841398 0.003086201 0.1773675
vn -0.1701619 -0.007904206 0.9853844
vn 0.186928 -0.9440475 -0.2717206
vn 0.9860772 -0.1662843 -0.001169194
vn -0.9926524 -0.07387596 -0.09583012
vn -0.1924177 -0.8187491 -0.5409484
vn -0.159145 0.01762221 0.9870979
vn 0.1701619 -0.007904206 0.9853844
vn 0.1768072 -0.9842224 -0.006746592
vn 0.9894031 -0.1451899 0.001135105
vn -0.9697021 0.1255181 0.2095785
vn -0.9929304 -0.09901041 -0.06547006
vn -0.1869289 -0.9440475 -0.2717203
vn 0.159145 0.01762224 0.9870979
vn 0.9853908 -0.007902507 0.170125
vn 0.1800102 -0.9836363 0.007477128
vn 0.9903544 -0.1298252 0.04840998
vn -0.1588945 0.5072677 0.8470135
vn -0.9699754 0.1878916 0.1544165
vn -0.9928166 -0.1149506 -0.03319099
vn -0.1751217 -0.9845235 -0.006759904
vn 0.9841398 0.003086251 0.1773675
vn 0.9853425 -0.007899323 -0.1704045
vn 0.9871377 -0.002009318 -0.15986
vn 0.1900235 -0.9200309 0.3426866
vn 0.9895777 -0.1168032 0.08422118
vn -0.1767107 -0.984235 0.007415563
vn -0.9856602 -0.1687385 -0.001181289
vn 0.1588943 0.5072678 0.8470135
vn 0.969702 0.125519 0.2095784
vn 0.9926525 -0.07387491 -0.09582983
vn 0.1874247 -0.7968736 0.5743383
vn 0.9883105 -0.1034235 0.1120097
vn -0.1853928 -0.9209757 0.3426851
vn -0.1579765 0.7628658 0.6269602
vn 0.1579767 0.7628657 0.6269603
vn 0.9699755 0.1878912 0.1544164
vn 0.9929304 -0.0990105 -0.06546985
vn 0.1820043 -0.6674722 0.7220495
vn 0.9909799 -0.06141072 0.1191114
vn -0.9705727 0.2270615 0.08019841
vn -0.159193 0.9306654 0.3294227
vn 0.1591928 0.9306654 0.3294232
vn 0.9705729 0.2270599 0.08020085
vn 0.9928163 -0.1149527 -0.03318926
vn -0.9837774 0.179381 0.002125641
vn -0.1660754 0.9860427 0.01178024
vn 0.16455 0.9862985 0.01176632
vn 0.9833245 0.1818473 0.002109734
vn 0.9860772 -0.1662843 -0.001169194
vn -0.988913 -0.1484913 0.001169883
vn -0.9780322 0.2084232 -0.003559885
vn -0.1614743 0.9867256 -0.01728534
vn 0.160735 0.9868438 -0.01742718
vn 0.9775572 0.2106386 -0.003652603
vn 0.9894031 -0.1451899 0.001135105
vn -0.9897489 -0.1338558 0.04979713
vn -0.9784958 0.189977 -0.0803422
vn -0.1655499 0.908536 -0.3836088
vn 0.1603705 0.9092198 -0.3841884
vn 0.9775985 0.193882 -0.08191931
vn 0.9903544 -0.1298252 0.04840998
vn -0.1835029 -0.7976122 0.5745793
vn -0.9891593 -0.1192738 0.08566042
vn -0.9781674 0.1742675 -0.1132234
vn -0.1651081 0.827004 -0.5374045
vn 0.160996 0.8274424 -0.537977
vn 0.9775394 0.1766849 -0.1148871
vn 0.9895777 -0.1168032 0.08422118
vn -0.1798456 -0.6678552 0.7222361
vn -0.9881086 -0.1044859 0.1128011
vn -0.9794419 0.147097 -0.1380429
vn -0.1639602 0.7190779 -0.6753103
vn 0.1615984 0.7192327 -0.6757146
vn 0.9791219 0.1481571 -0.1391757
vn 0.9883105 -0.1034235 0.1120097
vn 0.1775073 -0.4509037 0.8747439
vn 0.9931602 -0.05766477 0.1015256
vn 0.1925071 -0.4506509 0.8716965
vn -0.1775495 -0.4509021 0.8747362
vn -0.1924914 -0.4506527 0.871699
vn -0.990989 -0.06138434 0.119049
vn -0.9931639 -0.05765011 0.1014989
vn -0.9750151 0.1033951 -0.1966086
vn -0.9654489 0.1094772 -0.2364807
vn -0.1630104 0.4593545 -0.8731673
vn -0.1313904 0.4495454 -0.8835415
vn 0.163012 0.4593476 -0.8731706
vn 0.1313631 0.4495467 -0.8835449
vn 0.9750211 0.1033812 -0.1965863
vn 0.9654568 0.1094617 -0.2364557
vn 0.9909799 -0.06141072 0.1191114
vn 0.9931602 -0.05766477 0.1015256
vn 0.1026869 -0.9947137 0
vn 0.1026869 -0.9947137 0
vn -0.1026868 -0.9947137 0
vn -0.1026868 -0.9947137 0
vn -0.9947132 -0.1026913 0
vn -0.9947132 -0.1026913 0
vn -0.9947132 0.1026906 0
vn -0.9947132 0.1026906 0
vn -0.1026939 0.994713 0
vn -0.1026939 0.994713 0
vn 0.102694 0.9947129 0
vn 0.102694 0.9947129 0
vn 0.9947135 0.1026894 0
vn 0.9947135 0.1026894 0
vn 0.9947134 -0.1026901 0
vn 0.9947134 -0.1026901 0
vn 0.1026869 -0.9947137 0
vn 0.1026869 -0.9947137 0
vn 0 0.9680269 -0.2508465
vn 0 0.9680269 -0.2508465
vn 0 0.9680269 -0.2508465
vn 0 0.9680269 -0.2508465
vn 0 -0.2508475 -0.9680266
vn 0 -0.2508475 -0.9680266
vn 0 -0.2508475 -0.9680266
vn 0 -0.2508475 -0.9680266
vn -0.1704421 -0.007901056 -0.985336
vn -0.9871377 -0.002009345 -0.15986
vn -0.9853425 -0.007899323 -0.1704044
vn -0.1872423 -0.01167726 -0.9822444
vn 0.1704421 -0.007901061 -0.985336
vn -0.9926525 -0.07387511 -0.09582992
vn 0.1872423 -0.01167725 -0.9822444
vn 0.9853425 -0.007899328 -0.1704044
vn -0.1920223 -0.6000028 -0.7766106
vn -0.9929304 -0.09901021 -0.06546976
vn 0.9871377 -0.002009379 -0.15986
vn 0.9853908 -0.007902506 0.1701248
vn -0.1924175 -0.8187493 -0.5409483
vn -0.9928164 -0.1149524 -0.03318926
vn 0.192022 -0.6000027 -0.7766108
vn 0.9841399 0.003086193 0.1773672
vn 0.1701618 -0.007904208 0.9853844
vn -0.1869282 -0.9440475 -0.2717207
vn -0.9860772 -0.1662843 -0.001169186
vn 0.9926524 -0.0738756 -0.09583023
vn 0.1924175 -0.8187492 -0.5409485
vn 0.1591449 0.01762222 0.9870979
vn -0.1701618 -0.007904208 0.9853844
vn -0.1768073 -0.9842224 -0.006746562
vn -0.9894031 -0.14519 0.001135128
vn 0.9697021 0.1255182 0.2095783
vn 0.9929304 -0.09901074 -0.06547014
vn 0.1869286 -0.9440476 -0.2717203
vn -0.1591449 0.01762223 0.9870979
vn -0.9853908 -0.007902506 0.1701248
vn -0.1800103 -0.9836363 0.007477184
vn -0.9903544 -0.1298249 0.04841024
vn 0.1588944 0.5072678 0.8470135
vn 0.9699755 0.1878912 0.1544166
vn 0.9928164 -0.1149512 -0.03319097
vn 0.1751219 -0.9845235 -0.006759873
vn -0.9841399 0.00308623 0.1773673
vn -0.9853425 -0.007899323 -0.1704044
vn -0.9871377 -0.002009345 -0.15986
vn -0.1588943 0.5072679 0.8470135
vn -0.969702 0.1255189 0.2095783
vn -0.9926525 -0.07387511 -0.09582992
vn 0.1579766 0.7628657 0.6269604
vn 0.9705729 0.2270606 0.08019857
vn 0.9856601 -0.1687386 -0.00118128
vn -0.9699755 0.1878913 0.1544164
vn -0.9929304 -0.09901021 -0.06546976
vn -0.1579765 0.7628657 0.6269603
vn 0.1591934 0.9306654 0.329423
vn -0.9705729 0.2270596 0.08020069
vn -0.9928164 -0.1149524 -0.03318926
vn -0.1591928 0.9306654 0.3294233
vn 0.9837775 0.1793806 0.002125639
vn 0.1767109 -0.9842349 0.007415596
vn -0.9833245 0.1818473 0.00210975
vn -0.9860772 -0.1662843 -0.001169186
vn -0.1645501 0.9862985 0.01176635
vn 0.1660755 0.9860427 0.01178025
vn 0.988913 -0.1484916 0.001169887
vn -0.1900242 -0.9200307 0.3426868
vn -0.9895777 -0.1168029 0.08422126
vn -0.9775572 0.2106385 -0.003652565
vn -0.9894031 -0.14519 0.001135128
vn -0.1607351 0.9868436 -0.01742716
vn 0.9780324 0.2084229 -0.003559907
vn 0.1614743 0.9867256 -0.01728537
vn 0.1853928 -0.9209759 0.3426848
vn -0.1874249 -0.7968735 0.5743383
vn -0.9883105 -0.1034234 0.1120096
vn -0.9775985 0.1938821 -0.08191921
vn -0.9903544 -0.1298249 0.04841024
vn -0.1603705 0.9092199 -0.3841881
vn 0.1655497 0.9085361 -0.3836087
vn 0.9784957 0.1899773 -0.08034239
vn -0.1820044 -0.6674716 0.7220499
vn -0.9909799 -0.06141046 0.1191114
vn -0.9775394 0.1766852 -0.1148872
vn -0.9895777 -0.1168029 0.08422126
vn -0.160996 0.8274426 -0.5379767
vn 0.1651079 0.8270042 -0.5374044
vn -0.9791219 0.1481569 -0.139176
vn -0.9883105 -0.1034234 0.1120096
vn -0.1615987 0.7192326 -0.6757146
vn -0.975021 0.1033814 -0.1965863
vn -0.9909799 -0.06141046 0.1191114
vn -0.9654568 0.109462 -0.2364556
vn -0.9931602 -0.05766452 0.1015257
vn -0.1313631 0.4495468 -0.8835447
vn -0.1630121 0.4593477 -0.8731706
vn 0.1313904 0.4495454 -0.8835415
vn 0.1630104 0.4593545 -0.8731673
vn 0.9654489 0.1094771 -0.2364807
vn 0.1639603 0.7190779 -0.6753103
vn 0.9750151 0.103395 -0.1966086
vn 0.9931639 -0.05765026 0.1014987
vn 0.9794419 0.1470969 -0.138043
vn 0.990989 -0.06138449 0.1190488
vn 0.1924916 -0.4506528 0.8716989
vn 0.9781673 0.1742676 -0.1132236
vn 0.1775497 -0.4509021 0.8747362
vn -0.1925071 -0.4506507 0.8716966
vn 0.9881086 -0.1044859 0.112801
vn 0.9891593 -0.1192736 0.08566036
vn -0.1775074 -0.4509035 0.874744
vn -0.9931602 -0.05766452 0.1015257
vn 0.1798455 -0.6678546 0.7222367
vn 0.183503 -0.7976122 0.5745794
vn 0.9897489 -0.1338555 0.04979719
vn -0.1026869 -0.9947137 0
vn 0.1026868 -0.9947137 0
vn -0.1026869 -0.9947137 0
vn 0.1026868 -0.9947137 0
vn 0.9947132 -0.1026913 0
vn 0.9947132 -0.1026913 0
vn 0.9947132 0.1026906 0
vn 0.9947132 0.1026906 0
vn 0.1026939 0.994713 0
vn 0.1026939 0.994713 0
vn -0.102694 0.9947129 0
vn -0.102694 0.9947129 0
vn -0.9947135 0.1026894 0
vn -0.9947135 0.1026894 0
vn -0.9947134 -0.1026901 0
vn -0.9947134 -0.1026901 0
vn -0.1026869 -0.9947137 0
vn -0.1026869 -0.9947137 0
vn 0 -0.9680269 0.2508465
vn 0 -0.9680269 0.2508465
vn 0 -0.9680269 0.2508465
vn 0 -0.9680269 0.2508465
vn 0 0.2508487 0.9680263
vn 0 0.2508487 0.9680263
vn 0 0.2508487 0.9680263
vn 0 0.2508487 0.9680263
vn -1 0 0
vn -1 0 0
vn -1 0 0
vn -1 0 0
vn -1 0 0
vn -1 0 0
vn -1 0 0
vn -1 0 0
vn 1 4.715985E-07 0
vn 1 4.715985E-07 0
vn 1 4.715985E-07 0
vn 1 4.715985E-07 0
vn 1 4.715985E-07 0
vn 1 4.715984E-07 0
vn 1 4.715985E-07 0
vn 1 4.715985E-07 0
vn 0 0.8618688 0.5071313
vn 0 0.8618688 0.5071313
vn 0 0.8618688 0.5071313
vn 0 0.8618688 0.5071313
vn 0 0.5071146 -0.8618786
vn 0 0.5071146 -0.8618786
vn 0 0.5071146 -0.8618786
vn 0 0.5071146 -0.8618786
vn 0 -0.5071287 0.8618703
vn 0 -0.5071287 0.8618703
vn 0 -0.5071287 0.8618703
vn 0 -0.5071287 0.8618703
vn 0 -0.8618795 -0.5071132
vn 0 -0.8618795 -0.5071132
vn 0 -0.8618795 -0.5071132
vn 0 -0.8618795 -0.5071132
vn -0.2838335 -0.1352945 -0.9492807
vn -0.2327019 -0.08107027 -0.9691632
vn -0.5099965 0.05868666 -0.8581721
vn -0.04967042 -0.1277812 -0.9905578
vn -0.1060769 -0.2338667 -0.9664648
vn -0.0183576 -0.1110089 -0.9936499
vn -0.4044092 -0.2364648 -0.8834804
vn -0.01346891 -0.211676 -0.9772471
vn -0.007703951 -0.1352054 -0.9907877
vn -0.1292187 -0.270785 -0.9539276
vn -0.3609483 -0.2518815 -0.8979266
vn -0.004018152 -0.2127703 -0.977094
vn 0.00770397 -0.1352052 -0.9907877
vn -0.1324474 -0.2747377 -0.9523533
vn -0.3323627 -0.2531756 -0.9085357
vn -0.02760606 -0.2665442 -0.9634273
vn -0.1210387 -0.2784632 -0.9527895
vn -0.3111885 -0.2491323 -0.9171122
vn -0.03738368 -0.2784172 -0.9597325
vn -0.001766313 -0.2595223 -0.9657354
vn 0.004018145 -0.2127703 -0.977094
vn -0.08559539 -0.321494 -0.9430351
vn -0.367237 -0.2576407 -0.8937328
vn -0.1904807 -0.4173868 -0.8885412
vn -0.119661 -0.4708646 -0.8740525
vn -0.4616279 -0.7004133 -0.5443537
vn -0.007648724 -0.463221 -0.8862098
vn -0.0104582 -0.3538289 -0.9352517
vn -1.938894E-05 -0.4530757 -0.891472
vn -0.02981668 -0.2950681 -0.9550108
vn -0.001637269 -0.3625858 -0.931949
vn 0 -0.4520497 -0.8919927
vn -0.004248149 -0.2760677 -0.9611288
vn -0.00455879 -0.3038369 -0.9527132
vn 0.001637269 -0.3625858 -0.931949
vn 0 -0.4520497 -0.8919927
vn 1.939063E-05 -0.4530758 -0.891472
vn 0.001766351 -0.2595223 -0.9657354
vn 0.004558805 -0.3038369 -0.9527132
vn 0.004248199 -0.2760678 -0.9611288
vn 0.0104582 -0.3538289 -0.9352517
vn 0.007648716 -0.463221 -0.8862097
vn 0.02981673 -0.2950683 -0.9550108
vn 0.03738378 -0.2784173 -0.9597324
vn 0.02760611 -0.2665442 -0.9634273
vn 0.08559535 -0.321494 -0.9430351
vn 0.119661 -0.4708645 -0.8740525
vn 0.1210389 -0.2784633 -0.9527895
vn 0.1904807 -0.4173871 -0.8885411
vn 0.4616268 -0.7004158 -0.5443513
vn 0.3672371 -0.2576407 -0.8937327
vn 0.3111888 -0.2491323 -0.9171121
vn 0.332363 -0.2531756 -0.9085356
vn 0.1324476 -0.2747377 -0.9523533
vn 0.3609483 -0.2518816 -0.8979265
vn 0.1292187 -0.270785 -0.9539276
vn 0.404409 -0.2364649 -0.8834804
vn 0.01346887 -0.211676 -0.9772471
vn 0.0183576 -0.1110084 -0.9936499
vn 0.1060769 -0.2338668 -0.9664648
vn 0.04967052 -0.1277809 -0.9905579
vn 0.2838331 -0.1352945 -0.9492809
vn 0.2327021 -0.08106992 -0.9691632
vn 0.5099952 0.05868709 -0.858173
vn -0.1206923 -0.9656188 0.2302469
vn -0.2115517 -0.9633044 0.1651983
vn -0.1586909 -0.9703793 0.1821573
vn -0.07905033 -0.9958397 0.04532392
vn -0.01086982 -0.9818989 0.1890935
vn -0.2834442 -0.9588244 0.0177556
vn -0.0006991556 -0.9831754 0.1826626
vn -0.1056017 -0.9943988 0.004412496
vn -0.2533938 -0.967363 -0.0006640878
vn -0.01101656 -0.9969745 0.07694469
vn -0.1121098 -0.9936957 -0.0005641765
vn -0.2400569 -0.9707586 -0.0007672625
vn -0.00156663 -0.9961056 0.08815408
vn 0 -0.9827074 0.1851653
vn -0.02981693 -0.9994136 0.01683331
vn -0.1047969 -0.9944797 -0.005264608
vn -0.2362373 -0.971695 0.0008557407
vn 0.00156663 -0.9961056 0.08815403
vn 0 -0.9827074 0.1851652
vn 0.0006991469 -0.9831754 0.1826626
vn -0.03762575 -0.9992908 -0.001498162
vn -0.08642913 -0.995471 -0.03959052
vn -0.2308754 -0.9726533 -0.02534433
vn -0.05365191 -0.9938764 -0.09659859
vn -0.2032942 -0.9744368 -0.09562571
vn -0.02744045 -0.9994614 -0.01799895
vn -0.1653847 -0.9628065 -0.2136624
vn -0.18733 -0.9710861 -0.1479838
vn -0.06710915 -0.9814301 -0.1796981
vn -0.05325061 -0.9808201 -0.1875004
vn -0.01355007 -0.9979022 -0.06330709
vn -0.01105055 -0.9947844 -0.1013991
vn -0.02157138 -0.9801823 -0.1969197
vn -0.00391332 -0.9835775 -0.1804437
vn -0.001546365 -0.9952242 -0.09760425
vn 0.003913317 -0.9835775 -0.1804438
vn -0.000574412 -0.9976373 -0.06870012
vn 0.001546366 -0.9952242 -0.09760435
vn -0.001680102 -0.9996176 -0.02760108
vn 0.01105056 -0.9947844 -0.1013993
vn 0.02157139 -0.9801822 -0.19692
vn 0.05325058 -0.9808201 -0.1875003
vn 0.05365191 -0.9938764 -0.09659862
vn 0.06710909 -0.9814301 -0.1796979
vn 0.1653847 -0.9628065 -0.2136623
vn 0.000574412 -0.9976373 -0.06870013
vn 0.01355007 -0.9979022 -0.06330714
vn -0.004267348 -0.9999801 -0.004652828
vn 0.2032943 -0.9744368 -0.09562547
vn 0.18733 -0.9710861 -0.1479838
vn 0.2308754 -0.9726533 -0.0253442
vn 0.08642913 -0.995471 -0.03959047
vn 0.001680102 -0.9996176 -0.02760109
vn 0.02744045 -0.9994614 -0.01799897
vn 0.1047969 -0.9944797 -0.005264619
vn 0.2362373 -0.971695 0.000855741
vn -0.004361672 -0.9996541 0.02593781
vn 0.004267349 -0.9999801 -0.004652828
vn 0.03762575 -0.9992908 -0.001498162
vn 0.1121098 -0.9936957 -0.0005641761
vn 0.2400569 -0.9707586 -0.0007672652
vn 0.004361672 -0.9996541 0.0259378
vn 0.02981693 -0.9994136 0.01683329
vn 0.1056017 -0.9943988 0.004412481
vn 0.2533937 -0.967363 -0.0006640993
vn 0.07905032 -0.9958397 0.04532385
vn 0.2834442 -0.9588244 0.01775567
vn 0.2115516 -0.9633043 0.1651987
vn 0.01101656 -0.9969745 0.07694457
vn 0.01086984 -0.9818989 0.1890935
vn 0.1206923 -0.9656187 0.2302471
vn 0.1586908 -0.9703792 0.1821576
vn 0.1530093 -0.9763075 0.1530092
vn 0.9853908 -0.007902507 0.170125
vn 0.9853425 -0.007899323 -0.1704045
vn 0.1701619 -0.007904206 0.9853844
vn 0.1530092 -0.9763075 -0.1530091
vn 0.1704421 -0.007901055 -0.985336
vn -0.1704421 -0.007901061 -0.985336
vn -0.1530093 -0.9763075 0.1530092
vn -0.1701619 -0.007904206 0.9853844
vn -0.9853908 -0.007902507 0.170125
vn -0.1530092 -0.9763075 -0.1530091
vn -0.9853425 -0.00789933 -0.1704045
vn 0.9654568 0.1094617 -0.2364557
vn 0.1656558 -0.9808997 0.1019509
vn 0.9931602 -0.05766477 0.1015256
vn 0.1925071 -0.4506509 0.8716965
vn 0.1301905 -0.9836568 -0.1243774
vn 0.1313631 0.4495467 -0.8835449
vn -0.1313904 0.4495454 -0.8835415
vn -0.165656 -0.9808996 0.1019509
vn -0.1924914 -0.4506527 0.871699
vn -0.9931639 -0.05765011 0.1014989
vn -0.1301907 -0.9836568 -0.1243774
vn -0.9654489 0.1094772 -0.2364807
vn -0.1530093 -0.9763075 0.1530092
vn -0.9853425 -0.007899323 -0.1704044
vn -0.9853908 -0.007902506 0.1701248
vn -0.1701618 -0.007904208 0.9853844
vn -0.1530092 -0.9763075 -0.1530091
vn -0.1704421 -0.007901056 -0.985336
vn 0.1704421 -0.007901061 -0.985336
vn 0.1530093 -0.9763075 0.1530092
vn 0.1701618 -0.007904208 0.9853844
vn 0.9853908 -0.007902506 0.1701248
vn 0.1530092 -0.9763075 -0.1530091
vn 0.9853425 -0.007899328 -0.1704044
vn -0.9654568 0.109462 -0.2364556
vn -0.9931602 -0.05766452 0.1015257
vn -0.1656558 -0.9808997 0.1019509
vn -0.1925071 -0.4506507 0.8716966
vn -0.1301905 -0.9836568 -0.1243774
vn -0.1313631 0.4495468 -0.8835447
vn 0.1313904 0.4495454 -0.8835415
vn 0.1656557 -0.9808997 0.1019509
vn 0.1924916 -0.4506528 0.8716989
vn 0.9931639 -0.05765026 0.1014987
vn 0.1301904 -0.9836568 -0.1243774
vn 0.9654489 0.1094771 -0.2364807
vn 0 -0.4520497 -0.8919927
vn 0 -0.9801908 0.1980556
vn 0 -0.4520497 -0.8919927
vn 1.939063E-05 -0.4530758 -0.891472
vn 0 -0.9801908 0.1980556
vn -1.938894E-05 -0.4530757 -0.891472
vn -2.791826E-05 -0.9802359 0.197832
vn -0.007648724 -0.463221 -0.8862098
vn 2.791332E-05 -0.9802359 0.1978322
vn 0.007648716 -0.463221 -0.8862097
vn 0 -0.9336694 0.3581359
vn -0.05983144 -0.9778166 0.2007353
vn -0.119661 -0.4708646 -0.8740525
vn 0.05983141 -0.9778166 0.2007355
vn 0.119661 -0.4708645 -0.8740525
vn 0 -0.9336695 0.3581359
vn 0 0.09643389 0.9953394
vn 2.785502E-05 -0.9335877 0.358349
vn -2.786198E-05 -0.9335877 0.3583491
vn -0.4700459 -0.8654455 0.1733808
vn -0.4616279 -0.7004133 -0.5443537
vn 0.470046 -0.8654455 0.1733806
vn 0.4616268 -0.7004158 -0.5443513
vn 0.05969499 -0.9330583 0.3547376
vn 0.6547496 -0.7437283 0.1348009
vn 0.1904807 -0.4173871 -0.8885411
vn 0 0.0964339 0.9953394
vn -0.059695 -0.9330583 0.3547378
vn 0.008956319 0.1039635 0.9945408
vn 0.470093 -0.8238642 0.3166391
vn 0.8121987 -0.5772588 0.08429474
vn 0.3672371 -0.2576407 -0.8937327
vn -0.00895632 0.1039636 0.9945408
vn 0.02305258 0.1013746 0.9945812
vn 0.08454296 0.2307248 0.9693392
vn 0.1077148 0.09690788 0.9894475
vn 0.654695 -0.6998069 0.2857353
vn 0.8122612 -0.5327963 0.2374022
vn 0.9980955 -0.01891347 -0.0587182
vn 0.3111888 -0.2491323 -0.9171121
vn 0.4530082 -0.2869091 0.8440775
vn 0.1652315 0.1445788 0.9756001
vn 0.9980901 0.01572451 0.05973924
vn 0.9951433 0.03718038 -0.09114508
vn 0.332363 -0.2531756 -0.9085356
vn 0.3432033 0.2562976 0.9036166
vn 0.9956831 0.01863359 -0.090929
vn 0.3609483 -0.2518816 -0.8979265
vn 0.9951415 0.08024717 0.05704236
vn 0.9956865 0.01762354 -0.09109174
vn 0.404409 -0.2364649 -0.8834804
vn 0.9956639 0.06463329 0.06690206
vn 0.2926851 0.2749795 0.9158175
vn 0.9947131 0.03638742 -0.09602938
vn 0.2838331 -0.1352945 -0.9492809
vn 0.9956877 0.06380083 0.06734639
vn 0.9725787 0.1878965 -0.1370604
vn 0.5099952 0.05868709 -0.858173
vn 0.1213529 0.2697628 0.9552494
vn 0.3323442 0.2745055 0.9023269
vn 0.9947029 0.08219066 0.06173153
vn 0.8477737 0.4794931 -0.2266408
vn 0.2327021 -0.08106992 -0.9691632
vn 0.1324329 0.2799629 0.9508324
vn 0.3543948 0.2730602 0.8943391
vn 0.9724113 0.2329008 0.01317805
vn 0.6253858 0.7204465 -0.2997488
vn 0.04967052 -0.1277809 -0.9905579
vn 0.1292739 0.2871973 0.9491079
vn 0.3850948 0.2806447 0.8791703
vn 0.8476604 0.5243998 -0.0804776
vn 0.403588 0.8462786 -0.347749
vn 0.0183576 -0.1110084 -0.9936499
vn 0.1094142 0.3328728 0.9366025
vn 0.2206129 0.4129186 0.8836449
vn 0.6252258 0.7643163 -0.1578394
vn 0.1194214 0.9211285 -0.3704875
vn 0.00770397 -0.1352052 -0.9907877
vn 0.469352 0.5331045 0.7039235
vn 0.1611849 0.4711531 0.8671991
vn 0.4055226 0.8929647 -0.1953595
vn 0.07877623 0.4478374 0.8906379
vn 0.01883542 0.3628982 0.9316384
vn 0.1180064 0.9703335 -0.2110153
vn 0.0537122 0.9249869 -0.3761838
vn 0.02419115 0.465433 0.8847525
vn 0.03020709 0.2944006 0.9552046
vn -0.05371217 0.9249868 -0.3761839
vn -0.007703951 -0.1352054 -0.9907877
vn 0.05263731 0.9756629 -0.2128646
vn 0.0003042939 0.3620095 0.9321743
vn 0.03738216 0.2808756 0.9590159
vn -0.1194214 0.9211283 -0.3704877
vn -0.0183576 -0.1110089 -0.9936499
vn 0.002649795 0.4553861 0.8902901
vn -0.00264976 0.4553863 0.8902901
vn 0.00176624 0.300002 0.953937
vn 0.03451597 0.2594136 0.9651493
vn -0.05263728 0.9756628 -0.212865
vn -0.0003042824 0.3620094 0.9321744
vn 0.004247725 0.2836236 0.9589263
vn 0.02000663 0.2028388 0.9790077
vn -0.1180063 0.9703334 -0.2110156
vn -0.02419104 0.4654329 0.8847525
vn 0.004558612 0.2541047 0.967166
vn -0.00176625 0.300002 0.9539369
vn 0.001637287 0.1933771 0.9811231
vn -0.00424773 0.2836236 0.9589263
vn -0.001637269 0.1933771 0.9811231
vn -0.004558602 0.2541046 0.967166
vn -0.02000663 0.2028389 0.9790077
vn -0.08454293 0.2307249 0.9693392
vn -0.03451601 0.2594136 0.9651493
vn -0.03738217 0.2808755 0.9590159
vn -0.02305257 0.1013748 0.9945812
vn -0.4700929 -0.8238642 0.3166392
vn -0.03020712 0.2944007 0.9552045
vn -0.1213529 0.2697629 0.9552494
vn -0.107715 0.09690787 0.9894475
vn -0.6547495 -0.7437283 0.1348007
vn -0.1904807 -0.4173868 -0.8885412
vn -0.01883541 0.3628981 0.9316385
vn -0.132433 0.279963 0.9508324
vn -0.654695 -0.699807 0.2857354
vn -0.8121987 -0.5772589 0.08429458
vn -0.367237 -0.2576407 -0.8937328
vn -0.8122613 -0.5327961 0.2374021
vn -0.4530084 -0.2869074 0.8440779
vn -0.1652318 0.1445789 0.9756
vn -0.3432031 0.2562978 0.9036166
vn -0.9980901 0.01572471 0.05973923
vn -0.9980955 -0.01891334 -0.05871816
vn -0.3111885 -0.2491323 -0.9171122
vn -0.9951433 0.0371805 -0.09114505
vn -0.3323627 -0.2531756 -0.9085357
vn -0.2926851 0.2749796 0.9158175
vn -0.9951414 0.08024726 0.05704237
vn -0.9956831 0.01863363 -0.09092899
vn -0.3609483 -0.2518815 -0.8979266
vn -0.9956639 0.06463334 0.06690206
vn -0.9956865 0.01762369 -0.09109175
vn -0.4044092 -0.2364648 -0.8834804
vn -0.3323442 0.2745055 0.9023269
vn -0.9947131 0.03638766 -0.09602936
vn -0.2838335 -0.1352945 -0.9492807
vn -0.9956877 0.06380098 0.06734643
vn -0.1292739 0.2871973 0.9491079
vn -0.9725787 0.1878966 -0.1370604
vn -0.5099965 0.05868666 -0.8581721
vn -0.3543949 0.2730603 0.8943391
vn -0.9947029 0.08219086 0.06173162
vn -0.1094142 0.3328728 0.9366025
vn -0.8477738 0.4794929 -0.2266408
vn -0.2327019 -0.08107027 -0.9691632
vn -0.3850947 0.2806448 0.8791704
vn -0.9724112 0.2329008 0.01317801
vn -0.6253859 0.7204463 -0.2997491
vn -0.04967042 -0.1277812 -0.9905578
vn -0.2206127 0.4129184 0.883645
vn -0.8476605 0.5243996 -0.0804776
vn -0.07877604 0.4478368 0.8906382
vn -0.4035878 0.8462786 -0.3477491
vn -0.4055227 0.8929648 -0.1953592
vn -0.1611844 0.4711529 0.8671993
vn -0.6252258 0.7643163 -0.1578392
vn -0.4693517 0.5331031 0.7039248
vn 0 -0.9827074 0.1851653
vn 0 -0.08334981 0.9965204
vn 0 -0.9827074 0.1851652
vn 0.0006991469 -0.9831754 0.1826626
vn 0 -0.08334981 0.9965204
vn -0.0006991556 -0.9831754 0.1826626
vn -0.005748714 -0.08335423 0.9965035
vn -0.01086982 -0.9818989 0.1890935
vn 0.005748607 -0.0833542 0.9965035
vn 0.01086984 -0.9818989 0.1890935
vn 0 0.08335005 0.9965204
vn -0.0976842 -0.07975233 0.9920168
vn -0.1206923 -0.9656188 0.2302469
vn 0.09768409 -0.07975232 0.9920168
vn 0.1206923 -0.9656187 0.2302471
vn 0 0.08335005 0.9965204
vn 0 0.9827078 0.1851633
vn 0.005748662 0.08335452 0.9965034
vn -0.005748748 0.08335451 0.9965034
vn -0.4326845 -0.07551213 0.8983775
vn -0.1586909 -0.9703793 0.1821573
vn 0.4326843 -0.0755121 0.8983775
vn 0.1586908 -0.9703792 0.1821576
vn 0.09768417 0.07975315 0.9920168
vn 0.6518235 -0.07926266 0.7542173
vn 0.2115516 -0.9633043 0.1651987
vn 0 0.9827078 0.1851633
vn -0.09768431 0.07975323 0.9920168
vn 0.008923541 0.9841588 0.1770649
vn 0.4326842 0.07551636 0.8983772
vn 0.8219991 -0.07944566 0.5639201
vn 0.2834442 -0.9588244 0.01775567
vn 0.9922494 -0.06839868 0.1037443
vn 0.2533937 -0.967363 -0.0006640993
vn 0.821999 0.07945011 0.5639197
vn 0.9968754 -0.07839764 0.009650756
vn 0.2400569 -0.9707586 -0.0007672652
vn 0.02527913 0.9840795 0.1759215
vn 0.07925642 0.9956309 0.04937346
vn 0.01964559 0.9967906 0.07760413
vn 0.1068843 0.9726878 0.2060441
vn 0.6518235 0.07926809 0.7542167
vn 0.1370774 0.9779253 0.1577082
vn 0.9922493 0.06839881 0.1037445
vn 0.18862 0.9713155 0.1448057
vn 0.2622857 0.9646494 0.02564614
vn 0.9968736 0.07842308 0.009648668
vn 0.2418408 0.9703002 0.005538281
vn 0.996599 -0.08240436 -1.05916E-06
vn 0.2362373 -0.971695 0.000855741
vn 0.9965954 0.08244675 -1.039487E-06
vn 0.9965829 -0.08259818 1.183402E-05
vn 0.2308754 -0.9726533 -0.0253442
vn 0.9959123 -0.07997455 -0.04198601
vn 0.2032943 -0.9744368 -0.09562547
vn 0.9965782 0.08265566 1.282513E-05
vn 0.9572574 -0.07738919 -0.2786915
vn 0.18733 -0.9710861 -0.1479838
vn 0.2400985 0.9707482 -0.0007672384
vn 0.9959065 0.08004533 -0.0419878
vn 0.7853034 -0.07492113 -0.6145613
vn 0.1653847 -0.9628065 -0.2136623
vn 0.2332936 0.9724052 -0.001530562
vn 0.957254 0.07745631 -0.2786849
vn 0.5578625 -0.07278032 -0.826736
vn 0.06710909 -0.9814301 -0.1796979
vn 0.2225921 0.9745336 -0.02714744
vn 0.7852611 0.07519335 -0.614582
vn 0.4212828 -0.07634328 -0.9037104
vn 0.05325058 -0.9808201 -0.1875003
vn 0.1931282 0.9770896 -0.08942906
vn 0.08672778 0.9953563 -0.04176427
vn 0.1048604 0.9944559 -0.00785744
vn 0.5576787 0.07396814 -0.8267546
vn 0.2946002 -0.08071934 -0.9522054
vn 0.02157139 -0.9801822 -0.19692
vn 0.1803456 0.9732046 -0.1426475
vn 0.421207 0.07849327 -0.9035616
vn 0.1245495 -0.08155381 -0.9888561
vn 0.003913317 -0.9835775 -0.1804438
vn 0.05489841 0.9943801 -0.09052268
vn 0.1591104 0.9652283 -0.2074085
vn 0.2946502 0.08226921 -0.9520572
vn 0.06936324 0.9824328 -0.1732466
vn 0.05596836 0.9815475 -0.1828446
vn 0.01403657 0.994957 -0.09931531
vn 0.1245941 0.08202841 -0.9888113
vn 0.02407463 -0.08252107 -0.9962985
vn 0.02162506 0.9801812 -0.1969194
vn -0.0240746 -0.08252112 -0.9962985
vn -0.00391332 -0.9835775 -0.1804437
vn 0.024079 0.08256749 -0.9962946
vn 0.01779999 0.9977844 -0.06410562
vn 0.003916976 0.9835777 -0.1804424
vn 0.001545574 0.9952241 -0.09760573
vn -0.003916972 0.9835777 -0.1804423
vn -0.1245494 -0.08155381 -0.9888561
vn -0.02157138 -0.9801823 -0.1969197
vn -0.02407897 0.08256744 -0.9962946
vn -0.124594 0.0820283 -0.9888113
vn -0.2946001 -0.08071931 -0.9522054
vn -0.05325061 -0.9808201 -0.1875004
vn -0.02162508 0.9801813 -0.196919
vn -0.2946502 0.08226917 -0.9520572
vn -0.4212827 -0.07634345 -0.9037104
vn -0.06710915 -0.9814301 -0.1796981
vn -0.05596833 0.9815474 -0.1828449
vn -0.01403658 0.994957 -0.09931532
vn -0.05489841 0.9943801 -0.09052282
vn -0.4212067 0.07849306 -0.9035617
vn -0.06936318 0.9824327 -0.1732472
vn -0.5578623 -0.07278036 -0.8267362
vn -0.1653847 -0.9628065 -0.2136624
vn -0.1591104 0.9652283 -0.2074083
vn -0.5576785 0.07396793 -0.8267547
vn -0.7853034 -0.07492113 -0.6145613
vn -0.18733 -0.9710861 -0.1479838
vn -0.1803455 0.9732046 -0.1426475
vn -0.785261 0.07519328 -0.6145821
vn -0.9572574 -0.07738924 -0.2786915
vn -0.2032942 -0.9744368 -0.09562571
vn -0.1931281 0.9770896 -0.08942898
vn -0.957254 0.07745635 -0.278685
vn -0.9959123 -0.07997459 -0.04198601
vn -0.2308754 -0.9726533 -0.02534433
vn -0.2225921 0.9745336 -0.0271474
vn -0.9959065 0.08004533 -0.0419878
vn -0.9965829 -0.08259818 1.183373E-05
vn -0.2362373 -0.971695 0.0008557407
vn -0.9965782 0.08265565 1.282945E-05
vn -0.996599 -0.08240449 -1.056233E-06
vn -0.2400569 -0.9707586 -0.0007672625
vn -0.0867278 0.9953563 -0.04176424
vn -0.2332936 0.9724052 -0.001530559
vn -0.9965954 0.08244666 -1.041594E-06
vn -0.9968754 -0.07839773 0.009650769
vn -0.2533938 -0.967363 -0.0006640878
vn -0.1048604 0.9944559 -0.007857489
vn -0.01779999 0.9977844 -0.06410562
vn -0.2400985 0.9707482 -0.0007672404
vn -0.9968736 0.07842299 0.009648636
vn -0.9922494 -0.06839862 0.1037442
vn -0.2834442 -0.9588244 0.0177556
vn -0.1121087 0.9936958 -0.0005639583
vn -0.2418407 0.9703002 0.005538439
vn -0.9922493 0.06839889 0.1037444
vn -0.8219991 -0.07944565 0.56392
vn -0.2115517 -0.9633044 0.1651983
vn -0.821999 0.07945004 0.5639197
vn -0.6518237 -0.07926272 0.754217
vn -0.2696068 0.9626713 0.02400256
vn -0.4326845 0.07551657 0.8983771
vn -0.217083 0.962304 0.1638475
vn -0.6518237 0.07926803 0.7542164
vn -0.138877 0.9899128 0.02803526
vn -0.1540314 0.9720624 0.1771132
vn -0.1064982 0.9784182 0.1770765
vn -0.03257695 0.9849854 0.1695368
vn -0.07836118 0.9955858 0.05165689
vn -0.008923515 0.9841588 0.1770649
vn -0.01964557 0.9967906 0.07760425
vn -0.1061273 0.9943079 0.009416874
vn -0.03393836 0.9992274 0.01982021
vn -0.00156663 0.9961056 0.08815406
vn -0.03762573 0.9992908 -0.001498047
vn -0.00436147 0.9996541 0.0259377
vn 0.001566629 0.9961056 0.08815403
vn -0.004266963 0.9999801 -0.004652744
vn 0.00436147 0.9996541 0.02593776
vn -0.02904006 0.9993926 -0.01926218
vn 0.03393836 0.9992274 0.01982019
vn -0.001679887 0.9996176 -0.02760068
vn 0.004266964 0.9999801 -0.004652595
vn -0.0005741514 0.9976373 -0.06870019
vn 0.1061273 0.9943079 0.009416711
vn 0.001679887 0.9996176 -0.0276006
vn 0.03762573 0.9992908 -0.001497821
vn 0.1121087 0.9936958 -0.000563959
vn 0.02904006 0.9993926 -0.019262
vn 0.0005741519 0.9976373 -0.06870019
vn -0.001545577 0.9952241 -0.09760568
g Chair_001_Hotel_Prop_Combined_0
f 3/3/3 2/2/2 1/1/1
f 2/2/2 4/4/4 1/1/1
f 5/5/5 1/1/1 4/4/4
f 2/2/2 6/6/6 4/4/4
f 7/7/7 5/5/5 4/4/4
f 8/8/8 5/5/5 7/7/7
f 6/6/6 9/9/9 4/4/4
f 7/7/7 4/4/4 9/9/9
f 6/6/6 10/10/10 9/9/9
f 11/11/11 8/8/8 7/7/7
f 12/12/12 8/8/8 11/11/11
f 13/13/13 7/7/7 9/9/9
f 11/11/11 7/7/7 13/13/13
f 10/10/10 14/14/14 9/9/9
f 13/13/13 9/9/9 14/14/14
f 15/15/15 12/12/12 11/11/11
f 16/16/16 12/12/12 15/15/15
f 14/14/14 10/10/10 17/17/17
f 10/10/10 18/18/18 17/17/17
f 18/18/18 19/19/19 17/17/17
f 20/20/20 13/13/13 14/14/14
f 20/20/20 14/14/14 17/17/17
f 21/21/21 11/11/11 13/13/13
f 15/15/15 11/11/11 21/21/21
f 21/21/21 13/13/13 20/20/20
f 22/22/22 16/16/16 15/15/15
f 23/23/23 16/16/16 22/22/22
f 19/19/19 24/24/24 17/17/17
f 24/24/24 19/19/19 25/25/25
f 26/26/26 20/20/20 17/17/17
f 26/26/26 17/17/17 24/24/24
f 27/27/27 21/21/21 20/20/20
f 27/27/27 20/20/20 26/26/26
f 28/28/28 15/15/15 21/21/21
f 22/22/22 15/15/15 28/28/28
f 28/28/28 21/21/21 27/27/27
f 29/29/29 24/24/24 25/25/25
f 25/25/25 30/30/30 29/29/29
f 31/31/31 26/26/26 24/24/24
f 31/31/31 24/24/24 29/29/29
f 32/32/32 27/27/27 26/26/26
f 32/32/32 26/26/26 31/31/31
f 33/33/33 28/28/28 27/27/27
f 33/33/33 27/27/27 32/32/32
f 34/34/34 22/22/22 28/28/28
f 34/34/34 28/28/28 33/33/33
f 35/35/35 22/22/22 34/34/34
f 35/35/35 23/23/23 22/22/22
f 23/23/23 35/35/35 36/36/36
f 37/37/37 23/23/23 36/36/36
f 37/37/37 36/36/36 38/38/38
f 39/39/39 37/37/37 38/38/38
f 39/39/39 38/38/38 40/40/40
f 41/41/41 39/39/39 40/40/40
f 41/41/41 40/40/40 42/42/42
f 43/43/43 41/41/41 42/42/42
f 42/42/42 44/44/44 43/43/43
f 44/44/44 45/45/45 43/43/43
f 46/46/46 44/44/44 42/42/42
f 47/47/47 46/46/46 42/42/42
f 42/42/42 40/40/40 47/47/47
f 48/48/48 46/46/46 47/47/47
f 40/40/40 38/38/38 49/49/49
f 40/40/40 49/49/49 47/47/47
f 38/38/38 36/36/36 50/50/50
f 38/38/38 50/50/50 49/49/49
f 51/51/51 48/48/48 47/47/47
f 47/47/47 49/49/49 51/51/51
f 48/48/48 51/51/51 52/52/52
f 53/53/53 48/48/48 52/52/52
f 54/54/54 53/53/53 52/52/52
f 49/49/49 55/55/55 51/51/51
f 49/49/49 50/50/50 55/55/55
f 51/51/51 55/55/55 52/52/52
f 36/36/36 56/56/56 50/50/50
f 36/36/36 35/35/35 56/56/56
f 57/57/57 54/54/54 52/52/52
f 54/54/54 57/57/57 58/58/58
f 50/50/50 59/59/59 55/55/55
f 50/50/50 56/56/56 59/59/59
f 55/55/55 60/60/60 52/52/52
f 52/52/52 60/60/60 57/57/57
f 55/55/55 59/59/59 60/60/60
f 35/35/35 61/61/61 56/56/56
f 61/61/61 35/35/35 34/34/34
f 57/57/57 62/62/62 58/58/58
f 63/63/63 58/58/58 62/62/62
f 60/60/60 64/64/64 57/57/57
f 57/57/57 64/64/64 62/62/62
f 56/56/56 65/65/65 59/59/59
f 56/56/56 61/61/61 65/65/65
f 59/59/59 66/66/66 60/60/60
f 60/60/60 66/66/66 64/64/64
f 59/59/59 65/65/65 66/66/66
f 61/61/61 34/34/34 67/67/67
f 67/67/67 34/34/34 33/33/33
f 61/61/61 68/68/68 65/65/65
f 68/68/68 61/61/61 67/67/67
f 65/65/65 69/69/69 66/66/66
f 65/65/65 68/68/68 69/69/69
f 66/66/66 70/70/70 64/64/64
f 66/66/66 69/69/69 70/70/70
f 64/64/64 71/71/71 62/62/62
f 64/64/64 70/70/70 71/71/71
f 68/68/68 72/72/72 69/69/69
f 72/72/72 68/68/68 67/67/67
f 67/67/67 33/33/33 73/73/73
f 73/73/73 33/33/33 32/32/32
f 69/69/69 74/74/74 70/70/70
f 69/69/69 72/72/72 74/74/74
f 62/62/62 71/71/71 75/75/75
f 75/75/75 63/63/63 62/62/62
f 70/70/70 76/76/76 71/71/71
f 70/70/70 74/74/74 76/76/76
f 75/75/75 77/77/77 63/63/63
f 77/77/77 78/78/78 63/63/63
f 71/71/71 79/79/79 75/75/75
f 75/75/75 79/79/79 77/77/77
f 71/71/71 76/76/76 79/79/79
f 79/79/79 80/80/80 77/77/77
f 79/79/79 81/81/81 80/80/80
f 76/76/76 81/81/81 79/79/79
f 81/81/81 82/82/82 80/80/80
f 74/74/74 83/83/83 76/76/76
f 76/76/76 83/83/83 81/81/81
f 81/81/81 84/84/84 82/82/82
f 83/83/83 84/84/84 81/81/81
f 84/84/84 85/85/85 82/82/82
f 74/74/74 86/86/86 83/83/83
f 72/72/72 86/86/86 74/74/74
f 84/84/84 87/87/87 85/85/85
f 87/87/87 88/88/88 85/85/85
f 88/88/88 87/87/87 89/89/89
f 83/83/83 90/90/90 84/84/84
f 86/86/86 90/90/90 83/83/83
f 90/90/90 87/87/87 84/84/84
f 87/87/87 91/91/91 89/89/89
f 87/87/87 90/90/90 91/91/91
f 89/89/89 91/91/91 92/92/92
f 86/86/86 72/72/72 93/93/93
f 90/90/90 86/86/86 93/93/93
f 91/91/91 94/94/94 92/92/92
f 92/92/92 94/94/94 95/95/95
f 90/90/90 96/96/96 91/91/91
f 96/96/96 90/90/90 93/93/93
f 91/91/91 96/96/96 94/94/94
f 94/94/94 97/97/97 95/95/95
f 95/95/95 97/97/97 98/98/98
f 96/96/96 99/99/99 94/94/94
f 96/96/96 93/93/93 99/99/99
f 94/94/94 99/99/99 97/97/97
f 72/72/72 100/100/100 93/93/93
f 100/100/100 72/72/72 67/67/67
f 100/100/100 67/67/67 73/73/73
f 93/93/93 100/100/100 101/101/101
f 93/93/93 101/101/101 99/99/99
f 100/100/100 73/73/73 101/101/101
f 97/97/97 102/102/102 98/98/98
f 98/98/98 102/102/102 103/103/103
f 99/99/99 104/104/104 97/97/97
f 99/99/99 101/101/101 104/104/104
f 97/97/97 104/104/104 102/102/102
f 101/101/101 73/73/73 105/105/105
f 101/101/101 105/105/105 104/104/104
f 73/73/73 32/32/32 105/105/105
f 105/105/105 32/32/32 31/31/31
f 104/104/104 105/105/105 106/106/106
f 105/105/105 31/31/31 106/106/106
f 104/104/104 106/106/106 102/102/102
f 106/106/106 31/31/31 29/29/29
f 102/102/102 106/106/106 107/107/107
f 106/106/106 29/29/29 107/107/107
f 102/102/102 107/107/107 103/103/103
f 30/30/30 107/107/107 29/29/29
f 103/103/103 107/107/107 30/30/30
f 108/108/108 103/103/103 30/30/30
f 111/111/111 110/110/110 109/109/109
f 112/112/112 111/111/111 109/109/109
f 112/112/112 109/109/109 113/113/113
f 114/114/114 111/111/111 112/112/112
f 115/115/115 112/112/112 113/113/113
f 115/115/115 113/113/113 116/116/116
f 117/117/117 114/114/114 112/112/112
f 117/117/117 112/112/112 115/115/115
f 118/118/118 114/114/114 117/117/117
f 119/119/119 115/115/115 116/116/116
f 119/119/119 116/116/116 120/120/120
f 121/121/121 117/117/117 115/115/115
f 121/121/121 115/115/115 119/119/119
f 122/122/122 118/118/118 117/117/117
f 122/122/122 117/117/117 121/121/121
f 123/123/123 118/118/118 122/122/122
f 124/124/124 119/119/119 120/120/120
f 124/124/124 120/120/120 125/125/125
f 126/126/126 121/121/121 119/119/119
f 126/126/126 119/119/119 124/124/124
f 127/127/127 122/122/122 121/121/121
f 127/127/127 121/121/121 126/126/126
f 128/128/128 123/123/123 122/122/122
f 128/128/128 122/122/122 127/127/127
f 129/129/129 123/123/123 128/128/128
f 130/130/130 124/124/124 125/125/125
f 130/130/130 125/125/125 131/131/131
f 132/132/132 126/126/126 124/124/124
f 132/132/132 124/124/124 130/130/130
f 133/133/133 127/127/127 126/126/126
f 133/133/133 126/126/126 132/132/132
f 134/134/134 128/128/128 127/127/127
f 134/134/134 127/127/127 133/133/133
f 135/135/135 129/129/129 128/128/128
f 135/135/135 128/128/128 134/134/134
f 136/136/136 129/129/129 135/135/135
f 137/137/137 130/130/130 131/131/131
f 137/137/137 131/131/131 138/138/138
f 139/139/139 132/132/132 130/130/130
f 139/139/139 130/130/130 137/137/137
f 140/140/140 133/133/133 132/132/132
f 140/140/140 132/132/132 139/139/139
f 141/141/141 134/134/134 133/133/133
f 141/141/141 133/133/133 140/140/140
f 142/142/142 135/135/135 134/134/134
f 142/142/142 134/134/134 141/141/141
f 143/143/143 136/136/136 135/135/135
f 143/143/143 135/135/135 142/142/142
f 144/144/144 136/136/136 143/143/143
f 145/145/145 137/137/137 138/138/138
f 145/145/145 138/138/138 146/146/146
f 147/147/147 145/145/145 146/146/146
f 148/148/148 139/139/139 137/137/137
f 148/148/148 137/137/137 145/145/145
f 149/149/149 145/145/145 147/147/147
f 149/149/149 148/148/148 145/145/145
f 150/150/150 149/149/149 147/147/147
f 151/151/151 144/144/144 143/143/143
f 152/152/152 144/144/144 151/151/151
f 153/153/153 143/143/143 142/142/142
f 151/151/151 143/143/143 153/153/153
f 154/154/154 139/139/139 148/148/148
f 154/154/154 140/140/140 139/139/139
f 155/155/155 149/149/149 150/150/150
f 156/156/156 155/155/155 150/150/150
f 157/157/157 148/148/148 149/149/149
f 157/157/157 154/154/154 148/148/148
f 155/155/155 157/157/157 149/149/149
f 158/158/158 152/152/152 151/151/151
f 159/159/159 152/152/152 158/158/158
f 160/160/160 140/140/140 154/154/154
f 160/160/160 141/141/141 140/140/140
f 161/161/161 155/155/155 156/156/156
f 162/162/162 161/161/161 156/156/156
f 163/163/163 154/154/154 157/157/157
f 163/163/163 160/160/160 154/154/154
f 164/164/164 157/157/157 155/155/155
f 161/161/161 164/164/164 155/155/155
f 164/164/164 163/163/163 157/157/157
f 165/165/165 141/141/141 160/160/160
f 165/165/165 142/142/142 141/141/141
f 153/153/153 142/142/142 165/165/165
f 166/166/166 161/161/161 162/162/162
f 167/167/167 166/166/166 162/162/162
f 168/168/168 160/160/160 163/163/163
f 168/168/168 165/165/165 160/160/160
f 169/169/169 163/163/163 164/164/164
f 169/169/169 168/168/168 163/163/163
f 170/170/170 164/164/164 161/161/161
f 166/166/166 170/170/170 161/161/161
f 170/170/170 169/169/169 164/164/164
f 171/171/171 153/153/153 165/165/165
f 171/171/171 165/165/165 168/168/168
f 172/172/172 166/166/166 167/167/167
f 173/173/173 172/172/172 167/167/167
f 174/174/174 168/168/168 169/169/169
f 174/174/174 171/171/171 168/168/168
f 175/175/175 169/169/169 170/170/170
f 175/175/175 174/174/174 169/169/169
f 176/176/176 170/170/170 166/166/166
f 172/172/172 176/176/176 166/166/166
f 176/176/176 175/175/175 170/170/170
f 177/177/177 153/153/153 171/171/171
f 177/177/177 151/151/151 153/153/153
f 158/158/158 151/151/151 177/177/177
f 178/178/178 172/172/172 173/173/173
f 179/179/179 178/178/178 173/173/173
f 180/180/180 171/171/171 174/174/174
f 180/180/180 177/177/177 171/171/171
f 181/181/181 174/174/174 175/175/175
f 181/181/181 180/180/180 174/174/174
f 182/182/182 175/175/175 176/176/176
f 182/182/182 181/181/181 175/175/175
f 183/183/183 176/176/176 172/172/172
f 178/178/178 183/183/183 172/172/172
f 183/183/183 182/182/182 176/176/176
f 184/184/184 158/158/158 177/177/177
f 184/184/184 177/177/177 180/180/180
f 185/185/185 178/178/178 179/179/179
f 186/186/186 185/185/185 179/179/179
f 187/187/187 180/180/180 181/181/181
f 187/187/187 184/184/184 180/180/180
f 188/188/188 181/181/181 182/182/182
f 188/188/188 187/187/187 181/181/181
f 189/189/189 182/182/182 183/183/183
f 189/189/189 188/188/188 182/182/182
f 190/190/190 183/183/183 178/178/178
f 185/185/185 190/190/190 178/178/178
f 190/190/190 189/189/189 183/183/183
f 191/191/191 158/158/158 184/184/184
f 191/191/191 159/159/159 158/158/158
f 192/192/192 159/159/159 191/191/191
f 193/193/193 185/185/185 186/186/186
f 194/194/194 193/193/193 186/186/186
f 195/195/195 184/184/184 187/187/187
f 195/195/195 191/191/191 184/184/184
f 196/196/196 192/192/192 191/191/191
f 196/196/196 191/191/191 195/195/195
f 197/197/197 192/192/192 196/196/196
f 198/198/198 190/190/190 185/185/185
f 193/193/193 198/198/198 185/185/185
f 199/199/199 189/189/189 190/190/190
f 198/198/198 199/199/199 190/190/190
f 200/200/200 193/193/193 194/194/194
f 201/201/201 200/200/200 194/194/194
f 202/202/202 195/195/195 187/187/187
f 202/202/202 187/187/187 188/188/188
f 203/203/203 188/188/188 189/189/189
f 199/199/199 203/203/203 189/189/189
f 203/203/203 202/202/202 188/188/188
f 204/204/204 198/198/198 193/193/193
f 200/200/200 204/204/204 193/193/193
f 205/205/205 200/200/200 201/201/201
f 206/206/206 205/205/205 201/201/201
f 205/205/205 206/206/206 207/207/207
f 208/208/208 195/195/195 202/202/202
f 208/208/208 196/196/196 195/195/195
f 209/209/209 199/199/199 198/198/198
f 204/204/204 209/209/209 198/198/198
f 210/210/210 202/202/202 203/203/203
f 210/210/210 208/208/208 202/202/202
f 211/211/211 203/203/203 199/199/199
f 209/209/209 211/211/211 199/199/199
f 211/211/211 210/210/210 203/203/203
f 212/212/212 204/204/204 200/200/200
f 205/205/205 212/212/212 200/200/200
f 213/213/213 205/205/205 207/207/207
f 212/212/212 205/205/205 213/213/213
f 213/213/213 207/207/207 214/214/214
f 215/215/215 196/196/196 208/208/208
f 215/215/215 197/197/197 196/196/196
f 216/216/216 209/209/209 204/204/204
f 212/212/212 216/216/216 204/204/204
f 217/217/217 208/208/208 210/210/210
f 217/217/217 215/215/215 208/208/208
f 218/218/218 210/210/210 211/211/211
f 218/218/218 217/217/217 210/210/210
f 219/219/219 211/211/211 209/209/209
f 216/216/216 219/219/219 209/209/209
f 219/219/219 218/218/218 211/211/211
f 220/220/220 213/213/213 214/214/214
f 220/220/220 214/214/214 221/221/221
f 222/222/222 212/212/212 213/213/213
f 216/216/216 212/212/212 222/222/222
f 222/222/222 213/213/213 220/220/220
f 219/219/219 216/216/216 223/223/223
f 223/223/223 216/216/216 222/222/222
f 218/218/218 219/219/219 224/224/224
f 224/224/224 219/219/219 223/223/223
f 217/217/217 218/218/218 225/225/225
f 225/225/225 218/218/218 224/224/224
f 226/226/226 220/220/220 221/221/221
f 226/226/226 221/221/221 227/227/227
f 228/228/228 222/222/222 220/220/220
f 223/223/223 222/222/222 228/228/228
f 228/228/228 220/220/220 226/226/226
f 224/224/224 223/223/223 229/229/229
f 229/229/229 223/223/223 228/228/228
f 230/230/230 226/226/226 227/227/227
f 230/230/230 227/227/227 231/231/231
f 232/232/232 228/228/228 226/226/226
f 229/229/229 228/228/228 232/232/232
f 232/232/232 226/226/226 230/230/230
f 233/233/233 224/224/224 229/229/229
f 225/225/225 224/224/224 233/233/233
f 234/234/234 217/217/217 225/225/225
f 215/215/215 217/217/217 234/234/234
f 235/235/235 230/230/230 231/231/231
f 235/235/235 231/231/231 236/236/236
f 237/237/237 229/229/229 232/232/232
f 233/233/233 229/229/229 237/237/237
f 238/238/238 232/232/232 230/230/230
f 238/238/238 230/230/230 235/235/235
f 237/237/237 232/232/232 238/238/238
f 239/239/239 225/225/225 233/233/233
f 234/234/234 225/225/225 239/239/239
f 240/240/240 215/215/215 234/234/234
f 197/197/197 215/215/215 240/240/240
f 241/241/241 197/197/197 240/240/240
f 242/242/242 235/235/235 236/236/236
f 242/242/242 236/236/236 243/243/243
f 244/244/244 238/238/238 235/235/235
f 244/244/244 235/235/235 242/242/242
f 245/245/245 237/237/237 238/238/238
f 245/245/245 238/238/238 244/244/244
f 246/246/246 233/233/233 237/237/237
f 246/246/246 237/237/237 245/245/245
f 239/239/239 233/233/233 246/246/246
f 240/240/240 234/234/234 247/247/247
f 247/247/247 234/234/234 239/239/239
f 241/241/241 240/240/240 248/248/248
f 248/248/248 240/240/240 247/247/247
f 249/249/249 241/241/241 248/248/248
f 250/250/250 239/239/239 246/246/246
f 247/247/247 239/239/239 250/250/250
f 251/251/251 246/246/246 245/245/245
f 250/250/250 246/246/246 251/251/251
f 252/252/252 245/245/245 244/244/244
f 251/251/251 245/245/245 252/252/252
f 248/248/248 247/247/247 253/253/253
f 253/253/253 247/247/247 250/250/250
f 249/249/249 248/248/248 254/254/254
f 254/254/254 248/248/248 253/253/253
f 255/255/255 249/249/249 254/254/254
f 256/256/256 250/250/250 251/251/251
f 253/253/253 250/250/250 256/256/256
f 254/254/254 253/253/253 257/257/257
f 257/257/257 253/253/253 256/256/256
f 255/255/255 254/254/254 258/258/258
f 258/258/258 254/254/254 257/257/257
f 259/259/259 255/255/255 258/258/258
f 256/256/256 251/251/251 260/260/260
f 260/260/260 251/251/251 252/252/252
f 252/252/252 244/244/244 261/261/261
f 261/261/261 244/244/244 242/242/242
f 257/257/257 256/256/256 262/262/262
f 262/262/262 256/256/256 260/260/260
f 258/258/258 257/257/257 263/263/263
f 263/263/263 257/257/257 262/262/262
f 259/259/259 258/258/258 264/264/264
f 264/264/264 258/258/258 263/263/263
f 265/265/265 259/259/259 264/264/264
f 260/260/260 252/252/252 266/266/266
f 266/266/266 252/252/252 261/261/261
f 261/261/261 242/242/242 267/267/267
f 267/267/267 242/242/242 243/243/243
f 267/267/267 243/243/243 268/268/268
f 262/262/262 260/260/260 269/269/269
f 269/269/269 260/260/260 266/266/266
f 263/263/263 262/262/262 270/270/270
f 270/270/270 262/262/262 269/269/269
f 264/264/264 263/263/263 271/271/271
f 271/271/271 263/263/263 270/270/270
f 265/265/265 264/264/264 272/272/272
f 272/272/272 264/264/264 271/271/271
f 273/273/273 265/265/265 272/272/272
f 266/266/266 261/261/261 274/274/274
f 274/274/274 261/261/261 267/267/267
f 275/275/275 267/267/267 268/268/268
f 274/274/274 267/267/267 275/275/275
f 275/275/275 268/268/268 276/276/276
f 269/269/269 266/266/266 277/277/277
f 277/277/277 266/266/266 274/274/274
f 270/270/270 269/269/269 278/278/278
f 278/278/278 269/269/269 277/277/277
f 271/271/271 270/270/270 279/279/279
f 279/279/279 270/270/270 278/278/278
f 272/272/272 271/271/271 280/280/280
f 280/280/280 271/271/271 279/279/279
f 273/273/273 272/272/272 281/281/281
f 281/281/281 272/272/272 280/280/280
f 282/282/282 273/273/273 281/281/281
f 283/283/283 275/275/275 276/276/276
f 283/283/283 276/276/276 284/284/284
f 285/285/285 283/283/283 284/284/284
f 282/282/282 281/281/281 286/286/286
f 287/287/287 282/282/282 286/286/286
f 281/281/281 280/280/280 288/288/288
f 286/286/286 281/281/281 288/288/288
f 280/280/280 279/279/279 289/289/289
f 288/288/288 280/280/280 289/289/289
f 290/290/290 275/275/275 283/283/283
f 290/290/290 274/274/274 275/275/275
f 277/277/277 274/274/274 290/290/290
f 291/291/291 283/283/283 285/285/285
f 291/291/291 290/290/290 283/283/283
f 292/292/292 291/291/291 285/285/285
f 293/293/293 277/277/277 290/290/290
f 293/293/293 290/290/290 291/291/291
f 278/278/278 277/277/277 293/293/293
f 279/279/279 278/278/278 294/294/294
f 294/294/294 278/278/278 293/293/293
f 289/289/289 279/279/279 294/294/294
f 295/295/295 291/291/291 292/292/292
f 295/295/295 293/293/293 291/291/291
f 294/294/294 293/293/293 295/295/295
f 296/296/296 295/295/295 292/292/292
f 297/297/297 294/294/294 295/295/295
f 297/297/297 295/295/295 296/296/296
f 289/289/289 294/294/294 297/297/297
f 298/298/298 297/297/297 296/296/296
f 299/299/299 289/289/289 297/297/297
f 299/299/299 297/297/297 298/298/298
f 288/288/288 289/289/289 299/299/299
f 300/300/300 299/299/299 298/298/298
f 301/301/301 288/288/288 299/299/299
f 301/301/301 299/299/299 300/300/300
f 286/286/286 288/288/288 301/301/301
f 302/302/302 301/301/301 300/300/300
f 303/303/303 286/286/286 301/301/301
f 303/303/303 301/301/301 302/302/302
f 287/287/287 286/286/286 303/303/303
f 304/304/304 303/303/303 302/302/302
f 305/305/305 287/287/287 303/303/303
f 305/305/305 303/303/303 304/304/304
f 306/306/306 305/305/305 304/304/304
f 309/309/309 308/308/308 307/307/307
f 310/310/310 309/309/309 307/307/307
f 307/307/307 311/311/311 310/310/310
f 312/312/312 309/309/309 310/310/310
f 311/311/311 313/313/313 310/310/310
f 313/313/313 311/311/311 314/314/314
f 315/315/315 312/312/312 310/310/310
f 315/315/315 310/310/310 313/313/313
f 316/316/316 312/312/312 315/315/315
f 317/317/317 313/313/313 314/314/314
f 317/317/317 314/314/314 318/318/318
f 319/319/319 316/316/316 315/315/315
f 320/320/320 316/316/316 319/319/319
f 321/321/321 315/315/315 313/313/313
f 321/321/321 313/313/313 317/317/317
f 319/319/319 315/315/315 321/321/321
f 322/322/322 317/317/317 318/318/318
f 322/322/322 318/318/318 323/323/323
f 324/324/324 320/320/320 319/319/319
f 325/325/325 320/320/320 324/324/324
f 326/326/326 321/321/321 317/317/317
f 326/326/326 317/317/317 322/322/322
f 327/327/327 319/319/319 321/321/321
f 324/324/324 319/319/319 327/327/327
f 327/327/327 321/321/321 326/326/326
f 328/328/328 322/322/322 323/323/323
f 328/328/328 323/323/323 329/329/329
f 330/330/330 325/325/325 324/324/324
f 331/331/331 325/325/325 330/330/330
f 332/332/332 326/326/326 322/322/322
f 332/332/332 322/322/322 328/328/328
f 333/333/333 327/327/327 326/326/326
f 333/333/333 326/326/326 332/332/332
f 334/334/334 324/324/324 327/327/327
f 330/330/330 324/324/324 334/334/334
f 334/334/334 327/327/327 333/333/333
f 335/335/335 328/328/328 329/329/329
f 335/335/335 329/329/329 336/336/336
f 337/337/337 331/331/331 330/330/330
f 338/338/338 331/331/331 337/337/337
f 339/339/339 332/332/332 328/328/328
f 339/339/339 328/328/328 335/335/335
f 340/340/340 333/333/333 332/332/332
f 340/340/340 332/332/332 339/339/339
f 341/341/341 334/334/334 333/333/333
f 341/341/341 333/333/333 340/340/340
f 342/342/342 330/330/330 334/334/334
f 337/337/337 330/330/330 342/342/342
f 342/342/342 334/334/334 341/341/341
f 343/343/343 335/335/335 336/336/336
f 343/343/343 336/336/336 344/344/344
f 345/345/345 343/343/343 344/344/344
f 346/346/346 338/338/338 337/337/337
f 347/347/347 338/338/338 346/346/346
f 348/348/348 337/337/337 342/342/342
f 346/346/346 337/337/337 348/348/348
f 349/349/349 342/342/342 341/341/341
f 348/348/348 342/342/342 349/349/349
f 350/350/350 335/335/335 343/343/343
f 350/350/350 339/339/339 335/335/335
f 351/351/351 343/343/343 345/345/345
f 351/351/351 350/350/350 343/343/343
f 352/352/352 351/351/351 345/345/345
f 353/353/353 347/347/347 346/346/346
f 354/354/354 347/347/347 353/353/353
f 355/355/355 346/346/346 348/348/348
f 353/353/353 346/346/346 355/355/355
f 356/356/356 339/339/339 350/350/350
f 356/356/356 340/340/340 339/339/339
f 357/357/357 350/350/350 351/351/351
f 357/357/357 356/356/356 350/350/350
f 358/358/358 351/351/351 352/352/352
f 358/358/358 357/357/357 351/351/351
f 359/359/359 358/358/358 352/352/352
f 360/360/360 354/354/354 353/353/353
f 354/354/354 360/360/360 361/361/361
f 362/362/362 340/340/340 356/356/356
f 362/362/362 341/341/341 340/340/340
f 349/349/349 341/341/341 362/362/362
f 363/363/363 356/356/356 357/357/357
f 363/363/363 362/362/362 356/356/356
f 364/364/364 357/357/357 358/358/358
f 364/364/364 363/363/363 357/357/357
f 365/365/365 358/358/358 359/359/359
f 365/365/365 364/364/364 358/358/358
f 366/366/366 365/365/365 359/359/359
f 367/367/367 349/349/349 362/362/362
f 367/367/367 362/362/362 363/363/363
f 368/368/368 363/363/363 364/364/364
f 368/368/368 367/367/367 363/363/363
f 369/369/369 364/364/364 365/365/365
f 369/369/369 368/368/368 364/364/364
f 370/370/370 365/365/365 366/366/366
f 370/370/370 369/369/369 365/365/365
f 371/371/371 370/370/370 366/366/366
f 372/372/372 349/349/349 367/367/367
f 372/372/372 348/348/348 349/349/349
f 355/355/355 348/348/348 372/372/372
f 373/373/373 367/367/367 368/368/368
f 373/373/373 372/372/372 367/367/367
f 374/374/374 368/368/368 369/369/369
f 374/374/374 373/373/373 368/368/368
f 375/375/375 369/369/369 370/370/370
f 375/375/375 374/374/374 369/369/369
f 376/376/376 370/370/370 371/371/371
f 376/376/376 375/375/375 370/370/370
f 377/377/377 376/376/376 371/371/371
f 378/378/378 355/355/355 372/372/372
f 378/378/378 372/372/372 373/373/373
f 379/379/379 373/373/373 374/374/374
f 379/379/379 378/378/378 373/373/373
f 380/380/380 374/374/374 375/375/375
f 380/380/380 379/379/379 374/374/374
f 381/381/381 375/375/375 376/376/376
f 381/381/381 380/380/380 375/375/375
f 382/382/382 376/376/376 377/377/377
f 382/382/382 381/381/381 376/376/376
f 383/383/383 382/382/382 377/377/377
f 384/384/384 355/355/355 378/378/378
f 384/384/384 353/353/353 355/355/355
f 360/360/360 353/353/353 384/384/384
f 385/385/385 378/378/378 379/379/379
f 385/385/385 384/384/384 378/378/378
f 386/386/386 379/379/379 380/380/380
f 386/386/386 385/385/385 379/379/379
f 387/387/387 380/380/380 381/381/381
f 387/387/387 386/386/386 380/380/380
f 388/388/388 381/381/381 382/382/382
f 388/388/388 387/387/387 381/381/381
f 389/389/389 382/382/382 383/383/383
f 389/389/389 388/388/388 382/382/382
f 390/390/390 389/389/389 383/383/383
f 391/391/391 360/360/360 384/384/384
f 391/391/391 384/384/384 385/385/385
f 392/392/392 385/385/385 386/386/386
f 392/392/392 391/391/391 385/385/385
f 393/393/393 386/386/386 387/387/387
f 393/393/393 392/392/392 386/386/386
f 394/394/394 387/387/387 388/388/388
f 394/394/394 393/393/393 387/387/387
f 395/395/395 388/388/388 389/389/389
f 395/395/395 394/394/394 388/388/388
f 396/396/396 389/389/389 390/390/390
f 396/396/396 395/395/395 389/389/389
f 397/397/397 396/396/396 390/390/390
f 398/398/398 360/360/360 391/391/391
f 360/360/360 398/398/398 361/361/361
f 399/399/399 361/361/361 398/398/398
f 400/400/400 399/399/399 398/398/398
f 401/401/401 398/398/398 391/391/391
f 400/400/400 398/398/398 401/401/401
f 391/391/391 392/392/392 401/401/401
f 402/402/402 400/400/400 401/401/401
f 392/392/392 403/403/403 401/401/401
f 402/402/402 401/401/401 403/403/403
f 403/403/403 392/392/392 393/393/393
f 404/404/404 402/402/402 403/403/403
f 405/405/405 403/403/403 393/393/393
f 404/404/404 403/403/403 405/405/405
f 393/393/393 394/394/394 405/405/405
f 406/406/406 404/404/404 405/405/405
f 394/394/394 407/407/407 405/405/405
f 406/406/406 405/405/405 407/407/407
f 407/407/407 394/394/394 395/395/395
f 408/408/408 406/406/406 407/407/407
f 409/409/409 407/407/407 395/395/395
f 408/408/408 407/407/407 409/409/409
f 395/395/395 396/396/396 409/409/409
f 410/410/410 408/408/408 409/409/409
f 396/396/396 411/411/411 409/409/409
f 410/410/410 409/409/409 411/411/411
f 411/411/411 396/396/396 397/397/397
f 412/412/412 410/410/410 411/411/411
f 413/413/413 411/411/411 397/397/397
f 412/412/412 411/411/411 413/413/413
f 414/414/414 412/412/412 413/413/413
f 417/417/417 416/416/416 415/415/415
f 418/418/418 417/417/417 415/415/415
f 417/417/417 418/418/418 419/419/419
f 420/420/420 417/417/417 419/419/419
f 421/421/421 420/420/420 419/419/419
f 422/422/422 421/421/421 419/419/419
f 421/421/421 422/422/422 423/423/423
f 424/424/424 421/421/421 423/423/423
f 424/424/424 423/423/423 425/425/425
f 423/423/423 426/426/426 425/425/425
f 425/425/425 426/426/426 427/427/427
f 428/428/428 425/425/425 427/427/427
f 428/428/428 427/427/427 429/429/429
f 427/427/427 430/430/430 429/429/429
f 429/429/429 430/430/430 431/431/431
f 432/432/432 429/429/429 431/431/431
f 435/435/435 434/434/434 433/433/433
f 436/436/436 435/435/435 433/433/433
f 439/439/439 438/438/438 437/437/437
f 440/440/440 439/439/439 437/437/437
f 443/443/443 442/442/442 441/441/441
f 442/442/442 444/444/444 441/441/441
f 445/445/445 441/441/441 444/444/444
f 442/442/442 446/446/446 444/444/444
f 447/447/447 445/445/445 444/444/444
f 445/445/445 447/447/447 448/448/448
f 446/446/446 449/449/449 444/444/444
f 444/444/444 449/449/449 447/447/447
f 446/446/446 450/450/450 449/449/449
f 447/447/447 451/451/451 448/448/448
f 448/448/448 451/451/451 452/452/452
f 450/450/450 453/453/453 449/449/449
f 450/450/450 454/454/454 453/453/453
f 449/449/449 455/455/455 447/447/447
f 447/447/447 455/455/455 451/451/451
f 449/449/449 453/453/453 455/455/455
f 451/451/451 456/456/456 452/452/452
f 452/452/452 456/456/456 457/457/457
f 454/454/454 458/458/458 453/453/453
f 454/454/454 459/459/459 458/458/458
f 455/455/455 460/460/460 451/451/451
f 451/451/451 460/460/460 456/456/456
f 453/453/453 461/461/461 455/455/455
f 453/453/453 458/458/458 461/461/461
f 455/455/455 461/461/461 460/460/460
f 456/456/456 462/462/462 457/457/457
f 457/457/457 462/462/462 463/463/463
f 459/459/459 464/464/464 458/458/458
f 459/459/459 465/465/465 464/464/464
f 460/460/460 466/466/466 456/456/456
f 456/456/456 466/466/466 462/462/462
f 461/461/461 467/467/467 460/460/460
f 460/460/460 467/467/467 466/466/466
f 458/458/458 468/468/468 461/461/461
f 458/458/458 464/464/464 468/468/468
f 461/461/461 468/468/468 467/467/467
f 462/462/462 469/469/469 463/463/463
f 463/463/463 469/469/469 470/470/470
f 465/465/465 471/471/471 464/464/464
f 465/465/465 472/472/472 471/471/471
f 466/466/466 473/473/473 462/462/462
f 462/462/462 473/473/473 469/469/469
f 467/467/467 474/474/474 466/466/466
f 466/466/466 474/474/474 473/473/473
f 468/468/468 475/475/475 467/467/467
f 467/467/467 475/475/475 474/474/474
f 464/464/464 476/476/476 468/468/468
f 464/464/464 471/471/471 476/476/476
f 468/468/468 476/476/476 475/475/475
f 469/469/469 477/477/477 470/470/470
f 470/470/470 477/477/477 478/478/478
f 477/477/477 479/479/479 478/478/478
f 473/473/473 480/480/480 469/469/469
f 469/469/469 480/480/480 477/477/477
f 477/477/477 481/481/481 479/479/479
f 480/480/480 481/481/481 477/477/477
f 481/481/481 482/482/482 479/479/479
f 474/474/474 483/483/483 473/473/473
f 473/473/473 483/483/483 480/480/480
f 475/475/475 484/484/484 474/474/474
f 474/474/474 484/484/484 483/483/483
f 476/476/476 485/485/485 475/475/475
f 475/475/475 485/485/485 484/484/484
f 481/481/481 486/486/486 482/482/482
f 486/486/486 487/487/487 482/482/482
f 480/480/480 488/488/488 481/481/481
f 483/483/483 488/488/488 480/480/480
f 488/488/488 486/486/486 481/481/481
f 484/484/484 489/489/489 483/483/483
f 483/483/483 489/489/489 488/488/488
f 486/486/486 490/490/490 487/487/487
f 490/490/490 491/491/491 487/487/487
f 488/488/488 492/492/492 486/486/486
f 489/489/489 492/492/492 488/488/488
f 492/492/492 490/490/490 486/486/486
f 484/484/484 493/493/493 489/489/489
f 485/485/485 493/493/493 484/484/484
f 476/476/476 494/494/494 485/485/485
f 471/471/471 494/494/494 476/476/476
f 490/490/490 495/495/495 491/491/491
f 495/495/495 496/496/496 491/491/491
f 492/492/492 497/497/497 490/490/490
f 497/497/497 495/495/495 490/490/490
f 489/489/489 498/498/498 492/492/492
f 493/493/493 498/498/498 489/489/489
f 498/498/498 497/497/497 492/492/492
f 485/485/485 499/499/499 493/493/493
f 494/494/494 499/499/499 485/485/485
f 471/471/471 500/500/500 494/494/494
f 472/472/472 500/500/500 471/471/471
f 472/472/472 501/501/501 500/500/500
f 495/495/495 502/502/502 496/496/496
f 502/502/502 503/503/503 496/496/496
f 497/497/497 504/504/504 495/495/495
f 504/504/504 502/502/502 495/495/495
f 493/493/493 505/505/505 498/498/498
f 499/499/499 505/505/505 493/493/493
f 498/498/498 506/506/506 497/497/497
f 506/506/506 504/504/504 497/497/497
f 505/505/505 506/506/506 498/498/498
f 494/494/494 507/507/507 499/499/499
f 500/500/500 507/507/507 494/494/494
f 501/501/501 508/508/508 500/500/500
f 500/500/500 508/508/508 507/507/507
f 501/501/501 509/509/509 508/508/508
f 502/502/502 510/510/510 503/503/503
f 510/510/510 511/511/511 503/503/503
f 504/504/504 512/512/512 502/502/502
f 512/512/512 510/510/510 502/502/502
f 506/506/506 513/513/513 504/504/504
f 513/513/513 512/512/512 504/504/504
f 505/505/505 514/514/514 506/506/506
f 514/514/514 513/513/513 506/506/506
f 509/509/509 515/515/515 508/508/508
f 515/515/515 509/509/509 516/516/516
f 510/510/510 517/517/517 511/511/511
f 517/517/517 518/518/518 511/511/511
f 512/512/512 519/519/519 510/510/510
f 519/519/519 517/517/517 510/510/510
f 513/513/513 520/520/520 512/512/512
f 520/520/520 519/519/519 512/512/512
f 517/517/517 521/521/521 518/518/518
f 521/521/521 522/522/522 518/518/518
f 519/519/519 523/523/523 517/517/517
f 523/523/523 521/521/521 517/517/517
f 521/521/521 524/524/524 522/522/522
f 524/524/524 525/525/525 522/522/522
f 524/524/524 526/526/526 525/525/525
f 526/526/526 527/527/527 525/525/525
f 528/528/528 526/526/526 524/524/524
f 524/524/524 521/521/521 529/529/529
f 529/529/529 528/528/528 524/524/524
f 521/521/521 523/523/523 529/529/529
f 530/530/530 528/528/528 529/529/529
f 531/531/531 530/530/530 529/529/529
f 531/531/531 529/529/529 523/523/523
f 532/532/532 530/530/530 531/531/531
f 533/533/533 523/523/523 519/519/519
f 533/533/533 531/531/531 523/523/523
f 520/520/520 533/533/533 519/519/519
f 534/534/534 532/532/532 531/531/531
f 531/531/531 533/533/533 534/534/534
f 535/535/535 532/532/532 534/534/534
f 536/536/536 533/533/533 520/520/520
f 533/533/533 536/536/536 534/534/534
f 537/537/537 535/535/535 534/534/534
f 537/537/537 534/534/534 536/536/536
f 538/538/538 535/535/535 537/537/537
f 539/539/539 536/536/536 520/520/520
f 539/539/539 520/520/520 513/513/513
f 514/514/514 539/539/539 513/513/513
f 540/540/540 538/538/538 537/537/537
f 541/541/541 538/538/538 540/540/540
f 542/542/542 537/537/537 536/536/536
f 542/542/542 536/536/536 539/539/539
f 537/537/537 542/542/542 540/540/540
f 543/543/543 539/539/539 514/514/514
f 543/543/543 542/542/542 539/539/539
f 544/544/544 541/541/541 540/540/540
f 545/545/545 541/541/541 544/544/544
f 516/516/516 545/545/545 544/544/544
f 544/544/544 515/515/515 516/516/516
f 542/542/542 546/546/546 540/540/540
f 544/544/544 540/540/540 546/546/546
f 515/515/515 544/544/544 546/546/546
f 546/546/546 542/542/542 543/543/543
f 515/515/515 546/546/546 547/547/547
f 547/547/547 546/546/546 543/543/543
f 508/508/508 515/515/515 547/547/547
f 508/508/508 547/547/547 507/507/507
f 548/548/548 543/543/543 514/514/514
f 547/547/547 543/543/543 548/548/548
f 507/507/507 547/547/547 548/548/548
f 548/548/548 514/514/514 505/505/505
f 507/507/507 548/548/548 499/499/499
f 499/499/499 548/548/548 505/505/505
f 551/551/551 550/550/550 549/549/549
f 550/550/550 552/552/552 549/549/549
f 552/552/552 550/550/550 553/553/553
f 550/550/550 554/554/554 553/553/553
f 554/554/554 555/555/555 553/553/553
f 555/555/555 556/556/556 553/553/553
f 556/556/556 555/555/555 557/557/557
f 555/555/555 558/558/558 557/557/557
f 557/557/557 558/558/558 559/559/559
f 560/560/560 557/557/557 559/559/559
f 560/560/560 559/559/559 561/561/561
f 559/559/559 562/562/562 561/561/561
f 561/561/561 562/562/562 563/563/563
f 564/564/564 561/561/561 563/563/563
f 564/564/564 563/563/563 565/565/565
f 563/563/563 566/566/566 565/565/565
f 569/569/569 568/568/568 567/567/567
f 570/570/570 569/569/569 567/567/567
f 573/573/573 572/572/572 571/571/571
f 574/574/574 573/573/573 571/571/571
f 577/577/577 576/576/576 575/575/575
f 575/575/575 578/578/578 577/577/577
f 575/575/575 579/579/579 578/578/578
f 579/579/579 580/580/580 578/578/578
f 580/580/580 581/581/581 578/578/578
f 580/580/580 582/582/582 581/581/581
f 585/585/585 584/584/584 583/583/583
f 583/583/583 586/586/586 585/585/585
f 586/586/586 587/587/587 585/585/585
f 586/586/586 588/588/588 587/587/587
f 586/586/586 589/589/589 588/588/588
f 589/589/589 590/590/590 588/588/588
f 593/593/593 592/592/592 591/591/591
f 594/594/594 593/593/593 591/591/591
f 597/597/597 596/596/596 595/595/595
f 598/598/598 597/597/597 595/595/595
f 601/601/601 600/600/600 599/599/599
f 602/602/602 601/601/601 599/599/599
f 605/605/605 604/604/604 603/603/603
f 606/606/606 605/605/605 603/603/603
f 609/609/609 608/608/608 607/607/607
f 607/607/607 608/608/608 610/610/610
f 611/611/611 607/607/607 610/610/610
f 611/611/611 610/610/610 612/612/612
f 613/613/613 607/607/607 611/611/611
f 614/614/614 611/611/611 612/612/612
f 614/614/614 612/612/612 615/615/615
f 611/611/611 616/616/616 613/613/613
f 611/611/611 614/614/614 616/616/616
f 616/616/616 617/617/617 613/613/613
f 618/618/618 614/614/614 615/615/615
f 615/615/615 619/619/619 618/618/618
f 616/616/616 620/620/620 617/617/617
f 620/620/620 621/621/621 617/617/617
f 614/614/614 622/622/622 616/616/616
f 614/614/614 618/618/618 622/622/622
f 616/616/616 622/622/622 620/620/620
f 620/620/620 623/623/623 621/621/621
f 623/623/623 624/624/624 621/621/621
f 622/622/622 625/625/625 620/620/620
f 620/620/620 625/625/625 623/623/623
f 618/618/618 626/626/626 622/622/622
f 622/622/622 626/626/626 625/625/625
f 619/619/619 627/627/627 618/618/618
f 618/618/618 627/627/627 626/626/626
f 623/623/623 628/628/628 624/624/624
f 628/628/628 629/629/629 624/624/624
f 630/630/630 629/629/629 628/628/628
f 631/631/631 630/630/630 628/628/628
f 632/632/632 630/630/630 631/631/631
f 633/633/633 631/631/631 628/628/628
f 633/633/633 628/628/628 634/634/634
f 628/628/628 623/623/623 634/634/634
f 635/635/635 633/633/633 634/634/634
f 625/625/625 636/636/636 623/623/623
f 623/623/623 636/636/636 634/634/634
f 635/635/635 634/634/634 637/637/637
f 634/634/634 636/636/636 637/637/637
f 638/638/638 635/635/635 637/637/637
f 625/625/625 639/639/639 636/636/636
f 626/626/626 639/639/639 625/625/625
f 636/636/636 640/640/640 637/637/637
f 639/639/639 640/640/640 636/636/636
f 637/637/637 641/641/641 638/638/638
f 641/641/641 642/642/642 638/638/638
f 643/643/643 642/642/642 641/641/641
f 626/626/626 644/644/644 639/639/639
f 627/627/627 644/644/644 626/626/626
f 640/640/640 645/645/645 637/637/637
f 645/645/645 641/641/641 637/637/637
f 639/639/639 646/646/646 640/640/640
f 646/646/646 645/645/645 640/640/640
f 644/644/644 646/646/646 639/639/639
f 647/647/647 643/643/643 641/641/641
f 648/648/648 643/643/643 647/647/647
f 645/645/645 649/649/649 641/641/641
f 645/645/645 646/646/646 649/649/649
f 649/649/649 647/647/647 641/641/641
f 646/646/646 644/644/644 650/650/650
f 646/646/646 650/650/650 649/649/649
f 644/644/644 627/627/627 651/651/651
f 644/644/644 651/651/651 650/650/650
f 652/652/652 648/648/648 647/647/647
f 653/653/653 648/648/648 652/652/652
f 649/649/649 654/654/654 647/647/647
f 649/649/649 650/650/650 654/654/654
f 654/654/654 652/652/652 647/647/647
f 655/655/655 653/653/653 652/652/652
f 655/655/655 656/656/656 653/653/653
f 657/657/657 655/655/655 652/652/652
f 657/657/657 652/652/652 658/658/658
f 652/652/652 654/654/654 658/658/658
f 658/658/658 654/654/654 659/659/659
f 650/650/650 660/660/660 654/654/654
f 654/654/654 660/660/660 659/659/659
f 650/650/650 651/651/651 660/660/660
f 659/659/659 660/660/660 661/661/661
f 660/660/660 662/662/662 661/661/661
f 651/651/651 662/662/662 660/660/660
f 661/661/661 662/662/662 663/663/663
f 651/651/651 664/664/664 662/662/662
f 627/627/627 664/664/664 651/651/651
f 664/664/664 627/627/627 619/619/619
f 665/665/665 664/664/664 619/619/619
f 662/662/662 666/666/666 663/663/663
f 664/664/664 666/666/666 662/662/662
f 666/666/666 664/664/664 665/665/665
f 667/667/667 666/666/666 665/665/665
f 668/668/668 663/663/663 666/666/666
f 668/668/668 666/666/666 667/667/667
f 669/669/669 668/668/668 667/667/667
f 669/669/669 670/670/670 668/668/668
f 673/673/673 672/672/672 671/671/671
f 672/672/672 674/674/674 671/671/671
f 675/675/675 671/671/671 674/674/674
f 676/676/676 674/674/674 672/672/672
f 677/677/677 675/675/675 674/674/674
f 674/674/674 676/676/676 678/678/678
f 676/676/676 679/679/679 678/678/678
f 680/680/680 677/677/677 674/674/674
f 674/674/674 678/678/678 680/680/680
f 678/678/678 679/679/679 681/681/681
f 679/679/679 682/682/682 681/681/681
f 680/680/680 683/683/683 677/677/677
f 683/683/683 684/684/684 677/677/677
f 678/678/678 685/685/685 680/680/680
f 678/678/678 681/681/681 685/685/685
f 680/680/680 685/685/685 683/683/683
f 681/681/681 682/682/682 686/686/686
f 682/682/682 687/687/687 686/686/686
f 683/683/683 688/688/688 684/684/684
f 688/688/688 689/689/689 684/684/684
f 689/689/689 688/688/688 690/690/690
f 681/681/681 691/691/691 685/685/685
f 681/681/681 686/686/686 691/691/691
f 686/686/686 687/687/687 692/692/692
f 687/687/687 693/693/693 692/692/692
f 692/692/692 693/693/693 694/694/694
f 693/693/693 695/695/695 694/694/694
f 686/686/686 692/692/692 696/696/696
f 686/686/686 696/696/696 691/691/691
f 697/697/697 694/694/694 695/695/695
f 698/698/698 697/697/697 695/695/695
f 699/699/699 694/694/694 697/697/697
f 699/699/699 700/700/700 694/694/694
f 692/692/692 694/694/694 701/701/701
f 692/692/692 701/701/701 696/696/696
f 700/700/700 702/702/702 694/694/694
f 694/694/694 702/702/702 701/701/701
f 700/700/700 703/703/703 702/702/702
f 703/703/703 704/704/704 702/702/702
f 704/704/704 705/705/705 702/702/702
f 702/702/702 705/705/705 701/701/701
f 704/704/704 706/706/706 705/705/705
f 701/701/701 707/707/707 696/696/696
f 705/705/705 707/707/707 701/701/701
f 706/706/706 708/708/708 705/705/705
f 705/705/705 708/708/708 707/707/707
f 707/707/707 709/709/709 696/696/696
f 696/696/696 709/709/709 691/691/691
f 708/708/708 706/706/706 710/710/710
f 706/706/706 711/711/711 710/710/710
f 711/711/711 712/712/712 710/710/710
f 710/710/710 712/712/712 713/713/713
f 712/712/712 714/714/714 713/713/713
f 713/713/713 714/714/714 715/715/715
f 708/708/708 716/716/716 707/707/707
f 707/707/707 716/716/716 709/709/709
f 708/708/708 710/710/710 717/717/717
f 710/710/710 713/713/713 717/717/717
f 716/716/716 708/708/708 717/717/717
f 709/709/709 718/718/718 691/691/691
f 691/691/691 718/718/718 685/685/685
f 713/713/713 715/715/715 719/719/719
f 715/715/715 720/720/720 719/719/719
f 719/719/719 721/721/721 713/713/713
f 713/713/713 722/722/722 717/717/717
f 721/721/721 722/722/722 713/713/713
f 716/716/716 723/723/723 709/709/709
f 709/709/709 723/723/723 718/718/718
f 716/716/716 717/717/717 724/724/724
f 717/717/717 722/722/722 724/724/724
f 723/723/723 716/716/716 724/724/724
f 725/725/725 722/722/722 721/721/721
f 722/722/722 725/725/725 724/724/724
f 726/726/726 725/725/725 721/721/721
f 718/718/718 727/727/727 685/685/685
f 685/685/685 727/727/727 683/683/683
f 723/723/723 728/728/728 718/718/718
f 718/718/718 728/728/728 727/727/727
f 723/723/723 724/724/724 729/729/729
f 724/724/724 725/725/725 729/729/729
f 728/728/728 723/723/723 729/729/729
f 730/730/730 725/725/725 726/726/726
f 725/725/725 730/730/730 729/729/729
f 731/731/731 730/730/730 726/726/726
f 727/727/727 732/732/732 683/683/683
f 728/728/728 732/732/732 727/727/727
f 732/732/732 688/688/688 683/683/683
f 728/728/728 729/729/729 733/733/733
f 732/732/732 728/728/728 733/733/733
f 729/729/729 730/730/730 733/733/733
f 732/732/732 733/733/733 688/688/688
f 734/734/734 730/730/730 731/731/731
f 730/730/730 734/734/734 733/733/733
f 735/735/735 734/734/734 731/731/731
f 736/736/736 734/734/734 735/735/735
f 737/737/737 736/736/736 735/735/735
f 736/736/736 737/737/737 738/738/738
f 733/733/733 739/739/739 688/688/688
f 733/733/733 734/734/734 739/739/739
f 734/734/734 736/736/736 739/739/739
f 688/688/688 739/739/739 690/690/690
f 690/690/690 739/739/739 736/736/736
f 740/740/740 690/690/690 736/736/736
f 741/741/741 740/740/740 736/736/736
f 736/736/736 738/738/738 741/741/741
f 738/738/738 742/742/742 741/741/741
f 745/745/745 744/744/744 743/743/743
f 744/744/744 746/746/746 743/743/743
f 747/747/747 745/745/745 743/743/743
f 747/747/747 748/748/748 745/745/745
f 749/749/749 748/748/748 747/747/747
f 750/750/750 743/743/743 746/746/746
f 743/743/743 750/750/750 747/747/747
f 751/751/751 750/750/750 746/746/746
f 750/750/750 751/751/751 752/752/752
f 753/753/753 749/749/749 747/747/747
f 750/750/750 753/753/753 747/747/747
f 753/753/753 750/750/750 752/752/752
f 754/754/754 749/749/749 753/753/753
f 754/754/754 753/753/753 752/752/752
f 757/757/757 756/756/756 755/755/755
f 757/757/757 758/758/758 756/756/756
f 756/756/756 759/759/759 755/755/755
f 759/759/759 760/760/760 755/755/755
f 761/761/761 760/760/760 759/759/759
f 756/756/756 758/758/758 762/762/762
f 756/756/756 762/762/762 759/759/759
f 758/758/758 763/763/763 762/762/762
f 763/763/763 764/764/764 762/762/762
f 765/765/765 761/761/761 759/759/759
f 762/762/762 765/765/765 759/759/759
f 762/762/762 764/764/764 765/765/765
f 766/766/766 761/761/761 765/765/765
f 764/764/764 766/766/766 765/765/765
f 769/769/769 768/768/768 767/767/767
f 770/770/770 769/769/769 767/767/767
f 768/768/768 771/771/771 767/767/767
f 772/772/772 771/771/771 768/768/768
f 772/772/772 773/773/773 771/771/771
f 767/767/767 774/774/774 770/770/770
f 774/774/774 767/767/767 771/771/771
f 774/774/774 775/775/775 770/770/770
f 775/775/775 774/774/774 776/776/776
f 773/773/773 777/777/777 771/771/771
f 777/777/777 774/774/774 771/771/771
f 774/774/774 777/777/777 776/776/776
f 773/773/773 778/778/778 777/777/777
f 777/777/777 778/778/778 776/776/776
f 781/781/781 780/780/780 779/779/779
f 782/782/782 780/780/780 781/781/781
f 783/783/783 781/781/781 779/779/779
f 784/784/784 783/783/783 779/779/779
f 784/784/784 785/785/785 783/783/783
f 782/782/782 781/781/781 786/786/786
f 786/786/786 781/781/781 783/783/783
f 787/787/787 782/782/782 786/786/786
f 788/788/788 787/787/787 786/786/786
f 785/785/785 789/789/789 783/783/783
f 789/789/789 786/786/786 783/783/783
f 788/788/788 786/786/786 789/789/789
f 785/785/785 790/790/790 789/789/789
f 790/790/790 788/788/788 789/789/789
f 793/793/793 792/792/792 791/791/791
f 793/793/793 794/794/794 792/792/792
f 792/792/792 795/795/795 791/791/791
f 796/796/796 791/791/791 795/795/795
f 797/797/797 796/796/796 795/795/795
f 796/796/796 797/797/797 798/798/798
f 794/794/794 799/799/799 792/792/792
f 799/799/799 794/794/794 800/800/800
f 795/795/795 792/792/792 801/801/801
f 797/797/797 795/795/795 801/801/801
f 797/797/797 802/802/802 798/798/798
f 798/798/798 802/802/802 803/803/803
f 804/804/804 799/799/799 800/800/800
f 804/804/804 800/800/800 805/805/805
f 792/792/792 799/799/799 806/806/806
f 792/792/792 806/806/806 801/801/801
f 806/806/806 807/807/807 801/801/801
f 799/799/799 808/808/808 806/806/806
f 799/799/799 804/804/804 808/808/808
f 806/806/806 808/808/808 807/807/807
f 809/809/809 797/797/797 801/801/801
f 802/802/802 797/797/797 809/809/809
f 802/802/802 810/810/810 803/803/803
f 803/803/803 810/810/810 811/811/811
f 812/812/812 804/804/804 805/805/805
f 812/812/812 805/805/805 813/813/813
f 804/804/804 814/814/814 808/808/808
f 804/804/804 812/812/812 814/814/814
f 815/815/815 812/812/812 813/813/813
f 813/813/813 816/816/816 815/815/815
f 809/809/809 801/801/801 817/817/817
f 807/807/807 817/817/817 801/801/801
f 818/818/818 802/802/802 809/809/809
f 810/810/810 802/802/802 818/818/818
f 808/808/808 819/819/819 807/807/807
f 819/819/819 808/808/808 814/814/814
f 812/812/812 820/820/820 814/814/814
f 812/812/812 815/815/815 820/820/820
f 816/816/816 821/821/821 815/815/815
f 816/816/816 822/822/822 821/821/821
f 823/823/823 809/809/809 817/817/817
f 809/809/809 823/823/823 818/818/818
f 824/824/824 819/819/819 814/814/814
f 824/824/824 814/814/814 820/820/820
f 819/819/819 824/824/824 825/825/825
f 826/826/826 824/824/824 820/820/820
f 825/825/825 824/824/824 826/826/826
f 815/815/815 827/827/827 820/820/820
f 826/826/826 820/820/820 827/827/827
f 828/828/828 827/827/827 815/815/815
f 821/821/821 828/828/828 815/815/815
f 822/822/822 829/829/829 821/821/821
f 822/822/822 830/830/830 829/829/829
f 831/831/831 826/826/826 827/827/827
f 827/827/827 828/828/828 831/831/831
f 826/826/826 831/831/831 832/832/832
f 828/828/828 832/832/832 831/831/831
f 832/832/832 825/825/825 826/826/826
f 833/833/833 828/828/828 821/821/821
f 829/829/829 833/833/833 821/821/821
f 828/828/828 833/833/833 832/832/832
f 830/830/830 834/834/834 829/829/829
f 829/829/829 834/834/834 833/833/833
f 834/834/834 830/830/830 835/835/835
f 833/833/833 836/836/836 832/832/832
f 832/832/832 836/836/836 825/825/825
f 837/837/837 834/834/834 835/835/835
f 837/837/837 835/835/835 838/838/838
f 834/834/834 839/839/839 833/833/833
f 833/833/833 839/839/839 836/836/836
f 834/834/834 837/837/837 839/839/839
f 840/840/840 837/837/837 838/838/838
f 840/840/840 838/838/838 841/841/841
f 837/837/837 842/842/842 839/839/839
f 837/837/837 840/840/840 842/842/842
f 839/839/839 843/843/843 836/836/836
f 839/839/839 842/842/842 843/843/843
f 844/844/844 840/840/840 841/841/841
f 844/844/844 841/841/841 845/845/845
f 840/840/840 846/846/846 842/842/842
f 840/840/840 844/844/844 846/846/846
f 847/847/847 844/844/844 845/845/845
f 847/847/847 845/845/845 848/848/848
f 843/843/843 849/849/849 836/836/836
f 849/849/849 825/825/825 836/836/836
f 842/842/842 850/850/850 843/843/843
f 842/842/842 846/846/846 850/850/850
f 844/844/844 851/851/851 846/846/846
f 844/844/844 847/847/847 851/851/851
f 852/852/852 847/847/847 848/848/848
f 848/848/848 853/853/853 852/852/852
f 854/854/854 849/849/849 843/843/843
f 850/850/850 854/854/854 843/843/843
f 846/846/846 855/855/855 850/850/850
f 855/855/855 846/846/846 851/851/851
f 847/847/847 856/856/856 851/851/851
f 847/847/847 852/852/852 856/856/856
f 853/853/853 857/857/857 852/852/852
f 853/853/853 858/858/858 857/857/857
f 859/859/859 854/854/854 850/850/850
f 855/855/855 859/859/859 850/850/850
f 860/860/860 855/855/855 851/851/851
f 860/860/860 851/851/851 856/856/856
f 852/852/852 861/861/861 856/856/856
f 861/861/861 852/852/852 857/857/857
f 858/858/858 862/862/862 857/857/857
f 858/858/858 863/863/863 862/862/862
f 860/860/860 864/864/864 855/855/855
f 864/864/864 859/859/859 855/855/855
f 865/865/865 860/860/860 856/856/856
f 865/865/865 856/856/856 861/861/861
f 864/864/864 860/860/860 865/865/865
f 866/866/866 861/861/861 857/857/857
f 866/866/866 857/857/857 862/862/862
f 863/863/863 867/867/867 862/862/862
f 867/867/867 863/863/863 868/868/868
f 869/869/869 865/865/865 861/861/861
f 861/861/861 866/866/866 869/869/869
f 865/865/865 869/869/869 870/870/870
f 866/866/866 870/870/870 869/869/869
f 864/864/864 865/865/865 870/870/870
f 871/871/871 866/866/866 862/862/862
f 866/866/866 871/871/871 870/870/870
f 871/871/871 862/862/862 867/867/867
f 872/872/872 864/864/864 870/870/870
f 871/871/871 872/872/872 870/870/870
f 859/859/859 864/864/864 873/873/873
f 873/873/873 864/864/864 872/872/872
f 874/874/874 871/871/871 867/867/867
f 871/871/871 874/874/874 872/872/872
f 875/875/875 867/867/867 868/868/868
f 874/874/874 867/867/867 875/875/875
f 874/874/874 876/876/876 872/872/872
f 876/876/876 873/873/873 872/872/872
f 877/877/877 859/859/859 873/873/873
f 854/854/854 859/859/859 877/877/877
f 875/875/875 868/868/868 878/878/878
f 868/868/868 879/879/879 878/878/878
f 880/880/880 874/874/874 875/875/875
f 876/876/876 874/874/874 880/880/880
f 880/880/880 875/875/875 878/878/878
f 881/881/881 873/873/873 876/876/876
f 877/877/877 873/873/873 881/881/881
f 882/882/882 854/854/854 877/877/877
f 849/849/849 854/854/854 882/882/882
f 883/883/883 878/878/878 879/879/879
f 884/884/884 883/883/883 879/879/879
f 885/885/885 876/876/876 880/880/880
f 885/885/885 881/881/881 876/876/876
f 885/885/885 880/880/880 886/886/886
f 881/881/881 885/885/885 886/886/886
f 887/887/887 877/877/877 881/881/881
f 882/882/882 877/877/877 887/887/887
f 888/888/888 849/849/849 882/882/882
f 825/825/825 849/849/849 888/888/888
f 889/889/889 880/880/880 878/878/878
f 880/880/880 889/889/889 886/886/886
f 890/890/890 881/881/881 886/886/886
f 887/887/887 881/881/881 890/890/890
f 891/891/891 882/882/882 887/887/887
f 888/888/888 882/882/882 891/891/891
f 892/892/892 825/825/825 888/888/888
f 892/892/892 819/819/819 825/825/825
f 807/807/807 819/819/819 892/892/892
f 893/893/893 889/889/889 878/878/878
f 883/883/883 893/893/893 878/878/878
f 894/894/894 886/886/886 889/889/889
f 890/890/890 886/886/886 894/894/894
f 893/893/893 894/894/894 889/889/889
f 892/892/892 888/888/888 895/895/895
f 895/895/895 888/888/888 891/891/891
f 891/891/891 887/887/887 896/896/896
f 896/896/896 887/887/887 890/890/890
f 897/897/897 807/807/807 892/892/892
f 897/897/897 892/892/892 895/895/895
f 895/895/895 891/891/891 898/898/898
f 898/898/898 891/891/891 896/896/896
f 807/807/807 897/897/897 899/899/899
f 817/817/817 807/807/807 899/899/899
f 897/897/897 895/895/895 900/900/900
f 899/899/899 897/897/897 900/900/900
f 900/900/900 895/895/895 898/898/898
f 817/817/817 899/899/899 901/901/901
f 901/901/901 899/899/899 900/900/900
f 823/823/823 817/817/817 901/901/901
f 823/823/823 901/901/901 902/902/902
f 903/903/903 901/901/901 900/900/900
f 903/903/903 900/900/900 898/898/898
f 902/902/902 901/901/901 903/903/903
f 904/904/904 898/898/898 896/896/896
f 904/904/904 903/903/903 898/898/898
f 905/905/905 823/823/823 902/902/902
f 823/823/823 905/905/905 818/818/818
f 818/818/818 905/905/905 906/906/906
f 906/906/906 810/810/810 818/818/818
f 907/907/907 904/904/904 896/896/896
f 907/907/907 896/896/896 890/890/890
f 908/908/908 903/903/903 904/904/904
f 908/908/908 902/902/902 903/903/903
f 905/905/905 902/902/902 909/909/909
f 905/905/905 909/909/909 906/906/906
f 910/910/910 810/810/810 906/906/906
f 810/810/810 910/910/910 811/811/811
f 911/911/911 811/811/811 910/910/910
f 912/912/912 907/907/907 890/890/890
f 912/912/912 890/890/890 894/894/894
f 913/913/913 904/904/904 907/907/907
f 913/913/913 908/908/908 904/904/904
f 906/906/906 909/909/909 914/914/914
f 914/914/914 910/910/910 906/906/906
f 915/915/915 911/911/911 910/910/910
f 916/916/916 911/911/911 915/915/915
f 914/914/914 917/917/917 910/910/910
f 917/917/917 915/915/915 910/910/910
f 909/909/909 918/918/918 914/914/914
f 917/917/917 914/914/914 918/918/918
f 918/918/918 909/909/909 919/919/919
f 919/919/919 917/917/917 918/918/918
f 902/902/902 919/919/919 909/909/909
f 902/902/902 908/908/908 920/920/920
f 920/920/920 919/919/919 902/902/902
f 921/921/921 917/917/917 919/919/919
f 917/917/917 921/921/921 915/915/915
f 920/920/920 921/921/921 919/919/919
f 922/922/922 916/916/916 915/915/915
f 921/921/921 922/922/922 915/915/915
f 923/923/923 916/916/916 922/922/922
f 924/924/924 923/923/923 922/922/922
f 924/924/924 922/922/922 921/921/921
f 923/923/923 924/924/924 925/925/925
f 908/908/908 926/926/926 920/920/920
f 908/908/908 913/913/913 926/926/926
f 927/927/927 921/921/921 920/920/920
f 927/927/927 924/924/924 921/921/921
f 926/926/926 927/927/927 920/920/920
f 924/924/924 928/928/928 925/925/925
f 928/928/928 924/924/924 927/927/927
f 925/925/925 928/928/928 929/929/929
f 930/930/930 927/927/927 926/926/926
f 930/930/930 928/928/928 927/927/927
f 928/928/928 931/931/931 929/929/929
f 931/931/931 928/928/928 930/930/930
f 929/929/929 931/931/931 932/932/932
f 913/913/913 933/933/933 926/926/926
f 933/933/933 930/930/930 926/926/926
f 931/931/931 934/934/934 932/932/932
f 932/932/932 934/934/934 935/935/935
f 936/936/936 931/931/931 930/930/930
f 936/936/936 930/930/930 933/933/933
f 934/934/934 931/931/931 936/936/936
f 913/913/913 937/937/937 933/933/933
f 937/937/937 913/913/913 907/907/907
f 937/937/937 907/907/907 912/912/912
f 934/934/934 938/938/938 935/935/935
f 935/935/935 938/938/938 939/939/939
f 940/940/940 936/936/936 933/933/933
f 937/937/937 940/940/940 933/933/933
f 941/941/941 934/934/934 936/936/936
f 938/938/938 934/934/934 941/941/941
f 936/936/936 940/940/940 941/941/941
f 942/942/942 937/937/937 912/912/912
f 937/937/937 942/942/942 940/940/940
f 938/938/938 943/943/943 939/939/939
f 944/944/944 939/939/939 943/943/943
f 940/940/940 945/945/945 941/941/941
f 942/942/942 945/945/945 940/940/940
f 946/946/946 938/938/938 941/941/941
f 941/941/941 945/945/945 946/946/946
f 943/943/943 938/938/938 946/946/946
f 947/947/947 944/944/944 943/943/943
f 948/948/948 944/944/944 947/947/947
f 945/945/945 949/949/949 946/946/946
f 945/945/945 942/942/942 949/949/949
f 950/950/950 943/943/943 946/946/946
f 943/943/943 950/950/950 947/947/947
f 946/946/946 949/949/949 950/950/950
f 942/942/942 912/912/912 951/951/951
f 912/912/912 894/894/894 951/951/951
f 894/894/894 893/893/893 951/951/951
f 952/952/952 948/948/948 947/947/947
f 884/884/884 948/948/948 952/952/952
f 883/883/883 884/884/884 952/952/952
f 953/953/953 893/893/893 883/883/883
f 893/893/893 953/953/953 951/951/951
f 952/952/952 953/953/953 883/883/883
f 942/942/942 951/951/951 954/954/954
f 949/949/949 942/942/942 954/954/954
f 951/951/951 953/953/953 954/954/954
f 947/947/947 955/955/955 952/952/952
f 955/955/955 953/953/953 952/952/952
f 950/950/950 955/955/955 947/947/947
f 953/953/953 955/955/955 954/954/954
f 949/949/949 956/956/956 950/950/950
f 956/956/956 949/949/949 954/954/954
f 955/955/955 950/950/950 956/956/956
f 954/954/954 955/955/955 956/956/956
f 959/959/959 958/958/958 957/957/957
f 959/959/959 960/960/960 958/958/958
f 958/958/958 961/961/961 957/957/957
f 962/962/962 957/957/957 961/961/961
f 963/963/963 962/962/962 961/961/961
f 964/964/964 962/962/962 963/963/963
f 960/960/960 965/965/965 958/958/958
f 960/960/960 966/966/966 965/965/965
f 961/961/961 958/958/958 967/967/967
f 963/963/963 961/961/961 967/967/967
f 968/968/968 964/964/964 963/963/963
f 964/964/964 968/968/968 969/969/969
f 966/966/966 970/970/970 965/965/965
f 970/970/970 966/966/966 971/971/971
f 958/958/958 965/965/965 972/972/972
f 958/958/958 972/972/972 967/967/967
f 972/972/972 973/973/973 967/967/967
f 965/965/965 974/974/974 972/972/972
f 965/965/965 970/970/970 974/974/974
f 972/972/972 974/974/974 973/973/973
f 975/975/975 963/963/963 967/967/967
f 968/968/968 963/963/963 975/975/975
f 968/968/968 976/976/976 969/969/969
f 969/969/969 976/976/976 977/977/977
f 978/978/978 970/970/970 971/971/971
f 978/978/978 971/971/971 979/979/979
f 970/970/970 980/980/980 974/974/974
f 970/970/970 978/978/978 980/980/980
f 981/981/981 978/978/978 979/979/979
f 979/979/979 982/982/982 981/981/981
f 975/975/975 967/967/967 983/983/983
f 973/973/973 983/983/983 967/967/967
f 984/984/984 968/968/968 975/975/975
f 976/976/976 968/968/968 984/984/984
f 974/974/974 985/985/985 973/973/973
f 974/974/974 980/980/980 985/985/985
f 978/978/978 986/986/986 980/980/980
f 978/978/978 981/981/981 986/986/986
f 982/982/982 987/987/987 981/981/981
f 982/982/982 988/988/988 987/987/987
f 988/988/988 989/989/989 987/987/987
f 988/988/988 990/990/990 989/989/989
f 987/987/987 991/991/991 981/981/981
f 987/987/987 989/989/989 991/991/991
f 990/990/990 992/992/992 989/989/989
f 992/992/992 990/990/990 993/993/993
f 980/980/980 994/994/994 985/985/985
f 994/994/994 980/980/980 986/986/986
f 994/994/994 995/995/995 985/985/985
f 995/995/995 996/996/996 985/985/985
f 997/997/997 995/995/995 994/994/994
f 997/997/997 994/994/994 986/986/986
f 985/985/985 996/996/996 973/973/973
f 981/981/981 998/998/998 986/986/986
f 997/997/997 986/986/986 998/998/998
f 991/991/991 998/998/998 981/981/981
f 999/999/999 997/997/997 998/998/998
f 997/997/997 999/999/999 995/995/995
f 998/998/998 991/991/991 999/999/999
f 989/989/989 1000/1000/1000 991/991/991
f 989/989/989 992/992/992 1000/1000/1000
f 991/991/991 1001/1001/1001 999/999/999
f 999/999/999 1001/1001/1001 995/995/995
f 991/991/991 1000/1000/1000 1001/1001/1001
f 1000/1000/1000 1002/1002/1002 1001/1001/1001
f 1001/1001/1001 1002/1002/1002 995/995/995
f 992/992/992 1003/1003/1003 1000/1000/1000
f 1000/1000/1000 1003/1003/1003 1002/1002/1002
f 1002/1002/1002 1004/1004/1004 995/995/995
f 1003/1003/1003 1004/1004/1004 1002/1002/1002
f 992/992/992 1005/1005/1005 1003/1003/1003
f 1005/1005/1005 992/992/992 993/993/993
f 1005/1005/1005 993/993/993 1006/1006/1006
f 1005/1005/1005 1007/1007/1007 1003/1003/1003
f 1003/1003/1003 1007/1007/1007 1004/1004/1004
f 1008/1008/1008 1005/1005/1005 1006/1006/1006
f 1005/1005/1005 1008/1008/1008 1007/1007/1007
f 1008/1008/1008 1006/1006/1006 1009/1009/1009
f 1010/1010/1010 1008/1008/1008 1009/1009/1009
f 1010/1010/1010 1009/1009/1009 1011/1011/1011
f 1008/1008/1008 1012/1012/1012 1007/1007/1007
f 1008/1008/1008 1010/1010/1010 1012/1012/1012
f 1013/1013/1013 1010/1010/1010 1011/1011/1011
f 1013/1013/1013 1011/1011/1011 1014/1014/1014
f 1007/1007/1007 1015/1015/1015 1004/1004/1004
f 1007/1007/1007 1012/1012/1012 1015/1015/1015
f 1010/1010/1010 1016/1016/1016 1012/1012/1012
f 1010/1010/1010 1013/1013/1013 1016/1016/1016
f 1017/1017/1017 1013/1013/1013 1014/1014/1014
f 1014/1014/1014 1018/1018/1018 1017/1017/1017
f 1012/1012/1012 1019/1019/1019 1015/1015/1015
f 1019/1019/1019 1012/1012/1012 1016/1016/1016
f 1013/1013/1013 1020/1020/1020 1016/1016/1016
f 1013/1013/1013 1017/1017/1017 1020/1020/1020
f 1018/1018/1018 1021/1021/1021 1017/1017/1017
f 1018/1018/1018 1022/1022/1022 1021/1021/1021
f 1023/1023/1023 1019/1019/1019 1016/1016/1016
f 1023/1023/1023 1016/1016/1016 1020/1020/1020
f 1017/1017/1017 1024/1024/1024 1020/1020/1020
f 1024/1024/1024 1017/1017/1017 1021/1021/1021
f 1022/1022/1022 1025/1025/1025 1021/1021/1021
f 1022/1022/1022 1026/1026/1026 1025/1025/1025
f 1027/1027/1027 1023/1023/1023 1020/1020/1020
f 1027/1027/1027 1020/1020/1020 1024/1024/1024
f 1023/1023/1023 1028/1028/1028 1019/1019/1019
f 1023/1023/1023 1027/1027/1027 1028/1028/1028
f 1019/1019/1019 1029/1029/1029 1015/1015/1015
f 1028/1028/1028 1029/1029/1029 1019/1019/1019
f 1030/1030/1030 1024/1024/1024 1021/1021/1021
f 1030/1030/1030 1021/1021/1021 1025/1025/1025
f 1026/1026/1026 1031/1031/1031 1025/1025/1025
f 1026/1026/1026 1032/1032/1032 1031/1031/1031
f 1033/1033/1033 1027/1027/1027 1024/1024/1024
f 1024/1024/1024 1030/1030/1030 1033/1033/1033
f 1034/1034/1034 1030/1030/1030 1025/1025/1025
f 1034/1034/1034 1025/1025/1025 1031/1031/1031
f 1032/1032/1032 1035/1035/1035 1031/1031/1031
f 1035/1035/1035 1032/1032/1032 1036/1036/1036
f 1027/1027/1027 1033/1033/1033 1037/1037/1037
f 1027/1027/1027 1037/1037/1037 1028/1028/1028
f 1030/1030/1030 1038/1038/1038 1033/1033/1033
f 1030/1030/1030 1034/1034/1034 1038/1038/1038
f 1033/1033/1033 1038/1038/1038 1037/1037/1037
f 1039/1039/1039 1034/1034/1034 1031/1031/1031
f 1039/1039/1039 1031/1031/1031 1035/1035/1035
f 1034/1034/1034 1040/1040/1040 1038/1038/1038
f 1038/1038/1038 1040/1040/1040 1037/1037/1037
f 1034/1034/1034 1039/1039/1039 1040/1040/1040
f 1037/1037/1037 1040/1040/1040 1041/1041/1041
f 1039/1039/1039 1041/1041/1041 1040/1040/1040
f 1028/1028/1028 1037/1037/1037 1042/1042/1042
f 1042/1042/1042 1037/1037/1037 1041/1041/1041
f 1043/1043/1043 1039/1039/1039 1035/1035/1035
f 1039/1039/1039 1043/1043/1043 1041/1041/1041
f 1044/1044/1044 1035/1035/1035 1036/1036/1036
f 1043/1043/1043 1035/1035/1035 1044/1044/1044
f 1043/1043/1043 1045/1045/1045 1041/1041/1041
f 1042/1042/1042 1041/1041/1041 1045/1045/1045
f 1044/1044/1044 1036/1036/1036 1046/1046/1046
f 1036/1036/1036 1047/1047/1047 1046/1046/1046
f 1048/1048/1048 1043/1043/1043 1044/1044/1044
f 1045/1045/1045 1043/1043/1043 1048/1048/1048
f 1048/1048/1048 1044/1044/1044 1046/1046/1046
f 1049/1049/1049 1028/1028/1028 1042/1042/1042
f 1029/1029/1029 1028/1028/1028 1049/1049/1049
f 1042/1042/1042 1045/1045/1045 1050/1050/1050
f 1050/1050/1050 1045/1045/1045 1048/1048/1048
f 1051/1051/1051 1042/1042/1042 1050/1050/1050
f 1049/1049/1049 1042/1042/1042 1051/1051/1051
f 1050/1050/1050 1048/1048/1048 1052/1052/1052
f 1051/1051/1051 1050/1050/1050 1052/1052/1052
f 1053/1053/1053 1046/1046/1046 1047/1047/1047
f 1054/1054/1054 1053/1053/1053 1047/1047/1047
f 1055/1055/1055 1048/1048/1048 1046/1046/1046
f 1048/1048/1048 1055/1055/1055 1052/1052/1052
f 1056/1056/1056 1055/1055/1055 1046/1046/1046
f 1053/1053/1053 1056/1056/1056 1046/1046/1046
f 1053/1053/1053 1054/1054/1054 1057/1057/1057
f 1054/1054/1054 1058/1058/1058 1057/1057/1057
f 1059/1059/1059 1052/1052/1052 1055/1055/1055
f 1056/1056/1056 1059/1059/1059 1055/1055/1055
f 1060/1060/1060 1056/1056/1056 1053/1053/1053
f 1057/1057/1057 1060/1060/1060 1053/1053/1053
f 1057/1057/1057 1058/1058/1058 1061/1061/1061
f 1058/1058/1058 1062/1062/1062 1061/1061/1061
f 1059/1059/1059 1056/1056/1056 1063/1063/1063
f 1056/1056/1056 1060/1060/1060 1063/1063/1063
f 1059/1059/1059 1064/1064/1064 1052/1052/1052
f 1063/1063/1063 1064/1064/1064 1059/1059/1059
f 1065/1065/1065 1064/1064/1064 1063/1063/1063
f 1066/1066/1066 1060/1060/1060 1057/1057/1057
f 1061/1061/1061 1066/1066/1066 1057/1057/1057
f 1063/1063/1063 1060/1060/1060 1067/1067/1067
f 1067/1067/1067 1065/1065/1065 1063/1063/1063
f 1060/1060/1060 1066/1066/1066 1067/1067/1067
f 1061/1061/1061 1062/1062/1062 1068/1068/1068
f 1062/1062/1062 1069/1069/1069 1068/1068/1068
f 1067/1067/1067 1066/1066/1066 1070/1070/1070
f 1067/1067/1067 1070/1070/1070 1065/1065/1065
f 1071/1071/1071 1066/1066/1066 1061/1061/1061
f 1066/1066/1066 1071/1071/1071 1070/1070/1070
f 1068/1068/1068 1071/1071/1071 1061/1061/1061
f 1068/1068/1068 1069/1069/1069 1072/1072/1072
f 1069/1069/1069 1073/1073/1073 1072/1072/1072
f 1070/1070/1070 1071/1071/1071 1074/1074/1074
f 1070/1070/1070 1074/1074/1074 1065/1065/1065
f 1075/1075/1075 1071/1071/1071 1068/1068/1068
f 1071/1071/1071 1075/1075/1075 1074/1074/1074
f 1072/1072/1072 1075/1075/1075 1068/1068/1068
f 1076/1076/1076 1072/1072/1072 1073/1073/1073
f 1077/1077/1077 1076/1076/1076 1073/1073/1073
f 1078/1078/1078 1074/1074/1074 1075/1075/1075
f 1074/1074/1074 1078/1078/1078 1065/1065/1065
f 1075/1075/1075 1072/1072/1072 1079/1079/1079
f 1079/1079/1079 1078/1078/1078 1075/1075/1075
f 1072/1072/1072 1076/1076/1076 1079/1079/1079
f 1080/1080/1080 1076/1076/1076 1077/1077/1077
f 1081/1081/1081 1080/1080/1080 1077/1077/1077
f 1065/1065/1065 1078/1078/1078 1082/1082/1082
f 1082/1082/1082 1078/1078/1078 1079/1079/1079
f 1079/1079/1079 1076/1076/1076 1083/1083/1083
f 1076/1076/1076 1080/1080/1080 1083/1083/1083
f 1083/1083/1083 1082/1082/1082 1079/1079/1079
f 1084/1084/1084 1080/1080/1080 1081/1081/1081
f 1085/1085/1085 1084/1084/1084 1081/1081/1081
f 1083/1083/1083 1080/1080/1080 1086/1086/1086
f 1080/1080/1080 1084/1084/1084 1086/1086/1086
f 1087/1087/1087 1084/1084/1084 1085/1085/1085
f 1088/1088/1088 1087/1087/1087 1085/1085/1085
f 1089/1089/1089 1065/1065/1065 1082/1082/1082
f 1065/1065/1065 1089/1089/1089 1064/1064/1064
f 1090/1090/1090 1082/1082/1082 1083/1083/1083
f 1086/1086/1086 1090/1090/1090 1083/1083/1083
f 1086/1086/1086 1084/1084/1084 1091/1091/1091
f 1084/1084/1084 1087/1087/1087 1091/1091/1091
f 1092/1092/1092 1087/1087/1087 1088/1088/1088
f 1093/1093/1093 1092/1092/1092 1088/1088/1088
f 1089/1089/1089 1082/1082/1082 1094/1094/1094
f 1082/1082/1082 1090/1090/1090 1094/1094/1094
f 1089/1089/1089 1095/1095/1095 1064/1064/1064
f 1089/1089/1089 1094/1094/1094 1095/1095/1095
f 1090/1090/1090 1086/1086/1086 1096/1096/1096
f 1086/1086/1086 1091/1091/1091 1096/1096/1096
f 1091/1091/1091 1087/1087/1087 1097/1097/1097
f 1087/1087/1087 1092/1092/1092 1097/1097/1097
f 1092/1092/1092 1093/1093/1093 1098/1098/1098
f 1093/1093/1093 1099/1099/1099 1098/1098/1098
f 1094/1094/1094 1090/1090/1090 1100/1100/1100
f 1090/1090/1090 1096/1096/1096 1100/1100/1100
f 1096/1096/1096 1091/1091/1091 1101/1101/1101
f 1091/1091/1091 1097/1097/1097 1101/1101/1101
f 1097/1097/1097 1092/1092/1092 1102/1102/1102
f 1092/1092/1092 1098/1098/1098 1102/1102/1102
f 1098/1098/1098 1099/1099/1099 1103/1103/1103
f 1099/1099/1099 1104/1104/1104 1103/1103/1103
f 1098/1098/1098 1103/1103/1103 1105/1105/1105
f 1102/1102/1102 1098/1098/1098 1105/1105/1105
f 1103/1103/1103 1104/1104/1104 1106/1106/1106
f 1105/1105/1105 1103/1103/1103 1106/1106/1106
f 1104/1104/1104 977/977/977 1106/1106/1106
f 976/976/976 1106/1106/1106 977/977/977
f 1097/1097/1097 1102/1102/1102 1107/1107/1107
f 1101/1101/1101 1097/1097/1097 1107/1107/1107
f 1106/1106/1106 976/976/976 1108/1108/1108
f 1108/1108/1108 976/976/976 984/984/984
f 1107/1107/1107 1102/1102/1102 1109/1109/1109
f 1102/1102/1102 1105/1105/1105 1109/1109/1109
f 1110/1110/1110 1105/1105/1105 1106/1106/1106
f 1110/1110/1110 1106/1106/1106 1108/1108/1108
f 1107/1107/1107 1109/1109/1109 1111/1111/1111
f 1101/1101/1101 1107/1107/1107 1111/1111/1111
f 1109/1109/1109 1105/1105/1105 1112/1112/1112
f 1105/1105/1105 1110/1110/1110 1112/1112/1112
f 1109/1109/1109 1112/1112/1112 1111/1111/1111
f 1113/1113/1113 1112/1112/1112 1110/1110/1110
f 1108/1108/1108 1113/1113/1113 1110/1110/1110
f 1112/1112/1112 1113/1113/1113 1111/1111/1111
f 1114/1114/1114 1113/1113/1113 1108/1108/1108
f 984/984/984 1114/1114/1114 1108/1108/1108
f 1111/1111/1111 1113/1113/1113 1114/1114/1114
f 1101/1101/1101 1111/1111/1111 1115/1115/1115
f 1115/1115/1115 1111/1111/1111 1114/1114/1114
f 1114/1114/1114 984/984/984 1116/1116/1116
f 1115/1115/1115 1114/1114/1114 1116/1116/1116
f 984/984/984 975/975/975 1116/1116/1116
f 1116/1116/1116 975/975/975 983/983/983
f 1117/1117/1117 1116/1116/1116 983/983/983
f 1117/1117/1117 1115/1115/1115 1116/1116/1116
f 1115/1115/1115 1118/1118/1118 1101/1101/1101
f 1096/1096/1096 1101/1101/1101 1118/1118/1118
f 1100/1100/1100 1096/1096/1096 1118/1118/1118
f 1118/1118/1118 1115/1115/1115 1119/1119/1119
f 1115/1115/1115 1117/1117/1117 1119/1119/1119
f 1120/1120/1120 1117/1117/1117 983/983/983
f 983/983/983 973/973/973 1120/1120/1120
f 1100/1100/1100 1118/1118/1118 1121/1121/1121
f 1118/1118/1118 1119/1119/1119 1121/1121/1121
f 1117/1117/1117 1120/1120/1120 1122/1122/1122
f 1119/1119/1119 1117/1117/1117 1122/1122/1122
f 973/973/973 1123/1123/1123 1120/1120/1120
f 1120/1120/1120 1123/1123/1123 1122/1122/1122
f 996/996/996 1123/1123/1123 973/973/973
f 1119/1119/1119 1122/1122/1122 1124/1124/1124
f 1121/1121/1121 1119/1119/1119 1124/1124/1124
f 1123/1123/1123 1125/1125/1125 1122/1122/1122
f 1123/1123/1123 996/996/996 1125/1125/1125
f 1122/1122/1122 1125/1125/1125 1124/1124/1124
f 1100/1100/1100 1121/1121/1121 1126/1126/1126
f 1094/1094/1094 1100/1100/1100 1126/1126/1126
f 1094/1094/1094 1126/1126/1126 1095/1095/1095
f 996/996/996 1127/1127/1127 1125/1125/1125
f 996/996/996 995/995/995 1127/1127/1127
f 1121/1121/1121 1124/1124/1124 1128/1128/1128
f 1126/1126/1126 1121/1121/1121 1128/1128/1128
f 1125/1125/1125 1129/1129/1129 1124/1124/1124
f 1125/1125/1125 1127/1127/1127 1129/1129/1129
f 1124/1124/1124 1129/1129/1129 1128/1128/1128
f 1095/1095/1095 1126/1126/1126 1130/1130/1130
f 1126/1126/1126 1128/1128/1128 1130/1130/1130
f 995/995/995 1131/1131/1131 1127/1127/1127
f 1004/1004/1004 1131/1131/1131 995/995/995
f 1129/1129/1129 1132/1132/1132 1128/1128/1128
f 1128/1128/1128 1132/1132/1132 1130/1130/1130
f 1127/1127/1127 1133/1133/1133 1129/1129/1129
f 1127/1127/1127 1131/1131/1131 1133/1133/1133
f 1129/1129/1129 1133/1133/1133 1132/1132/1132
f 1134/1134/1134 1131/1131/1131 1004/1004/1004
f 1131/1131/1131 1134/1134/1134 1133/1133/1133
f 1015/1015/1015 1134/1134/1134 1004/1004/1004
f 1029/1029/1029 1134/1134/1134 1015/1015/1015
f 1133/1133/1133 1134/1134/1134 1135/1135/1135
f 1134/1134/1134 1029/1029/1029 1135/1135/1135
f 1133/1133/1133 1135/1135/1135 1132/1132/1132
f 1135/1135/1135 1029/1029/1029 1049/1049/1049
f 1132/1132/1132 1135/1135/1135 1136/1136/1136
f 1135/1135/1135 1049/1049/1049 1136/1136/1136
f 1132/1132/1132 1136/1136/1136 1130/1130/1130
f 1136/1136/1136 1049/1049/1049 1051/1051/1051
f 1130/1130/1130 1136/1136/1136 1137/1137/1137
f 1136/1136/1136 1051/1051/1051 1137/1137/1137
f 1095/1095/1095 1130/1130/1130 1137/1137/1137
f 1137/1137/1137 1051/1051/1051 1052/1052/1052
f 1064/1064/1064 1095/1095/1095 1137/1137/1137
f 1064/1064/1064 1137/1137/1137 1052/1052/1052
