g Door_Button_002_Button_Base_Chamber
v 0.7021096 0.05282666 -0.7188042
v 0.7147614 0.05282666 -0.7090964
v 0.7126272 -0.01149815 -0.7069627
v 0.6984679 -0.01149815 -0.7178282
v 0.687377 0.05282666 -0.7249066
v 0.6819795 -0.01149815 -0.7246582
v 0.6715683 0.05282666 -0.7269882
v 0.6642819 -0.01149815 -0.7269882
v -0.6642819 -0.01149815 -0.7269882
v -0.6715683 0.05282666 -0.7269882
v -0.6819797 -0.01149815 -0.7246582
v -0.6873772 0.05282666 -0.7249066
v -0.6984679 -0.01149815 -0.7178282
v -0.7021096 0.05282666 -0.7188042
v -0.7126272 -0.01149815 -0.7069627
v -0.7147613 0.05282666 -0.7090964
v 0.7147614 0.05282666 -0.7090964
v 0.7234939 -0.01149815 -0.6928028
v 0.7126272 -0.01149815 -0.7069627
v 0.7244705 0.05282666 -0.696445
v 0.7303235 -0.01149815 -0.6763132
v 0.7305714 0.05282666 -0.6817125
v 0.7326538 -0.01149815 -0.6586177
v 0.7326538 0.05282666 -0.6659023
v 0.7326538 -0.01149815 0.6586179
v 0.7326538 0.05282666 0.6659026
v 0.7021096 0.05282666 0.7188042
v 0.7126287 -0.01149815 0.7069629
v 0.7147627 0.05282666 0.7090967
v 0.6984679 -0.01149815 0.7178283
v 0.6873785 0.05282666 0.7249068
v 0.6819795 -0.01149815 0.7246585
v 0.6715683 0.05282666 0.7269882
v 0.6642833 -0.01149815 0.7269882
v -0.6642833 -0.01149815 0.7269882
v -0.6715683 0.05282666 0.7269882
v 0.7147627 0.05282666 0.7090967
v 0.7126287 -0.01149815 0.7069629
v 0.7234939 -0.01149815 0.692803
v 0.7244705 0.05282666 0.6964455
v 0.7303249 -0.01149815 0.6763134
v 0.7305714 0.05282666 0.6817127
v 0.7326538 -0.01149815 0.6586179
v 0.7326538 0.05282666 0.6659026
v -0.7147613 0.05282666 -0.7090964
v -0.7126272 -0.01149815 -0.7069627
v -0.7234938 -0.01149815 -0.6928028
v -0.7244708 0.05282666 -0.696445
v -0.7303233 -0.01149815 -0.6763132
v -0.7305714 0.05282666 -0.6817125
v -0.7326536 -0.01149815 -0.6586177
v -0.7326536 0.05282666 -0.6659023
v -0.7326536 -0.01149815 0.6586179
v -0.7326536 0.05282666 0.6659026
v -0.6715683 0.05282666 0.7269882
v -0.6819797 -0.01149815 0.7246585
v -0.6642833 -0.01149815 0.7269882
v -0.6873783 0.05282666 0.7249068
v -0.6984679 -0.01149815 0.7178283
v -0.7021096 0.05282666 0.7188042
v -0.7126285 -0.01149815 0.7069629
v -0.7147629 0.05282666 0.7090967
v -0.7147629 0.05282666 0.7090967
v -0.7234938 -0.01149815 0.692803
v -0.7126285 -0.01149815 0.7069629
v -0.7244708 0.05282666 0.6964455
v -0.7303249 -0.01149815 0.6763134
v -0.7305714 0.05282666 0.6817127
v -0.7326536 -0.01149815 0.6586179
v -0.7326536 0.05282666 0.6659026
v 0.6819795 -0.01149815 -0.7246582
v 0.6761938 -0.01325259 -0.7185112
v 0.6586475 -0.01325259 -0.7208214
v 0.6642819 -0.01149815 -0.7269882
v 0.6984679 -0.01149815 -0.7178282
v 0.6925433 -0.01325259 -0.7117392
v 0.6761938 -0.01325259 -0.7185112
v 0.6819795 -0.01149815 -0.7246582
v 0.7126272 -0.01149815 -0.7069627
v 0.7065823 -0.01325259 -0.7009657
v 0.6925433 -0.01325259 -0.7117392
v 0.6984679 -0.01149815 -0.7178282
v 0.7234939 -0.01149815 -0.6928028
v 0.7173566 -0.01325259 -0.686926
v 0.7065823 -0.01325259 -0.7009657
v 0.7126272 -0.01149815 -0.7069627
v 0.7303235 -0.01149815 -0.6763132
v 0.7241272 -0.01325259 -0.6705762
v 0.7173566 -0.01325259 -0.686926
v 0.7234939 -0.01149815 -0.6928028
v 0.7326538 -0.01149815 -0.6586177
v 0.7264391 -0.01325259 -0.6530308
v 0.7241272 -0.01325259 -0.6705762
v 0.7303235 -0.01149815 -0.6763132
v 0.6642819 -0.01149815 -0.7269882
v 0.6586475 -0.01325259 -0.7208214
v -0.6586476 -0.01325259 -0.7208214
v -0.6642819 -0.01149815 -0.7269882
v 0.6642833 -0.01149815 0.7269882
v 0.6586489 -0.01325259 0.7208216
v 0.6761938 -0.01325259 0.7185117
v 0.6819795 -0.01149815 0.7246585
v 0.6819795 -0.01149815 0.7246585
v 0.6761938 -0.01325259 0.7185117
v 0.6925433 -0.01325259 0.7117394
v 0.6984679 -0.01149815 0.7178283
v 0.6984679 -0.01149815 0.7178283
v 0.6925433 -0.01325259 0.7117394
v 0.7065839 -0.01325259 0.7009662
v 0.7126287 -0.01149815 0.7069629
v 0.7126287 -0.01149815 0.7069629
v 0.7065839 -0.01325259 0.7009662
v 0.7173566 -0.01325259 0.6869264
v 0.7234939 -0.01149815 0.692803
v 0.7234939 -0.01149815 0.692803
v 0.7173566 -0.01325259 0.6869264
v 0.7241287 -0.01325259 0.6705765
v 0.7303249 -0.01149815 0.6763134
v 0.7303249 -0.01149815 0.6763134
v 0.7241287 -0.01325259 0.6705765
v 0.7264391 -0.01325259 0.6530312
v 0.7326538 -0.01149815 0.6586179
v 0.7326538 -0.01149815 0.6586179
v 0.7264391 -0.01325259 0.6530312
v 0.7264391 -0.01325259 -0.6530308
v 0.7326538 -0.01149815 -0.6586177
v -0.6642819 -0.01149815 -0.7269882
v -0.6586476 -0.01325259 -0.7208214
v -0.6761938 -0.01325259 -0.7185112
v -0.6819797 -0.01149815 -0.7246582
v -0.6819797 -0.01149815 -0.7246582
v -0.6761938 -0.01325259 -0.7185112
v -0.6925434 -0.01325259 -0.7117392
v -0.6984679 -0.01149815 -0.7178282
v -0.6984679 -0.01149815 -0.7178282
v -0.6925434 -0.01325259 -0.7117392
v -0.7065823 -0.01325259 -0.7009657
v -0.7126272 -0.01149815 -0.7069627
v -0.7126272 -0.01149815 -0.7069627
v -0.7065823 -0.01325259 -0.7009657
v -0.7173566 -0.01325259 -0.686926
v -0.7234938 -0.01149815 -0.6928028
v -0.7234938 -0.01149815 -0.6928028
v -0.7173566 -0.01325259 -0.686926
v -0.7241272 -0.01325259 -0.6705762
v -0.7303233 -0.01149815 -0.6763132
v -0.7303233 -0.01149815 -0.6763132
v -0.7241272 -0.01325259 -0.6705762
v -0.7264391 -0.01325259 -0.6530308
v -0.7326536 -0.01149815 -0.6586177
v -0.7326536 -0.01149815 -0.6586177
v -0.7264391 -0.01325259 -0.6530308
v -0.7264391 -0.01325259 0.6530312
v -0.7326536 -0.01149815 0.6586179
v -0.6819797 -0.01149815 0.7246585
v -0.6761938 -0.01325259 0.7185117
v -0.6586488 -0.01325259 0.7208216
v -0.6642833 -0.01149815 0.7269882
v -0.6984679 -0.01149815 0.7178283
v -0.6925434 -0.01325259 0.7117394
v -0.6761938 -0.01325259 0.7185117
v -0.6819797 -0.01149815 0.7246585
v -0.7126285 -0.01149815 0.7069629
v -0.7065839 -0.01325259 0.7009662
v -0.6925434 -0.01325259 0.7117394
v -0.6984679 -0.01149815 0.7178283
v -0.7234938 -0.01149815 0.692803
v -0.7173566 -0.01325259 0.6869264
v -0.7065839 -0.01325259 0.7009662
v -0.7126285 -0.01149815 0.7069629
v -0.7303249 -0.01149815 0.6763134
v -0.7241284 -0.01325259 0.6705765
v -0.7173566 -0.01325259 0.6869264
v -0.7234938 -0.01149815 0.692803
v -0.7326536 -0.01149815 0.6586179
v -0.7264391 -0.01325259 0.6530312
v -0.7241284 -0.01325259 0.6705765
v -0.7303249 -0.01149815 0.6763134
v -0.6642833 -0.01149815 0.7269882
v -0.6586488 -0.01325259 0.7208216
v 0.6586489 -0.01325259 0.7208216
v 0.6642833 -0.01149815 0.7269882
v 0.6773946 0.05113083 -0.7492101
v 0.6936685 0.05282666 -0.7381312
v 0.6748556 0.05282666 -0.7406105
v 0.6973327 0.05126029 -0.746254
v 0.7631614 -0.0138698 -0.90285
v 0.7999957 -0.01399923 -0.8983287
v 0.7159678 0.05131737 -0.7383559
v 0.834267 -0.01405642 -0.8843044
v 0.7109192 0.05282666 -0.7309771
v 0.6936685 0.05282666 -0.7381312
v 0.7320541 0.05131461 -0.7260096
v 0.8636103 -0.01405369 -0.8617772
v 0.7257275 0.05282666 -0.7195904
v 0.7109192 0.05282666 -0.7309771
v 0.6748556 0.05282666 -0.7406105
v -0.674871 0.05282666 -0.7404874
v -0.6774533 0.05108587 -0.7493163
v 0.6773946 0.05113083 -0.7492101
v 0.7320541 0.05131461 -0.7260096
v 0.7370116 0.05282666 -0.7047125
v 0.7257275 0.05282666 -0.7195904
v 0.7444717 0.05127795 -0.7099802
v 0.8636103 -0.01405369 -0.8617772
v 0.8860524 -0.01401731 -0.8323588
v 0.7524686 0.05117352 -0.6913959
v 0.8999724 -0.01391339 -0.7980182
v 0.7440527 0.05282666 -0.6874385
v 0.7370116 0.05282666 -0.7047125
v 0.7554041 0.05104876 -0.6714152
v 0.9045067 -0.01378786 -0.7612013
v 0.7465918 0.05282666 -0.6686689
v 0.7440527 0.05282666 -0.6874385
v 0.7554055 0.05104844 0.671416
v 0.9046203 -0.0138372 0.7612698
v 0.7554041 0.05104876 -0.6714152
v 0.7554055 0.05104844 0.671416
v 0.7465946 0.05282666 0.6686445
v 0.7465918 0.05282666 -0.6686689
v 0.7443246 0.05282666 0.6678104
v 0.7443231 0.05282666 -0.66781
v 0.7440527 0.05282666 -0.6874385
v 0.7419214 0.05282666 -0.6860745
v 0.7370116 0.05282666 -0.7047125
v 0.7348775 0.05282666 -0.703094
v 0.7257275 0.05282666 -0.7195904
v 0.7236717 0.05282666 -0.717709
v 0.6774535 0.05108587 0.7493166
v -0.6773947 0.05113083 0.7492102
v -0.6748556 0.05282666 0.7406109
v 0.674871 0.05282666 0.7404876
v 0.674871 0.05282666 0.7404876
v 0.6936224 0.05282666 0.737954
v 0.6974308 0.0511982 0.7463987
v 0.6774535 0.05108587 0.7493166
v 0.7631027 -0.01382482 0.9027438
v -0.6773947 0.05113083 0.7492102
v -0.7631615 -0.01386979 0.9028501
v 0.7999004 -0.01393766 0.8981856
v 0.7160183 0.05128944 0.7384186
v 0.6936224 0.05282666 0.737954
v 0.7108771 0.05282666 0.7309032
v 0.8342166 -0.01402851 0.8842424
v 0.7320484 0.05131751 0.7260037
v 0.8636174 -0.01405646 0.8617832
v 0.7108771 0.05282666 0.7309032
v 0.7257344 0.05282666 0.7195969
v 0.7257344 0.05282666 0.7195969
v 0.7371013 0.05282666 0.7047643
v 0.7443974 0.05131187 0.7099168
v 0.7320484 0.05131751 0.7260037
v 0.8636174 -0.01405646 0.8617832
v 0.8861267 -0.01405095 0.8324221
v 0.7523131 0.05124263 0.6912829
v 0.7371013 0.05282666 0.7047643
v 0.7442504 0.05282666 0.6874908
v 0.9001279 -0.0139818 0.7981306
v 0.7554055 0.05104844 0.671416
v 0.9046203 -0.0138372 0.7612698
v 0.7442504 0.05282666 0.6874908
v 0.7465946 0.05282666 0.6686445
v -0.674871 0.05282666 -0.7404874
v -0.6936209 0.05282666 -0.7379538
v -0.6974294 0.0511982 -0.7463986
v -0.6774533 0.05108587 -0.7493163
v -0.7631024 -0.01382485 -0.9027436
v 0.7631614 -0.0138698 -0.90285
v 0.6773946 0.05113083 -0.7492101
v -0.799899 -0.01393768 -0.8981853
v -0.7160184 0.05128942 -0.7384183
v -0.6936209 0.05282666 -0.7379538
v -0.7108771 0.05282666 -0.7309029
v -0.8342168 -0.01402851 -0.8842421
v -0.7320483 0.0513175 -0.7260035
v -0.8636159 -0.01405648 -0.8617829
v -0.7108771 0.05282666 -0.7309029
v -0.7257344 0.05282666 -0.7195966
v -0.7257344 0.05282666 -0.7195966
v -0.7371011 0.05282666 -0.7047642
v -0.7443976 0.05131187 -0.7099167
v -0.7320483 0.0513175 -0.7260035
v -0.8636159 -0.01405648 -0.8617829
v -0.8861254 -0.01405095 -0.8324218
v -0.7523115 0.05124263 -0.6912827
v -0.7371011 0.05282666 -0.7047642
v -0.7442489 0.05282666 -0.6874907
v -0.9001263 -0.01398181 -0.7981303
v -0.7554042 0.05104845 -0.6714156
v -0.7442489 0.05282666 -0.6874907
v -0.7465932 0.05282666 -0.6686441
v -0.9046202 -0.01383725 -0.7612697
v -0.7554054 0.05104874 0.6714156
v -0.9045068 -0.01378783 0.7612014
v -0.7465932 0.05282666 -0.6686441
v -0.7554054 0.05104874 0.6714156
v -0.7554042 0.05104845 -0.6714156
v -0.7465932 0.05282666 0.6686692
v -0.7443246 0.05282666 0.6678104
v -0.7443231 0.05282666 -0.66781
v -0.7440543 0.05282666 0.6874387
v -0.7419227 0.05282666 0.6860747
v -0.7370116 0.05282666 0.7047126
v -0.7348776 0.05282666 0.7030942
v -0.7257272 0.05282666 0.7195905
v -0.7236717 0.05282666 0.7177094
v -0.6773947 0.05113083 0.7492102
v -0.6936699 0.05282666 0.7381313
v -0.6748556 0.05282666 0.7406109
v -0.6973343 0.05126029 0.7462542
v -0.7631615 -0.01386979 0.9028501
v -0.7999971 -0.01399922 0.898329
v -0.715968 0.05131737 0.7383562
v -0.8342671 -0.01405641 0.8843048
v -0.7109192 0.05282666 0.7309774
v -0.6936699 0.05282666 0.7381313
v -0.7320541 0.05131462 0.7260098
v -0.8636118 -0.01405368 0.8617775
v -0.7257272 0.05282666 0.7195905
v -0.7109192 0.05282666 0.7309774
v -0.7320541 0.05131462 0.7260098
v -0.7370116 0.05282666 0.7047126
v -0.7257272 0.05282666 0.7195905
v -0.7444705 0.051278 0.7099803
v -0.8636118 -0.01405368 0.8617775
v -0.8860537 -0.01401732 0.8323591
v -0.7524699 0.05117352 0.6913962
v -0.8999739 -0.01391336 0.7980184
v -0.7440543 0.05282666 0.6874387
v -0.7370116 0.05282666 0.7047126
v -0.7554054 0.05104874 0.6714156
v -0.9045068 -0.01378783 0.7612014
v -0.7465932 0.05282666 0.6686692
v -0.7440543 0.05282666 0.6874387
v 0.7109192 0.05282666 -0.7309771
v 0.7257275 0.05282666 -0.7195904
v 0.7236717 0.05282666 -0.717709
v 0.7090681 0.05282666 -0.7289236
v 0.6936685 0.05282666 -0.7381312
v 0.6920613 0.05282666 -0.7359734
v 0.6748556 0.05282666 -0.7406105
v 0.673813 0.05282666 -0.7383779
v 0.674871 0.05282666 0.7404876
v -0.6748556 0.05282666 0.7406109
v -0.6738116 0.05282666 0.738378
v 0.673813 0.05282666 0.738378
v 0.6920627 0.05282666 0.7359737
v 0.6936224 0.05282666 0.737954
v 0.7090681 0.05282666 0.7289238
v 0.7108771 0.05282666 0.7309032
v 0.7236717 0.05282666 0.7177094
v 0.7257344 0.05282666 0.7195969
v 0.7442504 0.05282666 0.6874908
v 0.7443246 0.05282666 0.6678104
v 0.7465946 0.05282666 0.6686445
v 0.7419228 0.05282666 0.6860747
v 0.7371013 0.05282666 0.7047643
v 0.7348775 0.05282666 0.7030942
v 0.7257344 0.05282666 0.7195969
v 0.7236717 0.05282666 0.7177094
v 0.6748556 0.05282666 -0.7406105
v 0.673813 0.05282666 -0.7383779
v -0.6738116 0.05282666 -0.7383779
v -0.674871 0.05282666 -0.7404874
v -0.6920613 0.05282666 -0.7359734
v -0.6936209 0.05282666 -0.7379538
v -0.7090683 0.05282666 -0.7289236
v -0.7108771 0.05282666 -0.7309029
v -0.7236717 0.05282666 -0.717709
v -0.7257344 0.05282666 -0.7195966
v -0.7442489 0.05282666 -0.6874907
v -0.7443231 0.05282666 -0.66781
v -0.7465932 0.05282666 -0.6686441
v -0.7419215 0.05282666 -0.6860745
v -0.7371011 0.05282666 -0.7047642
v -0.7348776 0.05282666 -0.703094
v -0.7257344 0.05282666 -0.7195966
v -0.7236717 0.05282666 -0.717709
v -0.7109192 0.05282666 0.7309774
v -0.7257272 0.05282666 0.7195905
v -0.7236717 0.05282666 0.7177094
v -0.7090683 0.05282666 0.7289238
v -0.6936699 0.05282666 0.7381313
v -0.692063 0.05282666 0.7359737
v -0.6748556 0.05282666 0.7406109
v -0.6738116 0.05282666 0.738378
v 0.7653992 -0.02021768 -0.9068586
v 0.7999957 -0.01399923 -0.8983287
v 0.7631614 -0.0138698 -0.90285
v 0.8024603 -0.02024699 -0.9019792
v 0.8024603 -0.04812723 -0.9019792
v 0.7653992 -0.04812723 -0.9068586
v 0.7631614 -0.0138698 -0.90285
v -0.7631024 -0.01382485 -0.9027436
v -0.7653992 -0.02021768 -0.9068586
v 0.7653992 -0.02021768 -0.9068586
v 0.7653992 -0.04812723 -0.9068586
v -0.7653992 -0.04812723 -0.9068586
v 0.8024603 -0.02024699 -0.9019792
v 0.834267 -0.01405642 -0.8843044
v 0.7999957 -0.01399923 -0.8983287
v 0.836998 -0.02019924 -0.8876739
v 0.836998 -0.04812723 -0.8876739
v 0.8024603 -0.04812723 -0.9019792
v 0.836998 -0.02019924 -0.8876739
v 0.8636103 -0.01405369 -0.8617772
v 0.834267 -0.01405642 -0.8843044
v 0.8666539 -0.02016107 -0.8649176
v 0.8666539 -0.04812723 -0.8649176
v 0.836998 -0.04812723 -0.8876739
v 0.8666539 -0.02016107 -0.8649176
v 0.8860524 -0.01401731 -0.8323588
v 0.8636103 -0.01405369 -0.8617772
v 0.8894098 -0.02020782 -0.8352607
v 0.8894098 -0.04812723 -0.8352607
v 0.8666539 -0.04812723 -0.8649176
v 0.8894098 -0.02020782 -0.8352607
v 0.8999724 -0.01391339 -0.7980182
v 0.8860524 -0.01401731 -0.8323588
v 0.9037164 -0.02025604 -0.8007249
v 0.9037164 -0.04812723 -0.8007249
v 0.8894098 -0.04812723 -0.8352607
v 0.9037164 -0.02025604 -0.8007249
v 0.9045067 -0.01378786 -0.7612013
v 0.8999724 -0.01391339 -0.7980182
v 0.9085956 -0.02022242 -0.7636633
v 0.9085956 -0.04812723 -0.7636633
v 0.9037164 -0.04812723 -0.8007249
v 0.9085956 -0.02022242 -0.7636633
v 0.9046203 -0.0138372 0.7612698
v 0.9045067 -0.01378786 -0.7612013
v 0.9085956 -0.02022241 0.7636635
v 0.9085956 -0.04812723 0.7636635
v 0.9085956 -0.04812723 -0.7636633
v 0.7653992 -0.02021766 0.9068587
v -0.7631615 -0.01386979 0.9028501
v 0.7631027 -0.01382482 0.9027438
v -0.7653992 -0.02021766 0.9068587
v -0.7653992 -0.04812723 0.9068587
v 0.7653992 -0.04812723 0.9068587
v 0.7631027 -0.01382482 0.9027438
v 0.7999004 -0.01393766 0.8981856
v 0.8024619 -0.02024699 0.9019794
v 0.7653992 -0.02021766 0.9068587
v 0.7653992 -0.04812723 0.9068587
v 0.8024619 -0.04812723 0.9019794
v 0.7999004 -0.01393766 0.8981856
v 0.8342166 -0.01402851 0.8842424
v 0.836998 -0.02019923 0.8876743
v 0.8024619 -0.02024699 0.9019794
v 0.8024619 -0.04812723 0.9019794
v 0.836998 -0.04812723 0.8876743
v 0.8342166 -0.01402851 0.8842424
v 0.8636174 -0.01405646 0.8617832
v 0.8666552 -0.02016106 0.8649179
v 0.836998 -0.02019923 0.8876743
v 0.836998 -0.04812723 0.8876743
v 0.8666552 -0.04812723 0.8649179
v 0.8636174 -0.01405646 0.8617832
v 0.8861267 -0.01405095 0.8324221
v 0.8894112 -0.02020781 0.8352611
v 0.8666552 -0.02016106 0.8649179
v 0.8666552 -0.04812723 0.8649179
v 0.8894112 -0.04812723 0.8352611
v 0.8861267 -0.01405095 0.8324221
v 0.9001279 -0.0139818 0.7981306
v 0.9037178 -0.02025604 0.8007252
v 0.8894112 -0.02020781 0.8352611
v 0.8894112 -0.04812723 0.8352611
v 0.9037178 -0.04812723 0.8007252
v 0.9001279 -0.0139818 0.7981306
v 0.9046203 -0.0138372 0.7612698
v 0.9085956 -0.02022241 0.7636635
v 0.9037178 -0.02025604 0.8007252
v 0.9037178 -0.04812723 0.8007252
v 0.9085956 -0.04812723 0.7636635
v -0.7631024 -0.01382485 -0.9027436
v -0.799899 -0.01393768 -0.8981853
v -0.8024606 -0.02024699 -0.9019792
v -0.7653992 -0.02021768 -0.9068586
v -0.7653992 -0.04812723 -0.9068586
v -0.8024606 -0.04812723 -0.9019792
v -0.799899 -0.01393768 -0.8981853
v -0.8342168 -0.01402851 -0.8842421
v -0.836998 -0.02019924 -0.8876739
v -0.8024606 -0.02024699 -0.9019792
v -0.8024606 -0.04812723 -0.9019792
v -0.836998 -0.04812723 -0.8876739
v -0.8342168 -0.01402851 -0.8842421
v -0.8636159 -0.01405648 -0.8617829
v -0.8666539 -0.02016107 -0.8649176
v -0.836998 -0.02019924 -0.8876739
v -0.836998 -0.04812723 -0.8876739
v -0.8666539 -0.04812723 -0.8649176
v -0.8636159 -0.01405648 -0.8617829
v -0.8861254 -0.01405095 -0.8324218
v -0.8894098 -0.02020782 -0.8352607
v -0.8666539 -0.02016107 -0.8649176
v -0.8666539 -0.04812723 -0.8649176
v -0.8894098 -0.04812723 -0.8352607
v -0.8861254 -0.01405095 -0.8324218
v -0.9001263 -0.01398181 -0.7981303
v -0.9037166 -0.02025604 -0.8007249
v -0.8894098 -0.02020782 -0.8352607
v -0.8894098 -0.04812723 -0.8352607
v -0.9037166 -0.04812723 -0.8007249
v -0.9001263 -0.01398181 -0.7981303
v -0.9046202 -0.01383725 -0.7612697
v -0.9085956 -0.02022244 -0.7636633
v -0.9037166 -0.02025604 -0.8007249
v -0.9037166 -0.04812723 -0.8007249
v -0.9085956 -0.04812723 -0.7636633
v -0.9046202 -0.01383725 -0.7612697
v -0.9045068 -0.01378783 0.7612014
v -0.9085956 -0.02022241 0.7636635
v -0.9085956 -0.02022244 -0.7636633
v -0.9085956 -0.04812723 -0.7636633
v -0.9085956 -0.04812723 0.7636635
v -0.7653992 -0.02021766 0.9068587
v -0.7999971 -0.01399922 0.898329
v -0.7631615 -0.01386979 0.9028501
v -0.8024619 -0.02024699 0.9019794
v -0.8024619 -0.04812723 0.9019794
v -0.7653992 -0.04812723 0.9068587
v -0.8024619 -0.02024699 0.9019794
v -0.8342671 -0.01405641 0.8843048
v -0.7999971 -0.01399922 0.898329
v -0.836998 -0.02019923 0.8876743
v -0.836998 -0.04812723 0.8876743
v -0.8024619 -0.04812723 0.9019794
v -0.836998 -0.02019923 0.8876743
v -0.8636118 -0.01405368 0.8617775
v -0.8342671 -0.01405641 0.8843048
v -0.8666551 -0.02016106 0.8649179
v -0.8666551 -0.04812723 0.8649179
v -0.836998 -0.04812723 0.8876743
v -0.8666551 -0.02016106 0.8649179
v -0.8860537 -0.01401732 0.8323591
v -0.8636118 -0.01405368 0.8617775
v -0.889411 -0.02020781 0.8352611
v -0.889411 -0.04812723 0.8352611
v -0.8666551 -0.04812723 0.8649179
v -0.889411 -0.02020781 0.8352611
v -0.8999739 -0.01391336 0.7980184
v -0.8860537 -0.01401732 0.8323591
v -0.9037178 -0.02025604 0.8007252
v -0.9037178 -0.04812723 0.8007252
v -0.889411 -0.04812723 0.8352611
v -0.9037178 -0.02025604 0.8007252
v -0.9045068 -0.01378783 0.7612014
v -0.8999739 -0.01391336 0.7980184
v -0.9085956 -0.02022241 0.7636635
v -0.9085956 -0.04812723 0.7636635
v -0.9037178 -0.04812723 0.8007252
v -0.836998 -0.04812723 -0.8876739
v -0.8059692 -0.04940727 -0.9059244
v -0.8024606 -0.04812723 -0.9019792
v -0.8406579 -0.04940727 -0.8915566
v -0.8074586 -0.05169201 -0.9075978
v -0.842212 -0.05169201 -0.8932036
v -0.8074586 -0.05553163 -0.9075978
v -0.842212 -0.05553163 -0.8932036
v -0.8049588 -0.058868 -0.9047868
v -0.8396028 -0.058868 -0.890437
v -0.8666539 -0.04812723 -0.8649176
v -0.8406579 -0.04940727 -0.8915566
v -0.836998 -0.04812723 -0.8876739
v -0.8704442 -0.04940727 -0.8687006
v -0.842212 -0.05169201 -0.8932036
v -0.8720527 -0.05169201 -0.8703054
v -0.842212 -0.05553163 -0.8932036
v -0.8720527 -0.05553163 -0.8703054
v -0.8396028 -0.058868 -0.890437
v -0.8693524 -0.058868 -0.8676099
v -0.8894098 -0.04812723 -0.8352607
v -0.8704442 -0.04940727 -0.8687006
v -0.8666539 -0.04812723 -0.8649176
v -0.8932997 -0.04940727 -0.8389141
v -0.8720527 -0.05169201 -0.8703054
v -0.8949504 -0.05169201 -0.8404639
v -0.8720527 -0.05553163 -0.8703054
v -0.8949504 -0.05553163 -0.8404639
v -0.8693524 -0.058868 -0.8676099
v -0.8921771 -0.058868 -0.8378606
v -0.9037166 -0.04812723 -0.8007249
v -0.8932997 -0.04940727 -0.8389141
v -0.8894098 -0.04812723 -0.8352607
v -0.9076678 -0.04940727 -0.8042273
v -0.8949504 -0.05169201 -0.8404639
v -0.9093466 -0.05169201 -0.8057129
v -0.8949504 -0.05553163 -0.8404639
v -0.9093466 -0.05553163 -0.8057129
v -0.8921771 -0.058868 -0.8378606
v -0.90653 -0.058868 -0.8032174
v -0.9085956 -0.04812723 -0.7636633
v -0.9076678 -0.04940727 -0.8042273
v -0.9037166 -0.04812723 -0.8007249
v -0.9125694 -0.04940727 -0.7670035
v -0.9093466 -0.05169201 -0.8057129
v -0.9142566 -0.05169201 -0.7684204
v -0.9093466 -0.05553163 -0.8057129
v -0.9142566 -0.05553163 -0.7684204
v -0.90653 -0.058868 -0.8032174
v -0.9114244 -0.058868 -0.7660403
v -0.9085956 -0.04812723 0.7636635
v -0.9125694 -0.04940727 -0.7670035
v -0.9085956 -0.04812723 -0.7636633
v -0.9125694 -0.04940725 0.7670036
v -0.9142566 -0.05169201 -0.7684204
v -0.9142566 -0.051692 0.7684205
v -0.9142566 -0.05553163 -0.7684204
v -0.9142566 -0.05553161 0.7684205
v -0.9114244 -0.058868 -0.7660403
v -0.9114244 -0.05886798 0.7660405
v -0.9037178 -0.04812723 0.8007252
v -0.9125694 -0.04940725 0.7670036
v -0.9085956 -0.04812723 0.7636635
v -0.9076692 -0.04940725 0.8042274
v -0.9142566 -0.051692 0.7684205
v -0.909348 -0.051692 0.805713
v -0.9142566 -0.05553161 0.7684205
v -0.909348 -0.05553161 0.805713
v -0.9114244 -0.05886798 0.7660405
v -0.9065315 -0.05886798 0.8032176
v -0.889411 -0.04812723 0.8352611
v -0.9076692 -0.04940725 0.8042274
v -0.9037178 -0.04812723 0.8007252
v -0.8932997 -0.04940725 0.8389145
v -0.909348 -0.051692 0.805713
v -0.8949516 -0.051692 0.8404642
v -0.909348 -0.05553161 0.805713
v -0.8949516 -0.05553161 0.8404642
v -0.9065315 -0.05886798 0.8032176
v -0.8921787 -0.05886798 0.8378611
v -0.8666551 -0.04812723 0.8649179
v -0.8932997 -0.04940725 0.8389145
v -0.889411 -0.04812723 0.8352611
v -0.8704455 -0.04940725 0.868701
v -0.8949516 -0.051692 0.8404642
v -0.8720555 -0.051692 0.8703058
v -0.8949516 -0.05553161 0.8404642
v -0.8720555 -0.05553161 0.8703058
v -0.8921787 -0.05886798 0.8378611
v -0.869354 -0.05886798 0.8676102
v -0.836998 -0.04812723 0.8876743
v -0.8704455 -0.04940725 0.868701
v -0.8666551 -0.04812723 0.8649179
v -0.8406579 -0.04940725 0.8915569
v -0.8720555 -0.051692 0.8703058
v -0.842212 -0.051692 0.893204
v -0.8720555 -0.05553161 0.8703058
v -0.842212 -0.05553161 0.893204
v -0.869354 -0.05886798 0.8676102
v -0.8396028 -0.05886798 0.8904374
v -0.8024619 -0.04812723 0.9019794
v -0.8406579 -0.04940725 0.8915569
v -0.836998 -0.04812723 0.8876743
v -0.8059704 -0.04940725 0.9059247
v -0.842212 -0.051692 0.893204
v -0.8074598 -0.051692 0.9075981
v -0.842212 -0.05553161 0.893204
v -0.8074598 -0.05553161 0.9075981
v -0.8396028 -0.05886798 0.8904374
v -0.8049603 -0.05886798 0.9047871
v -0.7653992 -0.04812723 0.9068587
v -0.8059704 -0.04940725 0.9059247
v -0.8024619 -0.04812723 0.9019794
v -0.7687451 -0.04940725 0.9108252
v -0.8074598 -0.051692 0.9075981
v -0.7701662 -0.051692 0.9125077
v -0.8074598 -0.05553161 0.9075981
v -0.7701662 -0.05553161 0.9125077
v -0.8049603 -0.05886798 0.9047871
v -0.7677814 -0.05886798 0.9096815
v 0.7653992 -0.04812723 0.9068587
v -0.7687451 -0.04940725 0.9108252
v -0.7653992 -0.04812723 0.9068587
v 0.7687454 -0.04940725 0.9108252
v -0.7701662 -0.051692 0.9125077
v 0.7701647 -0.051692 0.9125077
v -0.7701662 -0.05553161 0.9125077
v 0.7701647 -0.05553161 0.9125077
v -0.7677814 -0.05886798 0.9096815
v 0.7677814 -0.05886798 0.9096815
v 0.8024619 -0.04812723 0.9019794
v 0.7687454 -0.04940725 0.9108252
v 0.7653992 -0.04812723 0.9068587
v 0.805972 -0.04940725 0.9059247
v 0.7701647 -0.051692 0.9125077
v 0.80746 -0.051692 0.9075981
v 0.7701647 -0.05553161 0.9125077
v 0.80746 -0.05553161 0.9075981
v 0.7677814 -0.05886798 0.9096815
v 0.8049601 -0.05886798 0.9047871
v 0.836998 -0.04812723 0.8876743
v 0.805972 -0.04940725 0.9059247
v 0.8024619 -0.04812723 0.9019794
v 0.8406594 -0.04940725 0.8915569
v 0.80746 -0.051692 0.9075981
v 0.8422121 -0.051692 0.893204
v 0.80746 -0.05553161 0.9075981
v 0.8422121 -0.05553161 0.893204
v 0.8049601 -0.05886798 0.9047871
v 0.8396029 -0.05886798 0.8904374
v 0.8666552 -0.04812723 0.8649179
v 0.8406594 -0.04940725 0.8915569
v 0.836998 -0.04812723 0.8876743
v 0.8704455 -0.04940725 0.868701
v 0.8422121 -0.051692 0.893204
v 0.8720528 -0.051692 0.8703058
v 0.8422121 -0.05553161 0.893204
v 0.8720528 -0.05553161 0.8703058
v 0.8396029 -0.05886798 0.8904374
v 0.869354 -0.05886798 0.8676102
v 0.8894112 -0.04812723 0.8352611
v 0.8704455 -0.04940725 0.868701
v 0.8666552 -0.04812723 0.8649179
v 0.8932996 -0.04940725 0.8389145
v 0.8720528 -0.051692 0.8703058
v 0.8949517 -0.051692 0.8404642
v 0.8720528 -0.05553161 0.8703058
v 0.8949517 -0.05553161 0.8404642
v 0.869354 -0.05886798 0.8676102
v 0.8921788 -0.05886798 0.8378611
v 0.9037178 -0.04812723 0.8007252
v 0.8932996 -0.04940725 0.8389145
v 0.8894112 -0.04812723 0.8352611
v 0.9076707 -0.04940725 0.8042274
v 0.8949517 -0.051692 0.8404642
v 0.9093479 -0.051692 0.805713
v 0.8949517 -0.05553161 0.8404642
v 0.9093479 -0.05553161 0.805713
v 0.8921788 -0.05886798 0.8378611
v 0.9065315 -0.05886798 0.8032176
v 0.9085956 -0.04812723 0.7636635
v 0.9076707 -0.04940725 0.8042274
v 0.9037178 -0.04812723 0.8007252
v 0.9125694 -0.04940725 0.7670036
v 0.9093479 -0.051692 0.805713
v 0.9142566 -0.051692 0.7684205
v 0.9093479 -0.05553161 0.805713
v 0.9142566 -0.05553161 0.7684205
v 0.9065315 -0.05886798 0.8032176
v 0.9114245 -0.05886798 0.7660405
v 0.9085956 -0.04812723 -0.7636633
v 0.9125694 -0.04940725 0.7670036
v 0.9085956 -0.04812723 0.7636635
v 0.9125694 -0.04940727 -0.7670035
v 0.9142566 -0.051692 0.7684205
v 0.9142566 -0.05169201 -0.7684204
v 0.9142566 -0.05553161 0.7684205
v 0.9142566 -0.05553163 -0.7684204
v 0.9114245 -0.05886798 0.7660405
v 0.9114245 -0.058868 -0.7660403
v 0.9037164 -0.04812723 -0.8007249
v 0.9125694 -0.04940727 -0.7670035
v 0.9085956 -0.04812723 -0.7636633
v 0.9076692 -0.04940727 -0.8042273
v 0.9142566 -0.05169201 -0.7684204
v 0.9093467 -0.05169201 -0.8057129
v 0.9142566 -0.05553163 -0.7684204
v 0.9093467 -0.05553163 -0.8057129
v 0.9114245 -0.058868 -0.7660403
v 0.9065301 -0.058868 -0.8032174
v 0.8894098 -0.04812723 -0.8352607
v 0.9076692 -0.04940727 -0.8042273
v 0.9037164 -0.04812723 -0.8007249
v 0.8932996 -0.04940727 -0.8389141
v 0.9093467 -0.05169201 -0.8057129
v 0.8949502 -0.05169201 -0.8404639
v 0.9093467 -0.05553163 -0.8057129
v 0.8949502 -0.05553163 -0.8404639
v 0.9065301 -0.058868 -0.8032174
v 0.8921773 -0.058868 -0.8378606
v 0.8666539 -0.04812723 -0.8649176
v 0.8932996 -0.04940727 -0.8389141
v 0.8894098 -0.04812723 -0.8352607
v 0.8704441 -0.04940727 -0.8687006
v 0.8949502 -0.05169201 -0.8404639
v 0.8720528 -0.05169201 -0.8703054
v 0.8949502 -0.05553163 -0.8404639
v 0.8720528 -0.05553163 -0.8703054
v 0.8921773 -0.058868 -0.8378606
v 0.8693525 -0.058868 -0.8676099
v 0.836998 -0.04812723 -0.8876739
v 0.8704441 -0.04940727 -0.8687006
v 0.8666539 -0.04812723 -0.8649176
v 0.8406594 -0.04940727 -0.8915566
v 0.8720528 -0.05169201 -0.8703054
v 0.8422121 -0.05169201 -0.8932036
v 0.8720528 -0.05553163 -0.8703054
v 0.8422121 -0.05553163 -0.8932036
v 0.8693525 -0.058868 -0.8676099
v 0.8396029 -0.058868 -0.890437
v 0.8024603 -0.04812723 -0.9019792
v 0.8406594 -0.04940727 -0.8915566
v 0.836998 -0.04812723 -0.8876739
v 0.8059705 -0.04940727 -0.9059244
v 0.8422121 -0.05169201 -0.8932036
v 0.8074586 -0.05169201 -0.9075978
v 0.8422121 -0.05553163 -0.8932036
v 0.8074586 -0.05553163 -0.9075978
v 0.8396029 -0.058868 -0.890437
v 0.8049586 -0.058868 -0.9047868
v 0.7653992 -0.04812723 -0.9068586
v 0.8059705 -0.04940727 -0.9059244
v 0.8024603 -0.04812723 -0.9019792
v 0.7687454 -0.04940727 -0.910825
v 0.8074586 -0.05169201 -0.9075978
v 0.7701647 -0.05169201 -0.9125077
v 0.8074586 -0.05553163 -0.9075978
v 0.7701647 -0.05553163 -0.9125077
v 0.8049586 -0.058868 -0.9047868
v 0.7677814 -0.058868 -0.9096814
v -0.7653992 -0.04812723 -0.9068586
v 0.7687454 -0.04940727 -0.910825
v 0.7653992 -0.04812723 -0.9068586
v -0.7687451 -0.04940727 -0.910825
v 0.7701647 -0.05169201 -0.9125077
v -0.7701662 -0.05169201 -0.9125077
v 0.7701647 -0.05553163 -0.9125077
v -0.7701662 -0.05553163 -0.9125077
v 0.7677814 -0.058868 -0.9096814
v -0.7677814 -0.058868 -0.9096814
v -0.8024606 -0.04812723 -0.9019792
v -0.7687451 -0.04940727 -0.910825
v -0.7653992 -0.04812723 -0.9068586
v -0.8059692 -0.04940727 -0.9059244
v -0.7701662 -0.05169201 -0.9125077
v -0.8074586 -0.05169201 -0.9075978
v -0.7701662 -0.05553163 -0.9125077
v -0.8074586 -0.05553163 -0.9075978
v -0.7677814 -0.058868 -0.9096814
v -0.8049588 -0.058868 -0.9047868
v -0.7090683 0.05282666 -0.7289236
v -0.7234099 0.05631614 -0.7174833
v -0.7236717 0.05282666 -0.717709
v -0.709082 0.05631614 -0.7284833
v -0.6920613 0.05282666 -0.7359734
v -0.7206338 0.05886799 -0.7147731
v -0.6924005 0.05631614 -0.7353982
v -0.6738116 0.05282666 -0.7383779
v -0.7066945 0.05886799 -0.7254739
v -0.7173972 0.05886799 -0.7116433
v -0.6744983 0.05631614 -0.7377568
v 0.673813 0.05282666 -0.7383779
v 0.6744983 0.05631614 -0.7377568
v -0.7041664 0.05886799 -0.7217967
v -0.7147613 0.05282666 -0.7090964
v -0.7021096 0.05282666 -0.7188042
v -0.690464 0.05886799 -0.7322007
v -0.6887616 0.05886799 -0.7281792
v -0.6873772 0.05282666 -0.7249066
v -0.6730481 0.05886799 -0.7344952
v 0.6744983 0.05631614 -0.7377568
v -0.6722325 0.05886799 -0.7303562
v -0.6715683 0.05282666 -0.7269882
v 0.673048 0.05886799 -0.7344952
v 0.6722325 0.05886799 -0.7303562
v 0.6715683 0.05282666 -0.7269882
v 0.673048 0.05886799 -0.7344952
v 0.6924004 0.05631614 -0.7353982
v 0.6920613 0.05282666 -0.7359734
v 0.673813 0.05282666 -0.7383779
v 0.7090681 0.05282666 -0.7289236
v 0.6904654 0.05886799 -0.7322007
v 0.6722325 0.05886799 -0.7303562
v 0.7090836 0.05631614 -0.7284833
v 0.7236717 0.05282666 -0.717709
v 0.7234097 0.05631614 -0.7174833
v 0.7066972 0.05886799 -0.7254739
v 0.720634 0.05886799 -0.7147731
v 0.6887614 0.05886799 -0.7281792
v 0.6715683 0.05282666 -0.7269882
v 0.687377 0.05282666 -0.7249066
v 0.704168 0.05886799 -0.7217967
v 0.7173972 0.05886799 -0.7116433
v 0.7021096 0.05282666 -0.7188042
v 0.7147614 0.05282666 -0.7090964
v 0.7348775 0.05282666 -0.703094
v 0.7234097 0.05631614 -0.7174833
v 0.7236717 0.05282666 -0.717709
v 0.7344025 0.05631614 -0.7031476
v 0.7419214 0.05282666 -0.6860745
v 0.720634 0.05886799 -0.7147731
v 0.7413134 0.05631614 -0.6864535
v 0.7443231 0.05282666 -0.66781
v 0.731331 0.05886799 -0.7008274
v 0.7173972 0.05886799 -0.7116433
v 0.7436688 0.05631614 -0.6685383
v 0.7443246 0.05282666 0.6678104
v 0.7436703 0.05631616 0.6685387
v 0.7275476 0.05886799 -0.6984112
v 0.7147614 0.05282666 -0.7090964
v 0.7244705 0.05282666 -0.696445
v 0.738054 0.05886799 -0.6845875
v 0.7339287 0.05886799 -0.6830024
v 0.7305714 0.05282666 -0.6817125
v 0.7403465 0.05886799 -0.6671597
v 0.7436703 0.05631616 0.6685387
v 0.736105 0.05886799 -0.6664665
v 0.7326538 0.05282666 -0.6659023
v 0.7403465 0.058868 0.6671602
v 0.7413134 0.05631616 0.6864538
v 0.7419228 0.05282666 0.6860747
v 0.7443246 0.05282666 0.6678104
v 0.7348775 0.05282666 0.7030942
v 0.7344025 0.05631616 0.7031479
v 0.7236717 0.05282666 0.7177094
v 0.7234097 0.05631616 0.7174834
v 0.738054 0.058868 0.6845878
v 0.731331 0.058868 0.7008277
v 0.720634 0.058868 0.7147732
v 0.7275476 0.058868 0.6984115
v 0.7173972 0.058868 0.7116435
v 0.7339287 0.058868 0.6830027
v 0.7244705 0.05282666 0.6964455
v 0.7147627 0.05282666 0.7090967
v 0.7305714 0.05282666 0.6817127
v 0.7326538 0.05282666 0.6659026
v 0.736105 0.058868 0.6664667
v 0.7326538 0.05282666 -0.6659023
v 0.736105 0.05886799 -0.6664665
v 0.7403465 0.05886799 -0.6671597
v 0.7090681 0.05282666 0.7289238
v 0.7234097 0.05631616 0.7174834
v 0.7236717 0.05282666 0.7177094
v 0.7090836 0.05631616 0.7284836
v 0.6920627 0.05282666 0.7359737
v 0.720634 0.058868 0.7147732
v 0.6924033 0.05631616 0.7353985
v 0.673813 0.05282666 0.738378
v 0.7066972 0.058868 0.7254741
v 0.7173972 0.058868 0.7116435
v 0.6744983 0.05631616 0.737757
v -0.6738116 0.05282666 0.738378
v -0.6744983 0.05631616 0.737757
v 0.704168 0.058868 0.7217968
v 0.7147627 0.05282666 0.7090967
v 0.7021096 0.05282666 0.7188042
v 0.6904668 0.058868 0.732201
v 0.6887643 0.058868 0.7281795
v 0.6873785 0.05282666 0.7249068
v 0.673048 0.058868 0.7344953
v -0.6744983 0.05631616 0.737757
v 0.6722325 0.058868 0.7303565
v 0.6715683 0.05282666 0.7269882
v -0.6722325 0.058868 0.7303565
v -0.6715683 0.05282666 0.7269882
v -0.6730481 0.058868 0.7344953
v -0.6722325 0.058868 0.7303565
v -0.6924019 0.05631616 0.7353985
v -0.6904654 0.058868 0.732201
v -0.692063 0.05282666 0.7359737
v -0.6738116 0.05282666 0.738378
v -0.7090683 0.05282666 0.7289238
v -0.709082 0.05631616 0.7284836
v -0.7236717 0.05282666 0.7177094
v -0.7234099 0.05631616 0.7174834
v -0.7066945 0.058868 0.7254741
v -0.7206338 0.058868 0.7147732
v -0.688764 0.058868 0.7281795
v -0.6715683 0.05282666 0.7269882
v -0.6873783 0.05282666 0.7249068
v -0.7041664 0.058868 0.7217968
v -0.7173972 0.058868 0.7116435
v -0.7021096 0.05282666 0.7188042
v -0.7147629 0.05282666 0.7090967
v -0.7348776 0.05282666 0.7030942
v -0.7234099 0.05631616 0.7174834
v -0.7236717 0.05282666 0.7177094
v -0.7344009 0.05631616 0.7031479
v -0.7419227 0.05282666 0.6860747
v -0.7206338 0.058868 0.7147732
v -0.7413135 0.05631616 0.6864538
v -0.7443246 0.05282666 0.6678104
v -0.7436703 0.05631616 0.6685387
v -0.7313281 0.058868 0.7008277
v -0.7173972 0.058868 0.7116435
v -0.738054 0.058868 0.6845878
v -0.7403465 0.058868 0.6671602
v -0.7275476 0.058868 0.6984115
v -0.7147629 0.05282666 0.7090967
v -0.7244708 0.05282666 0.6964455
v -0.7339288 0.058868 0.6830027
v -0.7305714 0.05282666 0.6817127
v -0.736105 0.058868 0.6664667
v -0.7403453 0.05886799 -0.6671597
v -0.7326536 0.05282666 0.6659026
v -0.736105 0.05886799 -0.6664665
v -0.7326536 0.05282666 -0.6659023
v -0.7443231 0.05282666 -0.66781
v -0.7436703 0.05631616 0.6685387
v -0.7443246 0.05282666 0.6678104
v -0.7436688 0.05631614 -0.6685383
v -0.7403465 0.058868 0.6671602
v -0.7419215 0.05282666 -0.6860745
v -0.7403453 0.05886799 -0.6671597
v -0.7413118 0.05631614 -0.6864535
v -0.7348776 0.05282666 -0.703094
v -0.7380528 0.05886799 -0.6845875
v -0.736105 0.05886799 -0.6664665
v -0.7344009 0.05631614 -0.7031476
v -0.7236717 0.05282666 -0.717709
v -0.7234099 0.05631614 -0.7174833
v -0.7313281 0.05886799 -0.7008274
v -0.7206338 0.05886799 -0.7147731
v -0.7339288 0.05886799 -0.6830024
v -0.7326536 0.05282666 -0.6659023
v -0.7305714 0.05282666 -0.6817125
v -0.7275476 0.05886799 -0.6984112
v -0.7173972 0.05886799 -0.7116433
v -0.7244708 0.05282666 -0.696445
v -0.7147613 0.05282666 -0.7090964
vt 0.9682219 2.23518E-08
vt 1 0
vt 1 1
vt 0.9644322 1
vt 0.9364446 4.470305E-08
vt 0.9288648 1
vt 0.904666 6.705523E-08
vt 0.8932973 1
vt 0.8932973 1
vt 0.904666 6.705523E-08
vt 0.9288648 1
vt 0.9364446 4.470305E-08
vt 0.9644322 1
vt 0.9682219 2.23518E-08
vt 1 1
vt 1 0
vt 0 0
vt 0.0354541 1
vt 0 1
vt 0.03167655 2.980242E-08
vt 0.07090811 1
vt 0.06335287 5.960463E-08
vt 0.1063622 1
vt 0.09502932 8.940697E-08
vt 0.1063622 1
vt 0.09502932 8.940697E-08
vt 0.9682219 2.23518E-08
vt 1 1
vt 1 0
vt 0.9644322 1
vt 0.9364446 4.470305E-08
vt 0.9288648 1
vt 0.904666 6.705523E-08
vt 0.8932973 1
vt 0.8932973 1
vt 0.904666 6.705523E-08
vt 0 0
vt 0 1
vt 0.0354541 1
vt 0.03167655 2.980242E-08
vt 0.07090811 1
vt 0.06335287 5.960463E-08
vt 0.1063622 1
vt 0.09502932 8.940697E-08
vt 0 0
vt 0 1
vt 0.0354541 1
vt 0.03167655 2.980242E-08
vt 0.07090811 1
vt 0.06335287 5.960463E-08
vt 0.1063622 1
vt 0.09502932 8.940697E-08
vt 0.1063622 1
vt 0.09502932 8.940697E-08
vt 0.904666 6.705523E-08
vt 0.9288648 1
vt 0.8932973 1
vt 0.9364446 4.470305E-08
vt 0.9644322 1
vt 0.9682219 2.23518E-08
vt 1 1
vt 1 0
vt 0 0
vt 0.0354541 1
vt 0 1
vt 0.03167655 2.980242E-08
vt 0.07090811 1
vt 0.06335287 5.960463E-08
vt 0.1063622 1
vt 0.09502932 8.940697E-08
vt 0 0
vt 0 1
vt 1 1
vt 1 0
vt 0 0
vt 0 1
vt 1 1
vt 1 0
vt 0 0
vt 0 1
vt 1 1
vt 1 0
vt 0 0
vt 0 1
vt 1 1
vt 1 0
vt 0 0
vt 0 1
vt 1 1
vt 1 0
vt 0 0
vt 0 1
vt 1 1
vt 1 0
vt 0 0
vt 0 1
vt 1 1
vt 1 0
vt 0 0
vt 0 1
vt 1 1
vt 1 0
vt 0 0
vt 0 1
vt 1 1
vt 1 0
vt 0 0
vt 0 1
vt 1 1
vt 1 0
vt 0 0
vt 0 1
vt 1 1
vt 1 0
vt 0 0
vt 0 1
vt 1 1
vt 1 0
vt 0 0
vt 0 1
vt 1 1
vt 1 0
vt 0 0
vt 0 1
vt 1 1
vt 1 0
vt 0 0
vt 0 1
vt 1 1
vt 1 0
vt 0 0
vt 0 1
vt 1 1
vt 1 0
vt 0 0
vt 0 1
vt 1 1
vt 1 0
vt 0 0
vt 0 1
vt 1 1
vt 1 0
vt 0 0
vt 0 1
vt 1 1
vt 1 0
vt 0 0
vt 0 1
vt 1 1
vt 1 0
vt 0 0
vt 0 1
vt 1 1
vt 1 0
vt 0 0
vt 0 1
vt 1 1
vt 1 0
vt 0 0
vt 0 1
vt 1 1
vt 1 0
vt 0 0
vt 0 1
vt 1 1
vt 1 0
vt 0 0
vt 0 1
vt 1 1
vt 1 0
vt 0 0
vt 0 1
vt 1 1
vt 1 0
vt 0 0
vt 0 1
vt 1 1
vt 1 0
vt 0 0
vt 0 1
vt 1 1
vt 1 0
vt 0.8884336 0.9752042
vt 0.9251153 1
vt 0.8911347 1
vt 0.925578 0.9770817
vt 0.917204 0.02479886
vt 0.9448407 0.02292322
vt 0.9627755 0.9779323
vt 0.9724292 0.02206752
vt 0.9621695 1
vt 0.9277509 1
vt 1 0.9778827
vt 0.9999998 0.02210934
vt 0.9983133 1
vt 0.9638655 1
vt 0.887683 1
vt 0.887683 1
vt 0.8884534 0.9745471
vt 0.8884336 0.9752042
vt 2.080661E-07 0.9778899
vt 0.03581379 0.9999998
vt 0.001437921 1
vt 0.03717674 0.9773523
vt 5.212768E-09 0.02210973
vt 0.02752713 0.02264042
vt 0.07433172 0.9758257
vt 0.05508525 0.02417031
vt 0.07181457 0.9999996
vt 0.03754406 0.9999998
vt 0.1114523 0.9740078
vt 0.08268306 0.0259969
vt 0.1083836 0.9999995
vt 0.07482041 0.9999996
vt 0.1114521 0.9740022
vt 0.08266121 0.02527537
vt 0.1122411 1.341105E-07
vt 0.1122411 1.341105E-07
vt 0.1070659 0.2498321
vt 0.1070204 0.249735
vt 0.1057926 0.3746577
vt 0.1057926 0.3746577
vt 0.07101934 0.2465135
vt 0.07052404 0.3746577
vt 0.03562561 0.2385431
vt 0.03525898 0.3746577
vt 0.0001437556 0.2336628
vt 0 0.3746576
vt 0.8884534 0.9745482
vt 0.8884336 0.9752042
vt 0.887683 1
vt 0.887683 1
vt 0.8912669 1
vt 0.9251153 1
vt 0.9255958 0.9761897
vt 0.8884534 0.9745482
vt 0.9171849 0.02545427
vt 0.8884336 0.9752042
vt 0.917204 0.02479954
vt 0.9448226 0.02381582
vt 0.9627795 0.9775239
vt 0.9278545 1
vt 0.9621646 1
vt 0.9724252 0.02247574
vt 1 0.9779197
vt 0.9999998 0.02206841
vt 0.9638903 1
vt 0.9983186 1
vt 0.001435334 1
vt 0.03584861 0.9999998
vt 0.0371814 0.97785
vt 3.526922E-07 0.9779317
vt 7.958459E-09 0.02206692
vt 0.02752214 0.02214796
vt 0.07435207 0.976838
vt 0.03754126 0.9999998
vt 0.07193857 0.9999996
vt 0.05506434 0.02316099
vt 0.1114521 0.9740022
vt 0.08266121 0.02527537
vt 0.07482041 0.9999996
vt 0.1084287 0.9999995
vt 0.8912672 1
vt 0.9251153 1
vt 0.9255958 0.9761898
vt 0.8884534 0.9745471
vt 0.9171849 0.02545413
vt 0.917204 0.02479886
vt 0.8884336 0.9752042
vt 0.9448226 0.023816
vt 0.9627795 0.977524
vt 0.9278543 1
vt 0.9621646 1
vt 0.9724252 0.02247569
vt 1 0.9779199
vt 0.9999998 0.02206854
vt 0.9638903 1
vt 0.9983187 1
vt 0.001435372 1
vt 0.0358484 0.9999998
vt 0.0371814 0.9778503
vt 3.469134E-07 0.9779314
vt 7.828125E-09 0.02206709
vt 0.02752212 0.02214797
vt 0.07435203 0.9768379
vt 0.0375411 0.9999998
vt 0.07193832 0.9999996
vt 0.05506431 0.02316116
vt 0.1114521 0.9740023
vt 0.07482041 0.9999996
vt 0.1084288 0.9999995
vt 0.08266108 0.02527514
vt 0.1114521 0.9740024
vt 0.08268304 0.02599699
vt 0.1070659 0.2498321
vt 0.1122411 1.341105E-07
vt 0.1122411 1.341105E-07
vt 0.1070204 0.249735
vt 0.1057926 0.3746577
vt 0.1057926 0.3746577
vt 0.07101961 0.2465145
vt 0.07052404 0.3746577
vt 0.03562582 0.2385475
vt 0.03525898 0.3746577
vt 0.0001437556 0.2336628
vt 0 0.3746576
vt 0.8884336 0.9752042
vt 0.9251153 1
vt 0.8911343 1
vt 0.925578 0.9770819
vt 0.917204 0.02479954
vt 0.9448407 0.0229229
vt 0.9627755 0.9779322
vt 0.9724292 0.02206752
vt 0.9621698 1
vt 0.9277519 0.9999999
vt 1 0.9778835
vt 0.9999998 0.02210925
vt 0.9983133 1
vt 0.9638653 1
vt 1.968289E-07 0.9778901
vt 0.03581395 0.9999998
vt 0.001437945 1
vt 0.03717631 0.9773459
vt 5.111215E-09 0.02210961
vt 0.02752714 0.02264272
vt 0.07433175 0.9758257
vt 0.05508532 0.02417339
vt 0.07181488 0.9999996
vt 0.03754422 0.9999998
vt 0.1114521 0.9740024
vt 0.08268304 0.02599699
vt 0.1083836 0.9999995
vt 0.07482041 0.9999996
vt 0.9645748 0.2341215
vt 1 0.2337701
vt 1 0.3746576
vt 0.9646766 0.3746571
vt 0.9290473 0.2389034
vt 0.9293596 0.3746565
vt 0.8930282 0.2478213
vt 0.8940452 0.374656
vt 0.893213 0.2542994
vt 0.8930296 0.2478124
vt 0.8940452 0.374656
vt 0.8940452 0.374656
vt 0.9293596 0.3746565
vt 0.9292032 0.2483794
vt 0.9646766 0.3746571
vt 0.9646133 0.2384235
vt 1 0.3746576
vt 1 0.2332951
vt 0.07117972 0.2361618
vt 0.1057926 0.3746577
vt 0.1070659 0.2498321
vt 0.07052404 0.3746577
vt 0.03566473 0.2333316
vt 0.03525898 0.3746577
vt 0.0001443549 0.2331857
vt 0 0.3746576
vt 0.8930282 0.2478213
vt 0.8940452 0.374656
vt 0.8940452 0.374656
vt 0.8932147 0.2542957
vt 0.9293596 0.3746565
vt 0.9292031 0.2483777
vt 0.9646766 0.3746571
vt 0.9646134 0.2384287
vt 1 0.3746576
vt 1 0.2332966
vt 0.07117951 0.2361616
vt 0.1057926 0.3746577
vt 0.1070659 0.2498321
vt 0.07052404 0.3746577
vt 0.03566446 0.2333259
vt 0.03525898 0.3746577
vt 0.0001444143 0.2331871
vt 0 0.3746576
vt 0.9645747 0.2341181
vt 1 0.2337701
vt 1 0.3746576
vt 0.9646766 0.3746571
vt 0.9290475 0.238905
vt 0.9293596 0.3746565
vt 0.8930296 0.2478124
vt 0.8940452 0.374656
vt 0 0.1074095
vt 0.9038859 6.161613E-08
vt 0 0
vt 1 0.1080864
vt 1 0.751816
vt 0 0.751816
vt 0.9986125 0.001043172
vt 0.001424138 -3.238348E-09
vt 0 0.1074095
vt 1 0.1074095
vt 1 0.751816
vt 0 0.751816
vt 0 0.1080864
vt 0.9241751 0
vt 0 0
vt 1 0.1069839
vt 1 0.751816
vt 0 0.751816
vt 0 0.1069839
vt 0.9873003 0.009547856
vt 0 0
vt 1 0.1061024
vt 1 0.751816
vt 0 0.751816
vt 0 0.1061024
vt 1 0
vt 0.01633933 2.660696E-08
vt 1 0.107182
vt 1 0.751816
vt 0 0.751816
vt 0 0.1071819
vt 1 0
vt 0.03565006 -3.080806E-08
vt 1 0.1082952
vt 1 0.751816
vt 0 0.751816
vt 0 0.1082951
vt 1 0
vt 0.05587851 8.402199E-09
vt 1 0.1075192
vt 1 0.751816
vt 0 0.751816
vt 0 0.1075191
vt 0.998514 0.001117201
vt 0.001528491 7.702016E-09
vt 1 0.1075189
vt 1 0.751816
vt 0 0.751816
vt 0 0.1074093
vt 0.9986125 0.001043172
vt 0.001424138 -3.150824E-09
vt 1 0.1074092
vt 1 0.751816
vt 0 0.751816
vt 1 0
vt 0.05206631 5.601466E-08
vt 0 0.1080866
vt 1 0.1074092
vt 1 0.751816
vt 0 0.751816
vt 1 0
vt 0.03208217 1.960513E-08
vt 0 0.1069839
vt 1 0.1080866
vt 1 0.751816
vt 0 0.751816
vt 1 0
vt 0.01282716 -4.901283E-08
vt 0 0.1061024
vt 1 0.1069839
vt 1 0.751816
vt 0 0.751816
vt 0.9839604 0.01205888
vt 0 0
vt 0 0.107182
vt 1 0.1061025
vt 1 0.751816
vt 0 0.751816
vt 0.9206366 -1.68044E-08
vt 0 0
vt 0 0.1082953
vt 1 0.107182
vt 1 0.751816
vt 0 0.751816
vt 0.8999389 0
vt 0 0
vt 0 0.1075188
vt 1 0.1082955
vt 1 0.751816
vt 0 0.751816
vt 1 0
vt 0.05206823 2.800733E-09
vt 0 0.1080864
vt 1 0.1074095
vt 1 0.751816
vt 0 0.751816
vt 1 0
vt 0.032081 2.800733E-09
vt 0 0.1069838
vt 1 0.1080864
vt 1 0.751816
vt 0 0.751816
vt 1 0
vt 0.01282613 -3.710971E-08
vt 0 0.1061024
vt 1 0.1069838
vt 1 0.751816
vt 0 0.751816
vt 0.9839604 0.01205888
vt 0 0
vt 0 0.107182
vt 1 0.1061025
vt 1 0.751816
vt 0 0.751816
vt 0.9206364 5.041319E-08
vt 0 0
vt 0 0.1082951
vt 1 0.107182
vt 1 0.751816
vt 0 0.751816
vt 0.8999413 0
vt 0 0
vt 0 0.1075194
vt 1 0.1082952
vt 1 0.751816
vt 0 0.751816
vt 0.9985141 0.001117156
vt 0.00152849 8.489722E-09
vt 0 0.1075189
vt 1 0.1075195
vt 1 0.751816
vt 0 0.751816
vt 0 0.1074092
vt 0.9038881 5.041319E-08
vt 0 0
vt 1 0.1080867
vt 1 0.751816
vt 0 0.751816
vt 0 0.1080867
vt 0.9241737 -1.68044E-08
vt 0 0
vt 1 0.1069838
vt 1 0.751816
vt 0 0.751816
vt 0 0.1069838
vt 0.9873006 0.009547542
vt 0 0
vt 1 0.1061025
vt 1 0.751816
vt 0 0.751816
vt 0 0.1061024
vt 1 0
vt 0.01633933 2.380623E-08
vt 1 0.107182
vt 1 0.751816
vt 0 0.751816
vt 0 0.107182
vt 1 0
vt 0.03565 8.402199E-09
vt 1 0.1082954
vt 1 0.751816
vt 0 0.751816
vt 0 0.1082954
vt 1 0
vt 0.05588524 1.120293E-08
vt 1 0.107519
vt 1 0.751816
vt 0 0.751816
vt 0 0.751816
vt 1 0.7833404
vt 1 0.751816
vt 0 0.7833404
vt 1 0.8343765
vt 0 0.8343765
vt 1 0.9224813
vt 0 0.9224813
vt 1 1
vt 0 1
vt 0 0.751816
vt 1 0.7833404
vt 1 0.751816
vt 0 0.7833404
vt 1 0.8343765
vt 0 0.8343765
vt 1 0.9224813
vt 0 0.9224813
vt 1 1
vt 0 1
vt 0 0.751816
vt 1 0.7833404
vt 1 0.751816
vt 0 0.7833404
vt 1 0.8343765
vt 0 0.8343765
vt 1 0.9224813
vt 0 0.9224813
vt 1 1
vt 0 1
vt 0 0.751816
vt 1 0.7833404
vt 1 0.751816
vt 0 0.7833404
vt 1 0.8343765
vt 0 0.8343765
vt 1 0.9224813
vt 0 0.9224813
vt 1 1
vt 0 1
vt 0 0.751816
vt 1 0.7833404
vt 1 0.751816
vt 0 0.7833404
vt 1 0.8343765
vt 0 0.8343765
vt 1 0.9224813
vt 0 0.9224813
vt 1 1
vt 0 1
vt 0 0.751816
vt 1 0.7833404
vt 1 0.751816
vt 0 0.7833404
vt 1 0.8343765
vt 0 0.8343765
vt 1 0.9224813
vt 0 0.9224813
vt 1 1
vt 0 1
vt 0 0.751816
vt 1 0.7833404
vt 1 0.751816
vt 0 0.7833404
vt 1 0.8343765
vt 0 0.8343765
vt 1 0.9224813
vt 0 0.9224813
vt 1 1
vt 0 1
vt 0 0.751816
vt 1 0.7833404
vt 1 0.751816
vt 0 0.7833404
vt 1 0.8343765
vt 0 0.8343765
vt 1 0.9224813
vt 0 0.9224813
vt 1 1
vt 0 1
vt 0 0.751816
vt 1 0.7833404
vt 1 0.751816
vt 0 0.7833404
vt 1 0.8343765
vt 0 0.8343765
vt 1 0.9224813
vt 0 0.9224813
vt 1 1
vt 0 1
vt 0 0.751816
vt 1 0.7833404
vt 1 0.751816
vt 0 0.7833404
vt 1 0.8343765
vt 0 0.8343765
vt 1 0.9224813
vt 0 0.9224813
vt 1 1
vt 0 1
vt 0 0.751816
vt 1 0.7833404
vt 1 0.751816
vt 0 0.7833404
vt 1 0.8343765
vt 0 0.8343765
vt 1 0.9224813
vt 0 0.9224813
vt 1 1
vt 0 1
vt 0 0.751816
vt 1 0.7833404
vt 1 0.751816
vt 0 0.7833404
vt 1 0.8343765
vt 0 0.8343765
vt 1 0.9224813
vt 0 0.9224813
vt 1 1
vt 0 1
vt 0 0.751816
vt 1 0.7833404
vt 1 0.751816
vt 0 0.7833404
vt 1 0.8343765
vt 0 0.8343765
vt 1 0.9224813
vt 0 0.9224813
vt 1 1
vt 0 1
vt 0 0.751816
vt 1 0.7833404
vt 1 0.751816
vt 0 0.7833404
vt 1 0.8343765
vt 0 0.8343765
vt 1 0.9224813
vt 0 0.9224813
vt 1 1
vt 0 1
vt 0 0.751816
vt 1 0.7833404
vt 1 0.751816
vt 0 0.7833404
vt 1 0.8343765
vt 0 0.8343765
vt 1 0.9224813
vt 0 0.9224813
vt 1 1
vt 0 1
vt 0 0.751816
vt 1 0.7833404
vt 1 0.751816
vt 0 0.7833404
vt 1 0.8343765
vt 0 0.8343765
vt 1 0.9224813
vt 0 0.9224813
vt 1 1
vt 0 1
vt 0 0.751816
vt 1 0.7833404
vt 1 0.751816
vt 0 0.7833404
vt 1 0.8343765
vt 0 0.8343765
vt 1 0.9224813
vt 0 0.9224813
vt 1 1
vt 0 1
vt 0 0.751816
vt 1 0.7833404
vt 1 0.751816
vt 0 0.7833404
vt 1 0.8343765
vt 0 0.8343765
vt 1 0.9224813
vt 0 0.9224813
vt 1 1
vt 0 1
vt 0 0.751816
vt 1 0.7833404
vt 1 0.751816
vt 0 0.7833404
vt 1 0.8343765
vt 0 0.8343765
vt 1 0.9224813
vt 0 0.9224813
vt 1 1
vt 0 1
vt 0 0.751816
vt 1 0.7833404
vt 1 0.751816
vt 0 0.7833404
vt 1 0.8343765
vt 0 0.8343765
vt 1 0.9224813
vt 0 0.9224813
vt 1 1
vt 0 1
vt 0 0.751816
vt 1 0.7833404
vt 1 0.751816
vt 0 0.7833404
vt 1 0.8343765
vt 0 0.8343765
vt 1 0.9224813
vt 0 0.9224813
vt 1 1
vt 0 1
vt 0 0.751816
vt 1 0.7833404
vt 1 0.751816
vt 0 0.7833404
vt 1 0.8343765
vt 0 0.8343765
vt 1 0.9224813
vt 0 0.9224813
vt 1 1
vt 0 1
vt 0 0.751816
vt 1 0.7833404
vt 1 0.751816
vt 0 0.7833404
vt 1 0.8343765
vt 0 0.8343765
vt 1 0.9224813
vt 0 0.9224813
vt 1 1
vt 0 1
vt 0 0.751816
vt 1 0.7833404
vt 1 0.751816
vt 0 0.7833404
vt 1 0.8343765
vt 0 0.8343765
vt 1 0.9224813
vt 0 0.9224813
vt 1 1
vt 0 1
vt 0 0.751816
vt 1 0.7833404
vt 1 0.751816
vt 0 0.7833404
vt 1 0.8343765
vt 0 0.8343765
vt 1 0.9224813
vt 0 0.9224813
vt 1 1
vt 0 1
vt 0 0.751816
vt 1 0.7833404
vt 1 0.751816
vt 0 0.7833404
vt 1 0.8343765
vt 0 0.8343765
vt 1 0.9224813
vt 0 0.9224813
vt 1 1
vt 0 1
vt 0 0.751816
vt 1 0.7833404
vt 1 0.751816
vt 0 0.7833404
vt 1 0.8343765
vt 0 0.8343765
vt 1 0.9224813
vt 0 0.9224813
vt 1 1
vt 0 1
vt 0 0.751816
vt 1 0.7833404
vt 1 0.751816
vt 0 0.7833404
vt 1 0.8343765
vt 0 0.8343765
vt 1 0.9224813
vt 0 0.9224813
vt 1 1
vt 0 1
vt 0.9646766 0.3746571
vt 1 0.4706237
vt 1 0.3746576
vt 0.9652207 0.470623
vt 0.9293596 0.3746565
vt 1 0.5878358
vt 0.9304469 0.4706223
vt 0.8940452 0.374656
vt 0.9658852 0.587835
vt 1 0.8150764
vt 0.8956751 0.4706216
vt 0.8940452 0.374656
vt 0.8956751 0.4706216
vt 0.9671735 0.8150752
vt 1 1
vt 0.9682219 0.9999985
vt 0.9317749 0.5878341
vt 0.9343494 0.815074
vt 0.9364446 0.9999971
vt 0.8976659 0.5878332
vt 0.8956751 0.4706216
vt 0.9015253 0.8150728
vt 0.9046659 0.9999956
vt 0.8976659 0.5878332
vt 0.9015253 0.8150728
vt 0.9046659 0.9999956
vt 0.8976659 0.5878332
vt 0.9304469 0.4706223
vt 0.9293596 0.3746565
vt 0.8940452 0.374656
vt 0.9646766 0.3746571
vt 0.9317749 0.5878341
vt 0.9015253 0.8150728
vt 0.9652207 0.470623
vt 1 0.3746576
vt 1 0.4706237
vt 0.9658852 0.587835
vt 1 0.5878358
vt 0.9343494 0.815074
vt 0.9046659 0.9999956
vt 0.9364446 0.9999971
vt 0.9671735 0.8150752
vt 1 0.8150764
vt 0.9682219 0.9999985
vt 1 1
vt 0.03525898 0.3746577
vt 0 0.4706237
vt 0 0.3746576
vt 0.03470921 0.4706237
vt 0.07052404 0.3746577
vt 0 0.5878358
vt 0.06942354 0.4706237
vt 0.1057926 0.3746577
vt 0.03403773 0.5878358
vt 0 0.8150764
vt 0.1041408 0.4706237
vt 0.1057926 0.3746577
vt 0.1041408 0.4706237
vt 0.03273592 0.8150764
vt 0 1
vt 0.03167654 1
vt 0.0680794 0.5878358
vt 0.06547348 0.8150764
vt 0.06335285 1
vt 0.1021234 0.5878358
vt 0.1041408 0.4706237
vt 0.09821217 0.8150764
vt 0.09502929 1
vt 0.1021234 0.5878358
vt 0.06942354 0.4706237
vt 0.07052404 0.3746577
vt 0.1057926 0.3746577
vt 0.03525898 0.3746577
vt 0.03470921 0.4706237
vt 0 0.3746576
vt 0 0.4706237
vt 0.0680794 0.5878358
vt 0.03403773 0.5878358
vt 0 0.5878358
vt 0.03273592 0.8150764
vt 0 0.8150764
vt 0.06547348 0.8150764
vt 0.03167654 1
vt 0 1
vt 0.06335285 1
vt 0.09502929 1
vt 0.09821217 0.8150764
vt 0.09502929 1
vt 0.09821217 0.8150764
vt 0.1021234 0.5878358
vt 0.9646766 0.3746571
vt 1 0.4706237
vt 1 0.3746576
vt 0.9652207 0.470623
vt 0.9293596 0.3746565
vt 1 0.5878358
vt 0.9304469 0.4706223
vt 0.8940452 0.374656
vt 0.9658852 0.587835
vt 1 0.8150764
vt 0.8956751 0.4706216
vt 0.8940452 0.374656
vt 0.8956751 0.4706216
vt 0.9671735 0.8150752
vt 1 1
vt 0.9682219 0.9999985
vt 0.9317749 0.5878341
vt 0.9343494 0.815074
vt 0.9364446 0.9999971
vt 0.8976659 0.5878332
vt 0.8956751 0.4706216
vt 0.9015253 0.8150728
vt 0.9046659 0.9999956
vt 0.9015253 0.8150728
vt 0.9046659 0.9999956
vt 0.8976659 0.5878332
vt 0.9015253 0.8150728
vt 0.9304469 0.4706223
vt 0.9317749 0.5878341
vt 0.9293596 0.3746565
vt 0.8940452 0.374656
vt 0.9646766 0.3746571
vt 0.9652207 0.470623
vt 1 0.3746576
vt 1 0.4706237
vt 0.9658852 0.587835
vt 1 0.5878358
vt 0.9343494 0.815074
vt 0.9046659 0.9999956
vt 0.9364446 0.9999971
vt 0.9671735 0.8150752
vt 1 0.8150764
vt 0.9682219 0.9999985
vt 1 1
vt 0.03525898 0.3746577
vt 0 0.4706237
vt 0 0.3746576
vt 0.03470921 0.4706237
vt 0.07052404 0.3746577
vt 0 0.5878358
vt 0.06942354 0.4706237
vt 0.1057926 0.3746577
vt 0.1041408 0.4706237
vt 0.03403773 0.5878358
vt 0 0.8150764
vt 0.0680794 0.5878358
vt 0.1021234 0.5878358
vt 0.03273592 0.8150764
vt 0 1
vt 0.03167654 1
vt 0.06547348 0.8150764
vt 0.06335285 1
vt 0.09821217 0.8150764
vt 0.1021234 0.5878358
vt 0.09502929 1
vt 0.09821217 0.8150764
vt 0.09502929 1
vt 0.1057926 0.3746577
vt 0.1041408 0.4706237
vt 0.1057926 0.3746577
vt 0.1041408 0.4706237
vt 0.1021234 0.5878358
vt 0.07052404 0.3746577
vt 0.1021234 0.5878358
vt 0.06942354 0.4706237
vt 0.03525898 0.3746577
vt 0.0680794 0.5878358
vt 0.09821217 0.8150764
vt 0.03470921 0.4706237
vt 0 0.3746576
vt 0 0.4706237
vt 0.03403773 0.5878358
vt 0 0.5878358
vt 0.06547348 0.8150764
vt 0.09502929 1
vt 0.06335285 1
vt 0.03273592 0.8150764
vt 0 0.8150764
vt 0.03167654 1
vt 0 1
vn -0.5004771 0.08954055 0.861107
vn -0.7038516 0.0950058 0.7039652
vn -0.7063114 0.04686007 0.7063486
vn -0.4966151 0.04127153 0.8669891
vn -0.2635031 0.07386338 0.9618266
vn -0.2523461 0.02491208 0.9673163
vn -0.001833849 0.0543007 0.9985229
vn -0.001415551 0.0001603223 0.999999
vn 0.001415553 0.0001603217 0.999999
vn 0.001833845 0.05430099 0.9985229
vn 0.2523457 0.02491206 0.9673164
vn 0.2635034 0.07386097 0.9618267
vn 0.4966175 0.04127168 0.8669877
vn 0.500481 0.08953493 0.8611052
vn 0.7063102 0.04686216 0.7063497
vn 0.7038493 0.09500367 0.7039677
vn -0.7038516 0.0950058 0.7039652
vn -0.8669911 0.04127647 0.4966111
vn -0.7063114 0.04686007 0.7063486
vn -0.8610185 0.08996622 0.500553
vn -0.9673204 0.02491316 0.2523305
vn -0.9617416 0.07471588 0.2635731
vn -0.999999 0.000160549 0.001427925
vn -0.9984738 0.05519513 0.001852614
vn -0.999999 0.0001603913 -0.001427477
vn -0.9984738 0.05519498 -0.001852085
vn -0.5004714 0.08953803 -0.8611105
vn -0.7063093 0.04686087 -0.7063506
vn -0.70385 0.09499921 -0.7039675
vn -0.4966086 0.04127412 -0.8669927
vn -0.2635067 0.07387063 -0.961825
vn -0.2523457 0.02491349 -0.9673163
vn -0.001833588 0.05430359 -0.9985228
vn -0.001415404 0.0001603036 -0.999999
vn 0.001415407 0.0001603019 -0.999999
vn 0.001833583 0.05430386 -0.9985228
vn -0.70385 0.09499921 -0.7039675
vn -0.7063093 0.04686087 -0.7063506
vn -0.8669999 0.04127417 -0.4965959
vn -0.8610285 0.08995939 -0.5005369
vn -0.9673212 0.02490335 -0.2523282
vn -0.9617416 0.07470752 -0.2635752
vn -0.999999 0.0001603913 -0.001427477
vn -0.9984738 0.05519498 -0.001852085
vn 0.7038493 0.09500367 0.7039677
vn 0.7063102 0.04686216 0.7063497
vn 0.8669914 0.04128137 0.4966102
vn 0.8610188 0.08996867 0.500552
vn 0.9673219 0.02491602 0.2523242
vn 0.961743 0.07471898 0.2635667
vn 0.999999 0.0001606054 0.001427875
vn 0.9984736 0.05519978 0.001852549
vn 0.999999 0.0001604285 -0.001427378
vn 0.9984736 0.0551996 -0.001851961
vn 0.001833583 0.05430386 -0.9985228
vn 0.2523457 0.02491289 -0.9673163
vn 0.001415407 0.0001603019 -0.999999
vn 0.2635069 0.07386679 -0.9618253
vn 0.4966095 0.04127447 -0.8669921
vn 0.5004736 0.08953196 -0.8611098
vn 0.7063079 0.04686436 -0.7063518
vn 0.7038481 0.09499806 -0.7039695
vn 0.7038481 0.09499806 -0.7039695
vn 0.8669993 0.0412781 -0.4965968
vn 0.7063079 0.04686436 -0.7063518
vn 0.8610281 0.08996094 -0.5005373
vn 0.9673229 0.02490402 -0.2523217
vn 0.9617432 0.07470834 -0.2635692
vn 0.999999 0.0001604285 -0.001427378
vn 0.9984736 0.0551996 -0.001851961
vn -0.06767237 0.974395 0.2144173
vn -0.05214342 0.9721709 0.2283963
vn -0.0002031398 0.9618818 0.2734652
vn -0.001178335 0.9621153 0.2726405
vn -0.1075988 0.9782798 0.1771757
vn -0.1012456 0.9778425 0.1832308
vn -0.05214342 0.9721709 0.2283963
vn -0.06767237 0.974395 0.2144173
vn -0.1427464 0.979426 0.142647
vn -0.1426527 0.979426 0.1427414
vn -0.1012456 0.9778425 0.1832308
vn -0.1075988 0.9782798 0.1771757
vn -0.1769421 0.9783568 0.1072822
vn -0.1827343 0.9779494 0.1011094
vn -0.1426527 0.979426 0.1427414
vn -0.1427464 0.979426 0.142647
vn -0.2136865 0.9745836 0.06726829
vn -0.2272006 0.9724574 0.05202473
vn -0.1827343 0.9779494 0.1011094
vn -0.1769421 0.9783568 0.1072822
vn -0.2707149 0.9626588 0.001165892
vn -0.2715154 0.9624341 0.0002058267
vn -0.2272006 0.9724574 0.05202473
vn -0.2136865 0.9745836 0.06726829
vn -0.001178335 0.9621153 0.2726405
vn -0.0002031398 0.9618818 0.2734652
vn 0.0002031415 0.9618818 0.2734652
vn 0.001178322 0.9621153 0.2726406
vn -0.001178271 0.9621123 -0.272651
vn -0.0002031156 0.9618788 -0.2734757
vn -0.05214635 0.9721693 -0.2284023
vn -0.06767686 0.974394 -0.2144204
vn -0.06767686 0.974394 -0.2144204
vn -0.05214635 0.9721693 -0.2284023
vn -0.101245 0.9778412 -0.183238
vn -0.1075975 0.9782784 -0.1771837
vn -0.1075975 0.9782784 -0.1771837
vn -0.101245 0.9778412 -0.183238
vn -0.1426562 0.9794248 -0.1427457
vn -0.1427503 0.9794248 -0.1426508
vn -0.1427503 0.9794248 -0.1426508
vn -0.1426562 0.9794248 -0.1427457
vn -0.1827358 0.9779489 -0.1011126
vn -0.1769483 0.9783558 -0.1072816
vn -0.1769483 0.9783558 -0.1072816
vn -0.1827358 0.9779489 -0.1011126
vn -0.2272072 0.972456 -0.05202086
vn -0.2136835 0.9745837 -0.06727401
vn -0.2136835 0.9745837 -0.06727401
vn -0.2272072 0.972456 -0.05202086
vn -0.2715155 0.9624341 -0.0002057
vn -0.2707157 0.9626586 -0.001165163
vn -0.2707157 0.9626586 -0.001165163
vn -0.2715155 0.9624341 -0.0002057
vn -0.2715154 0.9624341 0.0002058267
vn -0.2707149 0.9626588 0.001165892
vn 0.001178322 0.9621153 0.2726406
vn 0.0002031415 0.9618818 0.2734652
vn 0.05214319 0.9721709 0.2283962
vn 0.06767251 0.9743952 0.2144164
vn 0.06767251 0.9743952 0.2144164
vn 0.05214319 0.9721709 0.2283962
vn 0.1012459 0.9778425 0.1832306
vn 0.1075988 0.9782797 0.1771761
vn 0.1075988 0.9782797 0.1771761
vn 0.1012459 0.9778425 0.1832306
vn 0.142654 0.9794256 0.142742
vn 0.1427477 0.9794257 0.1426477
vn 0.1427477 0.9794257 0.1426477
vn 0.142654 0.9794256 0.142742
vn 0.1827368 0.9779489 0.1011101
vn 0.1769442 0.9783563 0.1072833
vn 0.1769442 0.9783563 0.1072833
vn 0.1827368 0.9779489 0.1011101
vn 0.227205 0.9724563 0.05202503
vn 0.2136899 0.9745826 0.0672693
vn 0.2136899 0.9745826 0.0672693
vn 0.227205 0.9724563 0.05202503
vn 0.2715204 0.9624326 0.0002058246
vn 0.27072 0.9626574 0.001165906
vn 0.27072 0.9626574 0.001165906
vn 0.2715204 0.9624326 0.0002058246
vn 0.2715206 0.9624326 -0.0002057092
vn 0.2707205 0.9626573 -0.001165224
vn 0.06767683 0.974394 -0.2144201
vn 0.05214577 0.9721693 -0.2284022
vn 0.0002031138 0.9618788 -0.2734756
vn 0.001178286 0.9621123 -0.272651
vn 0.1075981 0.9782783 -0.1771845
vn 0.1012458 0.977841 -0.1832382
vn 0.05214577 0.9721693 -0.2284022
vn 0.06767683 0.974394 -0.2144201
vn 0.1427522 0.9794244 -0.1426525
vn 0.1426586 0.9794242 -0.1427468
vn 0.1012458 0.977841 -0.1832382
vn 0.1075981 0.9782783 -0.1771845
vn 0.1769496 0.9783554 -0.1072826
vn 0.1827369 0.9779485 -0.1011127
vn 0.1426586 0.9794242 -0.1427468
vn 0.1427522 0.9794244 -0.1426525
vn 0.2136827 0.9745841 -0.06727295
vn 0.2272051 0.9724565 -0.0520208
vn 0.1827369 0.9779485 -0.1011127
vn 0.1769496 0.9783554 -0.1072826
vn 0.2707205 0.9626573 -0.001165224
vn 0.2715206 0.9624326 -0.0002057092
vn 0.2272051 0.9724565 -0.0520208
vn 0.2136827 0.9745841 -0.06727295
vn 0.001178286 0.9621123 -0.272651
vn 0.0002031138 0.9618788 -0.2734756
vn -0.0002031156 0.9618788 -0.2734757
vn -0.001178271 0.9621123 -0.272651
vn 0.0005984795 0.9235148 -0.3835623
vn 0.03416244 0.9894633 -0.1406951
vn 0.0001983507 0.9857332 -0.1683158
vn 0.08287522 0.9367992 -0.3399101
vn 0.001753811 0.9039074 -0.4277246
vn 0.1068682 0.9249942 -0.3646433
vn 0.1612292 0.9444574 -0.2863661
vn 0.1840556 0.9324937 -0.3107716
vn 0.06677429 0.9907681 -0.1179813
vn 0.03416244 0.9894633 -0.1406951
vn 0.2284876 0.9464833 -0.2279532
vn 0.2513742 0.9345472 -0.251858
vn 0.09493071 0.991039 -0.09396696
vn 0.06677429 0.9907681 -0.1179813
vn 0.0001983507 0.9857332 -0.1683158
vn -0.0002422077 0.9856418 -0.16885
vn -0.000598155 0.92352 -0.3835498
vn 0.0005984795 0.9235148 -0.3835623
vn 0.2284876 0.9464833 -0.2279532
vn 0.1204339 0.9904895 -0.06653053
vn 0.09493071 0.991039 -0.09396696
vn 0.2889226 0.9435758 -0.1618285
vn 0.2513742 0.9345472 -0.251858
vn 0.3124541 0.9315683 -0.1858839
vn 0.3455165 0.934697 -0.08342671
vn 0.3692272 0.9229271 -0.1089811
vn 0.144297 0.9889346 -0.03444869
vn 0.1204339 0.9904895 -0.06653053
vn 0.3925077 0.9197485 -0.0005926521
vn 0.4388273 0.8985695 -0.001869354
vn 0.1701397 0.9854199 -0.0002214407
vn 0.144297 0.9889346 -0.03444869
vn 0.3925209 0.9197429 0.0005962285
vn 0.4387495 0.8986075 0.001868029
vn 0.3925077 0.9197485 -0.0005926521
vn 0.3925209 0.9197429 0.0005962285
vn 0.1699658 0.9854499 0.0001971234
vn 0.1701397 0.9854199 -0.0002214407
vn 0 1 0
vn 0 1 0
vn 0.144297 0.9889346 -0.03444869
vn 0 1 0
vn 0.1204339 0.9904895 -0.06653053
vn 0 1 0
vn 0.09493071 0.991039 -0.09396696
vn 0 1 1.925958E-06
vn 0.0005981267 0.9235198 0.3835503
vn -0.0005985005 0.9235147 0.3835627
vn -0.0001983663 0.9857318 0.1683233
vn 0.0002421914 0.9856435 0.1688392
vn 0.0002421914 0.9856435 0.1688392
vn 0.03455192 0.9891368 0.1428797
vn 0.08289222 0.9368517 0.3397611
vn 0.0005981267 0.9235198 0.3835503
vn 0.001754409 0.9038765 0.4277897
vn -0.0005985005 0.9235147 0.3835627
vn -0.001753808 0.9039075 0.4277244
vn 0.1068331 0.9250067 0.3646221
vn 0.161281 0.9444904 0.2862277
vn 0.03455192 0.9891368 0.1428797
vn 0.0666354 0.9905834 0.1196003
vn 0.1840805 0.9324902 0.3107674
vn 0.2285684 0.9464805 0.2278842
vn 0.251394 0.9345478 0.2518358
vn 0.0666354 0.9905834 0.1196003
vn 0.09420791 0.9910595 0.09447753
vn 0.09420791 0.9910595 0.09447753
vn 0.1185197 0.9907204 0.06652884
vn 0.2890775 0.9435357 0.1617854
vn 0.2285684 0.9464805 0.2278842
vn 0.251394 0.9345478 0.2518358
vn 0.3124511 0.9315745 0.185858
vn 0.3456036 0.9346625 0.08345138
vn 0.1185197 0.9907204 0.06652884
vn 0.1427709 0.9891919 0.03340337
vn 0.3692392 0.9229165 0.1090297
vn 0.3925209 0.9197429 0.0005962285
vn 0.4387495 0.8986075 0.001868029
vn 0.1427709 0.9891919 0.03340337
vn 0.1699658 0.9854499 0.0001971234
vn -0.0002422077 0.9856418 -0.16885
vn -0.03455206 0.9891369 -0.1428783
vn -0.08289243 0.9368516 -0.3397614
vn -0.000598155 0.92352 -0.3835498
vn -0.001754405 0.9038764 -0.4277899
vn 0.001753811 0.9039074 -0.4277246
vn 0.0005984795 0.9235148 -0.3835623
vn -0.1068327 0.9250066 -0.3646225
vn -0.1612794 0.94449 -0.2862301
vn -0.03455206 0.9891369 -0.1428783
vn -0.06663419 0.9905832 -0.119603
vn -0.1840801 0.9324896 -0.3107693
vn -0.22857 0.9464802 -0.2278835
vn -0.2513956 0.9345477 -0.2518348
vn -0.06663419 0.9905832 -0.119603
vn -0.09420805 0.9910594 -0.09447838
vn -0.09420805 0.9910594 -0.09447838
vn -0.1185227 0.9907203 -0.06652519
vn -0.2890823 0.943535 -0.1617815
vn -0.22857 0.9464802 -0.2278835
vn -0.2513956 0.9345477 -0.2518348
vn -0.3124541 0.9315738 -0.1858563
vn -0.3456053 0.934662 -0.08345094
vn -0.1185227 0.9907203 -0.06652519
vn -0.1427718 0.9891919 -0.0333987
vn -0.3692426 0.9229155 -0.1090269
vn -0.3925207 0.9197429 -0.0005967779
vn -0.1427718 0.9891919 -0.0333987
vn -0.1699664 0.9854498 -0.000197471
vn -0.4387493 0.8986076 -0.001868803
vn -0.3925079 0.9197484 0.0005921253
vn -0.4388277 0.8985693 0.00186863
vn -0.1699664 0.9854498 -0.000197471
vn -0.3925079 0.9197484 0.0005921253
vn -0.3925207 0.9197429 -0.0005967779
vn -0.1701405 0.9854198 0.0002210907
vn 0 1 0
vn 0 1 0
vn -0.1442993 0.9889341 0.03445454
vn 0 1 -4.344988E-07
vn -0.1204346 0.990489 0.06653661
vn 0 1 3.81233E-07
vn -0.09493219 0.9910389 0.09396733
vn 0 1 9.146051E-07
vn -0.0005985005 0.9235147 0.3835627
vn -0.03416222 0.9894632 0.140696
vn -0.0001983663 0.9857318 0.1683233
vn -0.08287326 0.9367991 0.3399108
vn -0.001753808 0.9039075 0.4277244
vn -0.1068675 0.9249941 0.364644
vn -0.1612313 0.9444576 0.286364
vn -0.1840569 0.932494 0.3107701
vn -0.06677626 0.9907683 0.1179794
vn -0.03416222 0.9894632 0.140696
vn -0.2284877 0.9464838 0.2279512
vn -0.2513743 0.9345475 0.2518571
vn -0.09493219 0.9910389 0.09396733
vn -0.06677626 0.9907683 0.1179794
vn -0.2284877 0.9464838 0.2279512
vn -0.1204346 0.990489 0.06653661
vn -0.09493219 0.9910389 0.09396733
vn -0.2889166 0.9435771 0.1618315
vn -0.2513743 0.9345475 0.2518571
vn -0.3124507 0.9315694 0.1858843
vn -0.3455139 0.9346976 0.0834297
vn -0.3692216 0.9229288 0.1089859
vn -0.1442993 0.9889341 0.03445454
vn -0.1204346 0.990489 0.06653661
vn -0.3925079 0.9197484 0.0005921253
vn -0.4388277 0.8985693 0.00186863
vn -0.1701405 0.9854198 0.0002210907
vn -0.1442993 0.9889341 0.03445454
vn 0.06677429 0.9907681 -0.1179813
vn 0.09493071 0.991039 -0.09396696
vn 0 1 1.925958E-06
vn 0 1 1.688762E-06
vn 0.03416244 0.9894633 -0.1406951
vn 0 1 0
vn 0.0001983507 0.9857332 -0.1683158
vn 0 1 -4.9608E-07
vn 0.0002421914 0.9856435 0.1688392
vn -0.0001983663 0.9857318 0.1683233
vn 0 1 0
vn 0 1 0
vn 0 1 1.774548E-06
vn 0.03455192 0.9891368 0.1428797
vn 0 1 1.202858E-06
vn 0.0666354 0.9905834 0.1196003
vn 0 1 -2.158985E-07
vn 0.09420791 0.9910595 0.09447753
vn 0.1427709 0.9891919 0.03340337
vn 0 1 0
vn 0.1699658 0.9854499 0.0001971234
vn 0 1 0
vn 0.1185197 0.9907204 0.06652884
vn 0 1 -4.364792E-07
vn 0.09420791 0.9910595 0.09447753
vn 0 1 -2.158985E-07
vn 0.0001983507 0.9857332 -0.1683158
vn 0 1 -4.9608E-07
vn 0 1 -4.646732E-07
vn -0.0002422077 0.9856418 -0.16885
vn 0 1 2.026031E-06
vn -0.03455206 0.9891369 -0.1428783
vn 0 1 -7.172119E-07
vn -0.06663419 0.9905832 -0.119603
vn 0 1 0
vn -0.09420805 0.9910594 -0.09447838
vn -0.1427718 0.9891919 -0.0333987
vn 0 1 0
vn -0.1699664 0.9854498 -0.000197471
vn 0 1 2.100069E-07
vn -0.1185227 0.9907203 -0.06652519
vn 0 1 6.881223E-07
vn -0.09420805 0.9910594 -0.09447838
vn 0 1 0
vn -0.06677626 0.9907683 0.1179794
vn -0.09493219 0.9910389 0.09396733
vn 0 1 9.146051E-07
vn 0 1 0
vn -0.03416222 0.9894632 0.140696
vn 0 1 -2.553819E-06
vn -0.0001983663 0.9857318 0.1683233
vn 0 1 0
vn 0.003253323 0.1002791 -0.994954
vn 0.1068682 0.9249942 -0.3646433
vn 0.001753811 0.9039074 -0.4277246
vn 0.2592361 0.1172832 -0.9586664
vn 0.2588376 0 -0.9659208
vn 0.003110519 0 -0.9999952
vn 0.001753811 0.9039074 -0.4277246
vn -0.001754405 0.9038764 -0.4277899
vn -0.003270891 0.1001537 -0.9949666
vn 0.003253323 0.1002791 -0.994954
vn 0.003110519 0 -0.9999952
vn -0.003110519 0 -0.9999952
vn 0.2592361 0.1172832 -0.9586664
vn 0.1840556 0.9324937 -0.3107716
vn 0.1068682 0.9249942 -0.3646433
vn 0.4973714 0.1206052 -0.8591135
vn 0.5000823 0 -0.8659779
vn 0.2588376 0 -0.9659208
vn 0.4973714 0.1206052 -0.8591135
vn 0.2513742 0.9345472 -0.251858
vn 0.1840556 0.9324937 -0.3107716
vn 0.7017879 0.1225111 -0.7017727
vn 0.7071095 0 -0.7071041
vn 0.5000823 0 -0.8659779
vn 0.7017879 0.1225111 -0.7017727
vn 0.3124541 0.9315683 -0.1858839
vn 0.2513742 0.9345472 -0.251858
vn 0.8588983 0.1224966 -0.4972808
vn 0.8659645 0 -0.5001055
vn 0.7071095 0 -0.7071041
vn 0.8588983 0.1224966 -0.4972808
vn 0.3692272 0.9229271 -0.1089811
vn 0.3124541 0.9315683 -0.1858839
vn 0.958265 0.1201952 -0.2593863
vn 0.9659169 0 -0.2588522
vn 0.8659645 0 -0.5001055
vn 0.958265 0.1201952 -0.2593863
vn 0.4388273 0.8985695 -0.001869354
vn 0.3692272 0.9229271 -0.1089811
vn 0.995162 0.09819376 -0.003292792
vn 0.9999951 0 -0.003117037
vn 0.9659169 0 -0.2588522
vn 0.995162 0.09819376 -0.003292792
vn 0.4387495 0.8986075 0.001868029
vn 0.4388273 0.8985695 -0.001869354
vn 0.9951472 0.09834356 0.003272539
vn 0.9999952 0 0.003116159
vn 0.9999951 0 -0.003117037
vn 0.003270823 0.1001557 0.9949663
vn -0.001753808 0.9039075 0.4277244
vn 0.001754409 0.9038765 0.4277897
vn -0.003253259 0.1002812 0.9949538
vn -0.003110482 0 0.9999952
vn 0.003110482 0 0.9999952
vn 0.001754409 0.9038765 0.4277897
vn 0.1068331 0.9250067 0.3646221
vn 0.2591391 0.1205497 0.9582874
vn 0.003270823 0.1001557 0.9949663
vn 0.003110482 0 0.9999952
vn 0.2588356 0 0.9659214
vn 0.1068331 0.9250067 0.3646221
vn 0.1840805 0.9324902 0.3107674
vn 0.4970768 0.122586 0.8590037
vn 0.2591391 0.1205497 0.9582874
vn 0.2588356 0 0.9659214
vn 0.5000815 0 0.8659783
vn 0.1840805 0.9324902 0.3107674
vn 0.251394 0.9345478 0.2518358
vn 0.7016464 0.1223125 0.7019486
vn 0.4970768 0.122586 0.8590037
vn 0.5000815 0 0.8659783
vn 0.7070993 0 0.7071143
vn 0.251394 0.9345478 0.2518358
vn 0.3124511 0.9315745 0.185858
vn 0.8590518 0.1201294 0.4975931
vn 0.7016464 0.1223125 0.7019486
vn 0.7070993 0 0.7071143
vn 0.8659645 0 0.5001054
vn 0.3124511 0.9315745 0.185858
vn 0.3692392 0.9229165 0.1090297
vn 0.9586916 0.1165911 0.2594553
vn 0.8590518 0.1201294 0.4975931
vn 0.8659645 0 0.5001054
vn 0.9659221 0 0.2588334
vn 0.3692392 0.9229165 0.1090297
vn 0.4387495 0.8986075 0.001868029
vn 0.9951472 0.09834356 0.003272539
vn 0.9586916 0.1165911 0.2594553
vn 0.9659221 0 0.2588334
vn 0.9999952 0 0.003116159
vn -0.001754405 0.9038764 -0.4277899
vn -0.1068327 0.9250066 -0.3646225
vn -0.259141 0.120552 -0.9582866
vn -0.003270891 0.1001537 -0.9949666
vn -0.003110519 0 -0.9999952
vn -0.2588376 0 -0.9659208
vn -0.1068327 0.9250066 -0.3646225
vn -0.1840801 0.9324896 -0.3107693
vn -0.497079 0.122585 -0.8590026
vn -0.259141 0.120552 -0.9582866
vn -0.2588376 0 -0.9659208
vn -0.500084 0 -0.8659769
vn -0.1840801 0.9324896 -0.3107693
vn -0.2513956 0.9345477 -0.2518348
vn -0.7016564 0.1223103 -0.7019392
vn -0.497079 0.122585 -0.8590026
vn -0.500084 0 -0.8659769
vn -0.7071089 0 -0.7071046
vn -0.2513956 0.9345477 -0.2518348
vn -0.3124541 0.9315738 -0.1858563
vn -0.859051 0.1201292 -0.4975946
vn -0.7016564 0.1223103 -0.7019392
vn -0.7071089 0 -0.7071046
vn -0.8659636 0 -0.5001071
vn -0.3124541 0.9315738 -0.1858563
vn -0.3692426 0.9229155 -0.1090269
vn -0.9586862 0.1165952 -0.2594728
vn -0.859051 0.1201292 -0.4975946
vn -0.8659636 0 -0.5001071
vn -0.9659169 0 -0.2588524
vn -0.3692426 0.9229155 -0.1090269
vn -0.4387493 0.8986076 -0.001868803
vn -0.9951473 0.09834225 -0.003273391
vn -0.9586862 0.1165952 -0.2594728
vn -0.9659169 0 -0.2588524
vn -0.9999952 0 -0.00311694
vn -0.4387493 0.8986076 -0.001868803
vn -0.4388277 0.8985693 0.00186863
vn -0.9951621 0.09819191 0.003291861
vn -0.9951473 0.09834225 -0.003273391
vn -0.9999952 0 -0.00311694
vn -0.9999952 0 0.00311616
vn -0.003253259 0.1002812 0.9949538
vn -0.1068675 0.9249941 0.364644
vn -0.001753808 0.9039075 0.4277244
vn -0.2592349 0.1172818 0.9586669
vn -0.2588356 0 0.9659214
vn -0.003110482 0 0.9999952
vn -0.2592349 0.1172818 0.9586669
vn -0.1840569 0.932494 0.3107701
vn -0.1068675 0.9249941 0.364644
vn -0.4973714 0.1206036 0.8591138
vn -0.5000825 0 0.8659778
vn -0.2588356 0 0.9659214
vn -0.4973714 0.1206036 0.8591138
vn -0.2513743 0.9345475 0.2518571
vn -0.1840569 0.932494 0.3107701
vn -0.7017791 0.1225061 0.7017822
vn -0.7071003 0 0.7071131
vn -0.5000825 0 0.8659778
vn -0.7017791 0.1225061 0.7017822
vn -0.3124507 0.9315694 0.1858843
vn -0.2513743 0.9345475 0.2518571
vn -0.858898 0.1224921 0.4972826
vn -0.8659636 0 0.500107
vn -0.7071003 0 0.7071131
vn -0.858898 0.1224921 0.4972826
vn -0.3692216 0.9229288 0.1089859
vn -0.3124507 0.9315694 0.1858843
vn -0.9582697 0.1201906 0.2593715
vn -0.9659212 0 0.2588363
vn -0.8659636 0 0.500107
vn -0.9582697 0.1201906 0.2593715
vn -0.4388277 0.8985693 0.00186863
vn -0.3692216 0.9229288 0.1089859
vn -0.9951621 0.09819191 0.003291861
vn -0.9999952 0 0.00311616
vn -0.9659212 0 0.2588363
vn -0.1165 0.9706931 -0.2101969
vn -0.1232974 0.8757404 -0.4667725
vn -0.0598917 0.9638907 -0.2594758
vn -0.2247266 0.8925353 -0.3909971
vn -0.2558419 0.3045137 -0.9175055
vn -0.4765372 0.3281646 -0.8156103
vn -0.2470891 -0.417775 -0.874306
vn -0.4526783 -0.4468223 -0.7716426
vn -0.1650477 -0.7049119 -0.6898249
vn -0.3274544 -0.7415549 -0.5855509
vn -0.1643794 0.9726008 -0.1643992
vn -0.2247266 0.8925353 -0.3909971
vn -0.1165 0.9706931 -0.2101969
vn -0.3117554 0.8975602 -0.3117599
vn -0.4765372 0.3281646 -0.8156103
vn -0.665999 0.3360922 -0.6659485
vn -0.4526783 -0.4468223 -0.7716426
vn -0.6291786 -0.4564357 -0.629127
vn -0.3274544 -0.7415549 -0.5855509
vn -0.4654003 -0.7528446 -0.4654327
vn -0.2100651 0.9707252 -0.1164699
vn -0.3117554 0.8975602 -0.3117599
vn -0.1643794 0.9726008 -0.1643992
vn -0.3908074 0.8926383 -0.2246474
vn -0.665999 0.3360922 -0.6659485
vn -0.815569 0.3283544 -0.4764772
vn -0.6291786 -0.4564357 -0.629127
vn -0.7715716 -0.4470367 -0.4525875
vn -0.4654003 -0.7528446 -0.4654327
vn -0.5852563 -0.7418042 -0.3274164
vn -0.2591807 0.9639719 -0.05986222
vn -0.3908074 0.8926383 -0.2246474
vn -0.2100651 0.9707252 -0.1164699
vn -0.4663327 0.875986 -0.1232174
vn -0.815569 0.3283544 -0.4764772
vn -0.9173792 0.304942 -0.2557847
vn -0.7715716 -0.4470367 -0.4525875
vn -0.8741266 -0.4181856 -0.2470293
vn -0.5852563 -0.7418042 -0.3274164
vn -0.6893037 -0.7054281 -0.1650195
vn -0.3062649 0.9519462 -0.0004401171
vn -0.4663327 0.875986 -0.1232174
vn -0.2591807 0.9639719 -0.05986222
vn -0.6319748 0.7749867 -0.00184856
vn -0.9173792 0.304942 -0.2557847
vn -0.9762372 0.2166728 -0.003711625
vn -0.8741266 -0.4181856 -0.2470293
vn -0.9520602 -0.3058862 -0.003876867
vn -0.6893037 -0.7054281 -0.1650195
vn -0.761888 -0.6477074 -0.001346232
vn -0.306265 0.9519462 0.0004399667
vn -0.6319748 0.7749867 -0.00184856
vn -0.3062649 0.9519462 -0.0004401171
vn -0.6319751 0.7749865 0.001848023
vn -0.9762372 0.2166728 -0.003711625
vn -0.9762373 0.2166725 0.003710587
vn -0.9520602 -0.3058862 -0.003876867
vn -0.9520604 -0.3058856 0.003875795
vn -0.761888 -0.6477074 -0.001346232
vn -0.7618883 -0.6477071 0.001345829
vn -0.2591904 0.9639693 0.059861
vn -0.6319751 0.7749865 0.001848023
vn -0.306265 0.9519462 0.0004399667
vn -0.4663414 0.8759817 0.123215
vn -0.9762373 0.2166725 0.003710587
vn -0.9173695 0.3049821 0.2557715
vn -0.9520604 -0.3058856 0.003875795
vn -0.8741385 -0.4181671 0.2470184
vn -0.7618883 -0.6477071 0.001345829
vn -0.6893274 -0.7054078 0.1650076
vn -0.2100805 0.9707211 0.1164757
vn -0.4663414 0.8759817 0.123215
vn -0.2591904 0.9639693 0.059861
vn -0.390782 0.8926516 0.2246387
vn -0.9173695 0.3049821 0.2557715
vn -0.8155489 0.3284576 0.4764405
vn -0.8741385 -0.4181671 0.2470184
vn -0.771571 -0.4470515 0.4525739
vn -0.6893274 -0.7054078 0.1650076
vn -0.5852551 -0.7418087 0.3274087
vn -0.1643815 0.9725996 0.164404
vn -0.390782 0.8926516 0.2246387
vn -0.2100805 0.9707211 0.1164757
vn -0.3117284 0.8975744 0.3117461
vn -0.8155489 0.3284576 0.4764405
vn -0.6659757 0.3361856 0.6659245
vn -0.771571 -0.4470515 0.4525739
vn -0.6291649 -0.4564645 0.6291199
vn -0.5852551 -0.7418087 0.3274087
vn -0.4653636 -0.7528742 0.4654214
vn -0.1164997 0.9706931 0.2101972
vn -0.3117284 0.8975744 0.3117461
vn -0.1643815 0.9725996 0.164404
vn -0.2247175 0.8925436 0.3909833
vn -0.6659757 0.3361856 0.6659245
vn -0.4765218 0.3282042 0.8156034
vn -0.6291649 -0.4564645 0.6291199
vn -0.4526678 -0.4468389 0.7716392
vn -0.4653636 -0.7528742 0.4654214
vn -0.3274476 -0.7415641 0.5855432
vn -0.0598908 0.963891 0.2594752
vn -0.2247175 0.8925436 0.3909833
vn -0.1164997 0.9706931 0.2101972
vn -0.1232965 0.8757375 0.466778
vn -0.4765218 0.3282042 0.8156034
vn -0.2558387 0.3045118 0.9175069
vn -0.4526678 -0.4468389 0.7716392
vn -0.247086 -0.4177649 0.8743118
vn -0.3274476 -0.7415641 0.5855432
vn -0.1650479 -0.7049038 0.6898331
vn -0.0004387945 0.9517795 0.3067826
vn -0.1232965 0.8757375 0.466778
vn -0.0598908 0.963891 0.2594752
vn -0.001846655 0.7740314 0.6331446
vn -0.2558387 0.3045118 0.9175069
vn -0.003706484 0.2159111 0.976406
vn -0.247086 -0.4177649 0.8743118
vn -0.003872027 -0.3051159 0.9523073
vn -0.1650479 -0.7049038 0.6898331
vn -0.001342111 -0.6469096 0.7625655
vn 0.0004387742 0.9517795 0.3067825
vn -0.001846655 0.7740314 0.6331446
vn -0.0004387945 0.9517795 0.3067826
vn 0.001847338 0.7740512 0.6331203
vn -0.003706484 0.2159111 0.976406
vn 0.003705575 0.2159699 0.976393
vn -0.003872027 -0.3051159 0.9523073
vn 0.003871393 -0.3051536 0.9522952
vn -0.001342111 -0.6469096 0.7625655
vn 0.001342564 -0.6469097 0.7625654
vn 0.05988298 0.9638945 0.2594636
vn 0.001847338 0.7740512 0.6331203
vn 0.0004387742 0.9517795 0.3067825
vn 0.1233058 0.8757396 0.4667718
vn 0.003705575 0.2159699 0.976393
vn 0.2558287 0.304452 0.9175297
vn 0.003871393 -0.3051536 0.9522952
vn 0.2470847 -0.4177655 0.8743118
vn 0.001342564 -0.6469097 0.7625654
vn 0.1650432 -0.704901 0.6898372
vn 0.1164869 0.9706984 0.2101798
vn 0.1233058 0.8757396 0.4667718
vn 0.05988298 0.9638945 0.2594636
vn 0.2247413 0.8925336 0.3909926
vn 0.2558287 0.304452 0.9175297
vn 0.4765479 0.3280832 0.8156369
vn 0.2470847 -0.4177655 0.8743118
vn 0.4526883 -0.4468002 0.7716494
vn 0.1650432 -0.704901 0.6898372
vn 0.3274681 -0.7415351 0.5855685
vn 0.1643816 0.9726 0.1644016
vn 0.2247413 0.8925336 0.3909926
vn 0.1164869 0.9706984 0.2101798
vn 0.3117756 0.8975498 0.3117698
vn 0.4765479 0.3280832 0.8156369
vn 0.6659994 0.3360505 0.6659691
vn 0.4526883 -0.4468002 0.7716494
vn 0.6291865 -0.4563781 0.6291607
vn 0.3274681 -0.7415351 0.5855685
vn 0.4654446 -0.7527902 0.4654764
vn 0.2100734 0.9707229 0.1164735
vn 0.3117756 0.8975498 0.3117698
vn 0.1643816 0.9726 0.1644016
vn 0.3908087 0.8926332 0.2246651
vn 0.6659994 0.3360505 0.6659691
vn 0.8155693 0.3283471 0.4764817
vn 0.6291865 -0.4563781 0.6291607
vn 0.7715898 -0.4469832 0.4526094
vn 0.4654446 -0.7527902 0.4654764
vn 0.5852969 -0.7417613 0.3274411
vn 0.2591525 0.96398 0.05985407
vn 0.3908087 0.8926332 0.2246651
vn 0.2100734 0.9707229 0.1164735
vn 0.4663624 0.8759711 0.123211
vn 0.8155693 0.3283471 0.4764817
vn 0.9173962 0.3048894 0.2557861
vn 0.7715898 -0.4469832 0.4526094
vn 0.8741421 -0.4181592 0.2470187
vn 0.5852969 -0.7417613 0.3274411
vn 0.6893363 -0.7053986 0.1650096
vn 0.3062644 0.9519464 0.0004399045
vn 0.4663624 0.8759711 0.123211
vn 0.2591525 0.96398 0.05985407
vn 0.6319743 0.7749872 0.001847758
vn 0.9173962 0.3048894 0.2557861
vn 0.9762383 0.216668 0.0037104
vn 0.8741421 -0.4181592 0.2470187
vn 0.9520648 -0.3058717 0.003875896
vn 0.6893363 -0.7053986 0.1650096
vn 0.7619026 -0.6476902 0.001345858
vn 0.3062643 0.9519464 -0.0004400576
vn 0.6319743 0.7749872 0.001847758
vn 0.3062644 0.9519464 0.0004399045
vn 0.6319739 0.7749875 -0.001848274
vn 0.9762383 0.216668 0.0037104
vn 0.976238 0.2166693 -0.003711333
vn 0.9520648 -0.3058717 0.003875896
vn 0.9520648 -0.3058722 -0.003876873
vn 0.7619026 -0.6476902 0.001345858
vn 0.7619024 -0.6476904 -0.001346231
vn 0.2591403 0.9639832 -0.05985593
vn 0.6319739 0.7749875 -0.001848274
vn 0.3062643 0.9519464 -0.0004400576
vn 0.4663416 0.8759819 -0.1232127
vn 0.976238 0.2166693 -0.003711333
vn 0.9174041 0.304853 -0.2558014
vn 0.9520648 -0.3058722 -0.003876873
vn 0.8741354 -0.4181649 -0.2470332
vn 0.7619024 -0.6476904 -0.001346231
vn 0.6893241 -0.7054074 -0.1650236
vn 0.2100495 0.9707294 -0.1164635
vn 0.4663416 0.8759819 -0.1232127
vn 0.2591403 0.9639832 -0.05985593
vn 0.39081 0.8926356 -0.2246531
vn 0.9174041 0.304853 -0.2558014
vn 0.815578 0.3283201 -0.4764856
vn 0.8741354 -0.4181649 -0.2470332
vn 0.7715772 -0.4470217 -0.4525927
vn 0.6893241 -0.7054074 -0.1650236
vn 0.5852722 -0.7417889 -0.327423
vn 0.1643774 0.972602 -0.1643942
vn 0.39081 0.8926356 -0.2246531
vn 0.2100495 0.9707294 -0.1164635
vn 0.3117565 0.897561 -0.3117568
vn 0.815578 0.3283201 -0.4764856
vn 0.666007 0.3360749 -0.6659492
vn 0.7715772 -0.4470217 -0.4525927
vn 0.6291811 -0.4564309 -0.6291279
vn 0.5852722 -0.7417889 -0.327423
vn 0.4654032 -0.7528413 -0.4654351
vn 0.1164875 0.9706981 -0.2101803
vn 0.3117565 0.897561 -0.3117568
vn 0.1643774 0.972602 -0.1643942
vn 0.2247387 0.8925345 -0.390992
vn 0.666007 0.3360749 -0.6659492
vn 0.4765389 0.3281071 -0.8156326
vn 0.6291811 -0.4564309 -0.6291279
vn 0.4526766 -0.4468242 -0.7716425
vn 0.4654032 -0.7528413 -0.4654351
vn 0.3274527 -0.7415573 -0.5855489
vn 0.05988372 0.9638944 -0.259464
vn 0.2247387 0.8925345 -0.390992
vn 0.1164875 0.9706981 -0.2101803
vn 0.1233063 0.8757431 -0.4667651
vn 0.4765389 0.3281071 -0.8156326
vn 0.2558315 0.3044538 -0.9175283
vn 0.4526766 -0.4468242 -0.7716425
vn 0.2470864 -0.4177697 -0.8743093
vn 0.3274527 -0.7415573 -0.5855489
vn 0.1650464 -0.7049057 -0.6898317
vn 0.0004387846 0.9517795 -0.3067824
vn 0.1233063 0.8757431 -0.4667651
vn 0.05988372 0.9638944 -0.259464
vn 0.001847393 0.7740649 -0.6331035
vn 0.2558315 0.3044538 -0.9175283
vn 0.003705764 0.2159893 -0.9763886
vn 0.2470864 -0.4177697 -0.8743093
vn 0.003871597 -0.3051613 -0.9522929
vn 0.1650464 -0.7049057 -0.6898317
vn 0.001342648 -0.6469204 -0.7625563
vn -0.0004388053 0.9517795 -0.3067824
vn 0.001847393 0.7740649 -0.6331035
vn 0.0004387846 0.9517795 -0.3067824
vn -0.00184671 0.7740452 -0.6331276
vn 0.003705764 0.2159893 -0.9763886
vn -0.003706672 0.2159305 -0.9764017
vn 0.003871597 -0.3051613 -0.9522929
vn -0.003872229 -0.3051237 -0.9523048
vn 0.001342648 -0.6469204 -0.7625563
vn -0.001342194 -0.6469204 -0.7625563
vn -0.0598917 0.9638907 -0.2594758
vn -0.00184671 0.7740452 -0.6331276
vn -0.0004388053 0.9517795 -0.3067824
vn -0.1232974 0.8757404 -0.4667725
vn -0.003706672 0.2159305 -0.9764017
vn -0.2558419 0.3045137 -0.9175055
vn -0.003872229 -0.3051237 -0.9523048
vn -0.2470891 -0.417775 -0.874306
vn -0.001342194 -0.6469204 -0.7625563
vn -0.1650477 -0.7049119 -0.6898249
vn -0.4926257 0.1068712 -0.8636541
vn -0.5893506 0.5529763 -0.5889679
vn -0.7043467 0.09853355 -0.7029844
vn -0.4236143 0.5490602 -0.7204748
vn -0.245809 0.1343445 -0.9599633
vn -0.2253139 0.947825 -0.225525
vn -0.2300905 0.5401295 -0.8095173
vn -0.001326643 0.1749864 -0.98457
vn -0.159168 0.946207 -0.2817051
vn 0.3939552 0.830717 0.39333
vn -0.001991108 0.5230433 -0.8523039
vn 0.001327279 0.1749865 -0.98457
vn 0.001990633 0.5229987 -0.8523312
vn 0.2824683 0.8274899 0.4852548
vn 0.7038493 0.09500367 0.7039677
vn 0.500481 0.08953493 0.8611052
vn -0.08119287 0.9417235 -0.3264425
vn 0.1516147 0.8197631 0.5522693
vn 0.2635034 0.07386097 0.9618267
vn -0.0004528068 0.9260713 -0.3773483
vn 0.001990633 0.5229987 -0.8523312
vn 0.000998356 0.8091175 0.5876461
vn 0.001833845 0.05430099 0.9985229
vn 0.0004527927 0.9260715 -0.3773476
vn -0.0009983479 0.8091148 0.5876498
vn -0.001833849 0.0543007 0.9985229
vn 0.0004527927 0.9260715 -0.3773476
vn 0.230082 0.5400933 -0.809544
vn 0.2458123 0.1343117 -0.9599671
vn 0.001327279 0.1749865 -0.98457
vn 0.4926017 0.1067576 -0.8636818
vn 0.08119395 0.9417257 -0.3264356
vn -0.0009983479 0.8091148 0.5876498
vn 0.4236581 0.5489699 -0.7205177
vn 0.7043581 0.09838433 -0.7029936
vn 0.5893937 0.552878 -0.5890169
vn 0.1591804 0.9462032 -0.2817111
vn 0.225301 0.947831 -0.2255124
vn -0.151605 0.8197798 0.5522473
vn -0.001833849 0.0543007 0.9985229
vn -0.2635031 0.07386338 0.9618266
vn -0.2824486 0.8275254 0.4852056
vn -0.3939286 0.830749 0.3932892
vn -0.5004771 0.08954055 0.861107
vn -0.7038516 0.0950058 0.7039652
vn 0.8642563 0.1100588 -0.4908646
vn 0.5893937 0.552878 -0.5890169
vn 0.7043581 0.09838433 -0.7029936
vn 0.7191947 0.5517072 -0.4223485
vn 0.9594583 0.1407909 -0.2441674
vn 0.225301 0.947831 -0.2255124
vn 0.8061965 0.5456358 -0.228755
vn 0.98292 0.1840285 -0.001315719
vn 0.2798903 0.9468541 -0.1585205
vn -0.3939286 0.830749 0.3932892
vn 0.844207 0.5360137 -0.00198427
vn 0.9829197 0.1840305 0.001314039
vn 0.844198 0.5360278 0.001983305
vn -0.4829378 0.8296492 0.2800951
vn -0.7038516 0.0950058 0.7039652
vn -0.8610185 0.08996622 0.500553
vn 0.3223927 0.9431688 -0.08059548
vn -0.5462649 0.8242387 0.1490815
vn -0.9617416 0.07471588 0.2635731
vn 0.3654298 0.9308388 -0.0004528802
vn 0.844198 0.5360278 0.001983305
vn -0.5846479 0.8112864 0.0009821849
vn -0.9984738 0.05519513 0.001852614
vn 0.3654274 0.9308398 0.0004526713
vn 0.8061351 0.5457213 0.2287671
vn 0.9594257 0.1409735 0.2441901
vn 0.9829197 0.1840305 0.001314039
vn 0.8642427 0.1101439 0.4908694
vn 0.7191767 0.551729 0.4223505
vn 0.7043567 0.09838272 0.7029954
vn 0.589393 0.55288 0.5890158
vn 0.3223756 0.9431742 0.08059908
vn 0.2798902 0.9468539 0.1585215
vn 0.2252992 0.9478315 0.2255121
vn -0.4829546 0.8296402 -0.2800929
vn -0.3939416 0.8307309 -0.3933145
vn -0.5462641 0.8242392 -0.1490817
vn -0.8610285 0.08995939 -0.5005369
vn -0.70385 0.09499921 -0.7039675
vn -0.9617416 0.07470752 -0.2635752
vn -0.9984738 0.05519498 -0.001852085
vn -0.5846412 0.8112914 -0.0009821854
vn -0.9984738 0.05519513 0.001852614
vn -0.5846479 0.8112864 0.0009821849
vn 0.3654298 0.9308388 -0.0004528802
vn 0.4926298 0.1067197 0.8636705
vn 0.589393 0.55288 0.5890158
vn 0.7043567 0.09838272 0.7029954
vn 0.4236742 0.5489792 0.7205012
vn 0.2457784 0.1342683 0.9599818
vn 0.2252992 0.9478315 0.2255121
vn 0.2301067 0.540092 0.8095379
vn 0.001327189 0.1749645 0.9845739
vn 0.1591865 0.9462062 0.2816977
vn -0.3939416 0.8307309 -0.3933145
vn 0.001990536 0.5229896 0.8523366
vn -0.001326556 0.1749647 0.9845738
vn -0.001991008 0.5230343 0.8523093
vn -0.2824695 0.8275086 -0.4852221
vn -0.70385 0.09499921 -0.7039675
vn -0.5004714 0.08953803 -0.8611105
vn 0.08118723 0.9417229 0.3264452
vn -0.151612 0.8197911 -0.5522285
vn -0.2635067 0.07387063 -0.961825
vn 0.0004527778 0.9260705 0.3773504
vn -0.001991008 0.5230343 0.8523093
vn -0.0009983684 0.8091192 -0.5876436
vn -0.001833588 0.05430359 -0.9985228
vn 0.0009983737 0.809122 -0.5876397
vn 0.001833583 0.05430386 -0.9985228
vn -0.0004527902 0.9260702 0.377351
vn 0.0009983737 0.809122 -0.5876397
vn -0.2300871 0.5401329 0.8095162
vn -0.08119412 0.9417209 0.3264492
vn -0.2458102 0.1343414 0.9599634
vn -0.001326556 0.1749647 0.9845738
vn -0.4926441 0.1068727 0.8636435
vn -0.4236236 0.5490716 0.7204606
vn -0.7043452 0.09854116 0.7029848
vn -0.5893486 0.5529812 0.5889652
vn -0.1591727 0.9462087 0.2816969
vn -0.2253104 0.9478261 0.2255235
vn 0.1516208 0.8197741 -0.5522514
vn 0.001833583 0.05430386 -0.9985228
vn 0.2635069 0.07386679 -0.9618253
vn 0.282486 0.8274733 -0.4852727
vn 0.3939679 0.8306984 -0.3933569
vn 0.5004736 0.08953196 -0.8611098
vn 0.7038481 0.09499806 -0.7039695
vn -0.8642346 0.1103259 0.490843
vn -0.5893486 0.5529812 0.5889652
vn -0.7043452 0.09854116 0.7029848
vn -0.7191055 0.5518533 0.4223093
vn -0.9594103 0.1410456 0.2442087
vn -0.2253104 0.9478261 0.2255235
vn -0.8060759 0.5458006 0.228787
vn -0.9829198 0.18403 0.001314024
vn -0.844162 0.5360845 0.001983052
vn -0.2798812 0.9468563 0.1585236
vn 0.3939679 0.8306984 -0.3933569
vn -0.3223906 0.943167 0.08062366
vn -0.365423 0.9308414 0.000452491
vn 0.4830187 0.8295897 -0.2801318
vn 0.7038481 0.09499806 -0.7039695
vn 0.8610281 0.08996094 -0.5005373
vn 0.5462926 0.8242195 -0.1490867
vn 0.9617432 0.07470834 -0.2635692
vn 0.5846663 0.8112733 -0.0009821861
vn -0.3654255 0.9308405 -0.0004532496
vn 0.9984736 0.0551996 -0.001851961
vn 0.584668 0.8112721 0.0009821749
vn 0.9984736 0.05519978 0.001852549
vn -0.9829197 0.1840308 -0.001316198
vn -0.844162 0.5360845 0.001983052
vn -0.9829198 0.18403 0.001314024
vn -0.8441644 0.5360807 -0.001984907
vn -0.365423 0.9308414 0.000452491
vn -0.9594088 0.1411267 -0.2441679
vn -0.3654255 0.9308405 -0.0004532496
vn -0.8060828 0.5458045 -0.2287531
vn -0.8642458 0.1103659 -0.4908141
vn -0.3224342 0.9431524 -0.08062129
vn 0.584668 0.8112721 0.0009821749
vn -0.7191201 0.5518535 -0.4222841
vn -0.7043467 0.09853355 -0.7029844
vn -0.5893506 0.5529763 -0.5889679
vn -0.2799032 0.9468501 -0.1585214
vn -0.2253139 0.947825 -0.225525
vn 0.5463405 0.8241853 0.1490993
vn 0.9984736 0.05519978 0.001852549
vn 0.961743 0.07471898 0.2635667
vn 0.4830162 0.8295873 0.2801434
vn 0.3939552 0.830717 0.39333
vn 0.8610188 0.08996867 0.500552
vn 0.7038493 0.09500367 0.7039677
g Door_Button_002_Button_Base_Chamber_0
f 3/3/3 2/2/2 1/1/1
f 4/4/4 3/3/3 1/1/1
f 4/4/4 1/1/1 5/5/5
f 6/6/6 4/4/4 5/5/5
f 6/6/6 5/5/5 7/7/7
f 8/8/8 6/6/6 7/7/7
f 9/9/9 8/8/8 7/7/7
f 10/10/10 9/9/9 7/7/7
f 11/11/11 9/9/9 10/10/10
f 12/12/12 11/11/11 10/10/10
f 13/13/13 11/11/11 12/12/12
f 14/14/14 13/13/13 12/12/12
f 15/15/15 13/13/13 14/14/14
f 16/16/16 15/15/15 14/14/14
f 19/19/19 18/18/18 17/17/17
f 18/18/18 20/20/20 17/17/17
f 18/18/18 21/21/21 20/20/20
f 21/21/21 22/22/22 20/20/20
f 21/21/21 23/23/23 22/22/22
f 23/23/23 24/24/24 22/22/22
f 23/23/23 25/25/25 24/24/24
f 25/25/25 26/26/26 24/24/24
f 29/29/29 28/28/28 27/27/27
f 28/28/28 30/30/30 27/27/27
f 27/27/27 30/30/30 31/31/31
f 30/30/30 32/32/32 31/31/31
f 31/31/31 32/32/32 33/33/33
f 32/32/32 34/34/34 33/33/33
f 34/34/34 35/35/35 33/33/33
f 35/35/35 36/36/36 33/33/33
f 39/39/39 38/38/38 37/37/37
f 40/40/40 39/39/39 37/37/37
f 41/41/41 39/39/39 40/40/40
f 42/42/42 41/41/41 40/40/40
f 43/43/43 41/41/41 42/42/42
f 44/44/44 43/43/43 42/42/42
f 47/47/47 46/46/46 45/45/45
f 48/48/48 47/47/47 45/45/45
f 49/49/49 47/47/47 48/48/48
f 50/50/50 49/49/49 48/48/48
f 51/51/51 49/49/49 50/50/50
f 52/52/52 51/51/51 50/50/50
f 53/53/53 51/51/51 52/52/52
f 54/54/54 53/53/53 52/52/52
f 57/57/57 56/56/56 55/55/55
f 56/56/56 58/58/58 55/55/55
f 56/56/56 59/59/59 58/58/58
f 59/59/59 60/60/60 58/58/58
f 59/59/59 61/61/61 60/60/60
f 61/61/61 62/62/62 60/60/60
f 65/65/65 64/64/64 63/63/63
f 64/64/64 66/66/66 63/63/63
f 64/64/64 67/67/67 66/66/66
f 67/67/67 68/68/68 66/66/66
f 67/67/67 69/69/69 68/68/68
f 69/69/69 70/70/70 68/68/68
f 73/73/73 72/72/72 71/71/71
f 74/74/74 73/73/73 71/71/71
f 77/77/77 76/76/76 75/75/75
f 78/78/78 77/77/77 75/75/75
f 81/81/81 80/80/80 79/79/79
f 82/82/82 81/81/81 79/79/79
f 85/85/85 84/84/84 83/83/83
f 86/86/86 85/85/85 83/83/83
f 89/89/89 88/88/88 87/87/87
f 90/90/90 89/89/89 87/87/87
f 93/93/93 92/92/92 91/91/91
f 94/94/94 93/93/93 91/91/91
f 97/97/97 96/96/96 95/95/95
f 98/98/98 97/97/97 95/95/95
f 101/101/101 100/100/100 99/99/99
f 102/102/102 101/101/101 99/99/99
f 105/105/105 104/104/104 103/103/103
f 106/106/106 105/105/105 103/103/103
f 109/109/109 108/108/108 107/107/107
f 110/110/110 109/109/109 107/107/107
f 113/113/113 112/112/112 111/111/111
f 114/114/114 113/113/113 111/111/111
f 117/117/117 116/116/116 115/115/115
f 118/118/118 117/117/117 115/115/115
f 121/121/121 120/120/120 119/119/119
f 122/122/122 121/121/121 119/119/119
f 125/125/125 124/124/124 123/123/123
f 126/126/126 125/125/125 123/123/123
f 129/129/129 128/128/128 127/127/127
f 130/130/130 129/129/129 127/127/127
f 133/133/133 132/132/132 131/131/131
f 134/134/134 133/133/133 131/131/131
f 137/137/137 136/136/136 135/135/135
f 138/138/138 137/137/137 135/135/135
f 141/141/141 140/140/140 139/139/139
f 142/142/142 141/141/141 139/139/139
f 145/145/145 144/144/144 143/143/143
f 146/146/146 145/145/145 143/143/143
f 149/149/149 148/148/148 147/147/147
f 150/150/150 149/149/149 147/147/147
f 153/153/153 152/152/152 151/151/151
f 154/154/154 153/153/153 151/151/151
f 157/157/157 156/156/156 155/155/155
f 158/158/158 157/157/157 155/155/155
f 161/161/161 160/160/160 159/159/159
f 162/162/162 161/161/161 159/159/159
f 165/165/165 164/164/164 163/163/163
f 166/166/166 165/165/165 163/163/163
f 169/169/169 168/168/168 167/167/167
f 170/170/170 169/169/169 167/167/167
f 173/173/173 172/172/172 171/171/171
f 174/174/174 173/173/173 171/171/171
f 177/177/177 176/176/176 175/175/175
f 178/178/178 177/177/177 175/175/175
f 181/181/181 180/180/180 179/179/179
f 182/182/182 181/181/181 179/179/179
f 185/185/185 184/184/184 183/183/183
f 184/184/184 186/186/186 183/183/183
f 183/183/183 186/186/186 187/187/187
f 186/186/186 188/188/188 187/187/187
f 186/186/186 189/189/189 188/188/188
f 189/189/189 190/190/190 188/188/188
f 191/191/191 189/189/189 186/186/186
f 192/192/192 191/191/191 186/186/186
f 189/189/189 193/193/193 190/190/190
f 193/193/193 194/194/194 190/190/190
f 195/195/195 193/193/193 189/189/189
f 196/196/196 195/195/195 189/189/189
f 199/199/199 198/198/198 197/197/197
f 200/200/200 199/199/199 197/197/197
f 203/203/203 202/202/202 201/201/201
f 202/202/202 204/204/204 201/201/201
f 201/201/201 204/204/204 205/205/205
f 204/204/204 206/206/206 205/205/205
f 204/204/204 207/207/207 206/206/206
f 207/207/207 208/208/208 206/206/206
f 209/209/209 207/207/207 204/204/204
f 210/210/210 209/209/209 204/204/204
f 207/207/207 211/211/211 208/208/208
f 211/211/211 212/212/212 208/208/208
f 213/213/213 211/211/211 207/207/207
f 214/214/214 213/213/213 207/207/207
f 211/211/211 215/215/215 212/212/212
f 215/215/215 216/216/216 212/212/212
f 219/219/219 218/218/218 217/217/217
f 220/220/220 219/219/219 217/217/217
f 221/221/221 219/219/219 220/220/220
f 222/222/222 221/221/221 220/220/220
f 222/222/222 220/220/220 223/223/223
f 224/224/224 222/222/222 223/223/223
f 224/224/224 223/223/223 225/225/225
f 226/226/226 224/224/224 225/225/225
f 226/226/226 225/225/225 227/227/227
f 228/228/228 226/226/226 227/227/227
f 231/231/231 230/230/230 229/229/229
f 232/232/232 231/231/231 229/229/229
f 235/235/235 234/234/234 233/233/233
f 236/236/236 235/235/235 233/233/233
f 235/235/235 236/236/236 237/237/237
f 236/236/236 238/238/238 237/237/237
f 238/238/238 239/239/239 237/237/237
f 240/240/240 235/235/235 237/237/237
f 241/241/241 235/235/235 240/240/240
f 235/235/235 241/241/241 242/242/242
f 241/241/241 243/243/243 242/242/242
f 244/244/244 241/241/241 240/240/240
f 245/245/245 241/241/241 244/244/244
f 246/246/246 245/245/245 244/244/244
f 241/241/241 245/245/245 247/247/247
f 245/245/245 248/248/248 247/247/247
f 251/251/251 250/250/250 249/249/249
f 252/252/252 251/251/251 249/249/249
f 251/251/251 252/252/252 253/253/253
f 254/254/254 251/251/251 253/253/253
f 255/255/255 251/251/251 254/254/254
f 251/251/251 255/255/255 256/256/256
f 255/255/255 257/257/257 256/256/256
f 258/258/258 255/255/255 254/254/254
f 259/259/259 255/255/255 258/258/258
f 260/260/260 259/259/259 258/258/258
f 255/255/255 259/259/259 261/261/261
f 259/259/259 262/262/262 261/261/261
f 265/265/265 264/264/264 263/263/263
f 266/266/266 265/265/265 263/263/263
f 265/265/265 266/266/266 267/267/267
f 267/267/267 266/266/266 268/268/268
f 266/266/266 269/269/269 268/268/268
f 270/270/270 265/265/265 267/267/267
f 271/271/271 265/265/265 270/270/270
f 265/265/265 271/271/271 272/272/272
f 271/271/271 273/273/273 272/272/272
f 274/274/274 271/271/271 270/270/270
f 275/275/275 271/271/271 274/274/274
f 276/276/276 275/275/275 274/274/274
f 271/271/271 275/275/275 277/277/277
f 275/275/275 278/278/278 277/277/277
f 281/281/281 280/280/280 279/279/279
f 282/282/282 281/281/281 279/279/279
f 281/281/281 282/282/282 283/283/283
f 284/284/284 281/281/281 283/283/283
f 285/285/285 281/281/281 284/284/284
f 281/281/281 285/285/285 286/286/286
f 285/285/285 287/287/287 286/286/286
f 288/288/288 285/285/285 284/284/284
f 289/289/289 285/285/285 288/288/288
f 285/285/285 289/289/289 290/290/290
f 289/289/289 291/291/291 290/290/290
f 292/292/292 289/289/289 288/288/288
f 293/293/293 289/289/289 292/292/292
f 294/294/294 293/293/293 292/292/292
f 297/297/297 296/296/296 295/295/295
f 296/296/296 298/298/298 295/295/295
f 298/298/298 299/299/299 295/295/295
f 299/299/299 300/300/300 295/295/295
f 299/299/299 298/298/298 301/301/301
f 302/302/302 299/299/299 301/301/301
f 302/302/302 301/301/301 303/303/303
f 304/304/304 302/302/302 303/303/303
f 304/304/304 303/303/303 305/305/305
f 306/306/306 304/304/304 305/305/305
f 309/309/309 308/308/308 307/307/307
f 308/308/308 310/310/310 307/307/307
f 307/307/307 310/310/310 311/311/311
f 310/310/310 312/312/312 311/311/311
f 310/310/310 313/313/313 312/312/312
f 313/313/313 314/314/314 312/312/312
f 315/315/315 313/313/313 310/310/310
f 316/316/316 315/315/315 310/310/310
f 313/313/313 317/317/317 314/314/314
f 317/317/317 318/318/318 314/314/314
f 319/319/319 317/317/317 313/313/313
f 320/320/320 319/319/319 313/313/313
f 323/323/323 322/322/322 321/321/321
f 322/322/322 324/324/324 321/321/321
f 321/321/321 324/324/324 325/325/325
f 324/324/324 326/326/326 325/325/325
f 324/324/324 327/327/327 326/326/326
f 327/327/327 328/328/328 326/326/326
f 329/329/329 327/327/327 324/324/324
f 330/330/330 329/329/329 324/324/324
f 327/327/327 331/331/331 328/328/328
f 331/331/331 332/332/332 328/328/328
f 333/333/333 331/331/331 327/327/327
f 334/334/334 333/333/333 327/327/327
f 337/337/337 336/336/336 335/335/335
f 338/338/338 337/337/337 335/335/335
f 338/338/338 335/335/335 339/339/339
f 340/340/340 338/338/338 339/339/339
f 340/340/340 339/339/339 341/341/341
f 342/342/342 340/340/340 341/341/341
f 345/345/345 344/344/344 343/343/343
f 346/346/346 345/345/345 343/343/343
f 347/347/347 346/346/346 343/343/343
f 348/348/348 347/347/347 343/343/343
f 349/349/349 347/347/347 348/348/348
f 350/350/350 349/349/349 348/348/348
f 351/351/351 349/349/349 350/350/350
f 352/352/352 351/351/351 350/350/350
f 355/355/355 354/354/354 353/353/353
f 354/354/354 356/356/356 353/353/353
f 353/353/353 356/356/356 357/357/357
f 356/356/356 358/358/358 357/357/357
f 357/357/357 358/358/358 359/359/359
f 358/358/358 360/360/360 359/359/359
f 363/363/363 362/362/362 361/361/361
f 364/364/364 363/363/363 361/361/361
f 365/365/365 363/363/363 364/364/364
f 366/366/366 365/365/365 364/364/364
f 367/367/367 365/365/365 366/366/366
f 368/368/368 367/367/367 366/366/366
f 369/369/369 367/367/367 368/368/368
f 370/370/370 369/369/369 368/368/368
f 373/373/373 372/372/372 371/371/371
f 372/372/372 374/374/374 371/371/371
f 371/371/371 374/374/374 375/375/375
f 374/374/374 376/376/376 375/375/375
f 375/375/375 376/376/376 377/377/377
f 376/376/376 378/378/378 377/377/377
f 381/381/381 380/380/380 379/379/379
f 382/382/382 381/381/381 379/379/379
f 382/382/382 379/379/379 383/383/383
f 384/384/384 382/382/382 383/383/383
f 384/384/384 383/383/383 385/385/385
f 386/386/386 384/384/384 385/385/385
f 389/389/389 388/388/388 387/387/387
f 388/388/388 390/390/390 387/387/387
f 390/390/390 391/391/391 387/387/387
f 391/391/391 392/392/392 387/387/387
f 395/395/395 394/394/394 393/393/393
f 396/396/396 395/395/395 393/393/393
f 396/396/396 397/397/397 395/395/395
f 397/397/397 398/398/398 395/395/395
f 401/401/401 400/400/400 399/399/399
f 400/400/400 402/402/402 399/399/399
f 402/402/402 403/403/403 399/399/399
f 403/403/403 404/404/404 399/399/399
f 407/407/407 406/406/406 405/405/405
f 406/406/406 408/408/408 405/405/405
f 408/408/408 409/409/409 405/405/405
f 409/409/409 410/410/410 405/405/405
f 413/413/413 412/412/412 411/411/411
f 412/412/412 414/414/414 411/411/411
f 414/414/414 415/415/415 411/411/411
f 415/415/415 416/416/416 411/411/411
f 419/419/419 418/418/418 417/417/417
f 418/418/418 420/420/420 417/417/417
f 420/420/420 421/421/421 417/417/417
f 421/421/421 422/422/422 417/417/417
f 425/425/425 424/424/424 423/423/423
f 424/424/424 426/426/426 423/423/423
f 426/426/426 427/427/427 423/423/423
f 427/427/427 428/428/428 423/423/423
f 431/431/431 430/430/430 429/429/429
f 430/430/430 432/432/432 429/429/429
f 432/432/432 433/433/433 429/429/429
f 433/433/433 434/434/434 429/429/429
f 437/437/437 436/436/436 435/435/435
f 436/436/436 438/438/438 435/435/435
f 438/438/438 439/439/439 435/435/435
f 439/439/439 440/440/440 435/435/435
f 443/443/443 442/442/442 441/441/441
f 444/444/444 443/443/443 441/441/441
f 444/444/444 445/445/445 443/443/443
f 445/445/445 446/446/446 443/443/443
f 449/449/449 448/448/448 447/447/447
f 450/450/450 449/449/449 447/447/447
f 450/450/450 451/451/451 449/449/449
f 451/451/451 452/452/452 449/449/449
f 455/455/455 454/454/454 453/453/453
f 456/456/456 455/455/455 453/453/453
f 456/456/456 457/457/457 455/455/455
f 457/457/457 458/458/458 455/455/455
f 461/461/461 460/460/460 459/459/459
f 462/462/462 461/461/461 459/459/459
f 462/462/462 463/463/463 461/461/461
f 463/463/463 464/464/464 461/461/461
f 467/467/467 466/466/466 465/465/465
f 468/468/468 467/467/467 465/465/465
f 468/468/468 469/469/469 467/467/467
f 469/469/469 470/470/470 467/467/467
f 473/473/473 472/472/472 471/471/471
f 474/474/474 473/473/473 471/471/471
f 474/474/474 475/475/475 473/473/473
f 475/475/475 476/476/476 473/473/473
f 479/479/479 478/478/478 477/477/477
f 480/480/480 479/479/479 477/477/477
f 480/480/480 481/481/481 479/479/479
f 481/481/481 482/482/482 479/479/479
f 485/485/485 484/484/484 483/483/483
f 486/486/486 485/485/485 483/483/483
f 486/486/486 487/487/487 485/485/485
f 487/487/487 488/488/488 485/485/485
f 491/491/491 490/490/490 489/489/489
f 492/492/492 491/491/491 489/489/489
f 492/492/492 493/493/493 491/491/491
f 493/493/493 494/494/494 491/491/491
f 497/497/497 496/496/496 495/495/495
f 498/498/498 497/497/497 495/495/495
f 498/498/498 499/499/499 497/497/497
f 499/499/499 500/500/500 497/497/497
f 503/503/503 502/502/502 501/501/501
f 504/504/504 503/503/503 501/501/501
f 504/504/504 505/505/505 503/503/503
f 505/505/505 506/506/506 503/503/503
f 509/509/509 508/508/508 507/507/507
f 510/510/510 509/509/509 507/507/507
f 510/510/510 511/511/511 509/509/509
f 511/511/511 512/512/512 509/509/509
f 515/515/515 514/514/514 513/513/513
f 516/516/516 515/515/515 513/513/513
f 516/516/516 517/517/517 515/515/515
f 517/517/517 518/518/518 515/515/515
f 521/521/521 520/520/520 519/519/519
f 520/520/520 522/522/522 519/519/519
f 522/522/522 523/523/523 519/519/519
f 523/523/523 524/524/524 519/519/519
f 527/527/527 526/526/526 525/525/525
f 526/526/526 528/528/528 525/525/525
f 528/528/528 529/529/529 525/525/525
f 529/529/529 530/530/530 525/525/525
f 533/533/533 532/532/532 531/531/531
f 532/532/532 534/534/534 531/531/531
f 534/534/534 535/535/535 531/531/531
f 535/535/535 536/536/536 531/531/531
f 539/539/539 538/538/538 537/537/537
f 538/538/538 540/540/540 537/537/537
f 540/540/540 541/541/541 537/537/537
f 541/541/541 542/542/542 537/537/537
f 545/545/545 544/544/544 543/543/543
f 544/544/544 546/546/546 543/543/543
f 546/546/546 547/547/547 543/543/543
f 547/547/547 548/548/548 543/543/543
f 551/551/551 550/550/550 549/549/549
f 550/550/550 552/552/552 549/549/549
f 552/552/552 553/553/553 549/549/549
f 553/553/553 554/554/554 549/549/549
g Door_Button_002_Button_Base_Chamber_1
f 557/557/557 556/556/556 555/555/555
f 556/556/556 558/558/558 555/555/555
f 556/556/556 559/559/559 558/558/558
f 559/559/559 560/560/560 558/558/558
f 559/559/559 561/561/561 560/560/560
f 561/561/561 562/562/562 560/560/560
f 561/561/561 563/563/563 562/562/562
f 563/563/563 564/564/564 562/562/562
f 567/567/567 566/566/566 565/565/565
f 566/566/566 568/568/568 565/565/565
f 566/566/566 569/569/569 568/568/568
f 569/569/569 570/570/570 568/568/568
f 569/569/569 571/571/571 570/570/570
f 571/571/571 572/572/572 570/570/570
f 571/571/571 573/573/573 572/572/572
f 573/573/573 574/574/574 572/572/572
f 577/577/577 576/576/576 575/575/575
f 576/576/576 578/578/578 575/575/575
f 576/576/576 579/579/579 578/578/578
f 579/579/579 580/580/580 578/578/578
f 579/579/579 581/581/581 580/580/580
f 581/581/581 582/582/582 580/580/580
f 581/581/581 583/583/583 582/582/582
f 583/583/583 584/584/584 582/582/582
f 587/587/587 586/586/586 585/585/585
f 586/586/586 588/588/588 585/585/585
f 586/586/586 589/589/589 588/588/588
f 589/589/589 590/590/590 588/588/588
f 589/589/589 591/591/591 590/590/590
f 591/591/591 592/592/592 590/590/590
f 591/591/591 593/593/593 592/592/592
f 593/593/593 594/594/594 592/592/592
f 597/597/597 596/596/596 595/595/595
f 596/596/596 598/598/598 595/595/595
f 596/596/596 599/599/599 598/598/598
f 599/599/599 600/600/600 598/598/598
f 599/599/599 601/601/601 600/600/600
f 601/601/601 602/602/602 600/600/600
f 601/601/601 603/603/603 602/602/602
f 603/603/603 604/604/604 602/602/602
f 607/607/607 606/606/606 605/605/605
f 606/606/606 608/608/608 605/605/605
f 606/606/606 609/609/609 608/608/608
f 609/609/609 610/610/610 608/608/608
f 609/609/609 611/611/611 610/610/610
f 611/611/611 612/612/612 610/610/610
f 611/611/611 613/613/613 612/612/612
f 613/613/613 614/614/614 612/612/612
f 617/617/617 616/616/616 615/615/615
f 616/616/616 618/618/618 615/615/615
f 616/616/616 619/619/619 618/618/618
f 619/619/619 620/620/620 618/618/618
f 619/619/619 621/621/621 620/620/620
f 621/621/621 622/622/622 620/620/620
f 621/621/621 623/623/623 622/622/622
f 623/623/623 624/624/624 622/622/622
f 627/627/627 626/626/626 625/625/625
f 626/626/626 628/628/628 625/625/625
f 626/626/626 629/629/629 628/628/628
f 629/629/629 630/630/630 628/628/628
f 629/629/629 631/631/631 630/630/630
f 631/631/631 632/632/632 630/630/630
f 631/631/631 633/633/633 632/632/632
f 633/633/633 634/634/634 632/632/632
f 637/637/637 636/636/636 635/635/635
f 636/636/636 638/638/638 635/635/635
f 636/636/636 639/639/639 638/638/638
f 639/639/639 640/640/640 638/638/638
f 639/639/639 641/641/641 640/640/640
f 641/641/641 642/642/642 640/640/640
f 641/641/641 643/643/643 642/642/642
f 643/643/643 644/644/644 642/642/642
f 647/647/647 646/646/646 645/645/645
f 646/646/646 648/648/648 645/645/645
f 646/646/646 649/649/649 648/648/648
f 649/649/649 650/650/650 648/648/648
f 649/649/649 651/651/651 650/650/650
f 651/651/651 652/652/652 650/650/650
f 651/651/651 653/653/653 652/652/652
f 653/653/653 654/654/654 652/652/652
f 657/657/657 656/656/656 655/655/655
f 656/656/656 658/658/658 655/655/655
f 656/656/656 659/659/659 658/658/658
f 659/659/659 660/660/660 658/658/658
f 659/659/659 661/661/661 660/660/660
f 661/661/661 662/662/662 660/660/660
f 661/661/661 663/663/663 662/662/662
f 663/663/663 664/664/664 662/662/662
f 667/667/667 666/666/666 665/665/665
f 666/666/666 668/668/668 665/665/665
f 666/666/666 669/669/669 668/668/668
f 669/669/669 670/670/670 668/668/668
f 669/669/669 671/671/671 670/670/670
f 671/671/671 672/672/672 670/670/670
f 671/671/671 673/673/673 672/672/672
f 673/673/673 674/674/674 672/672/672
f 677/677/677 676/676/676 675/675/675
f 676/676/676 678/678/678 675/675/675
f 676/676/676 679/679/679 678/678/678
f 679/679/679 680/680/680 678/678/678
f 679/679/679 681/681/681 680/680/680
f 681/681/681 682/682/682 680/680/680
f 681/681/681 683/683/683 682/682/682
f 683/683/683 684/684/684 682/682/682
f 687/687/687 686/686/686 685/685/685
f 686/686/686 688/688/688 685/685/685
f 686/686/686 689/689/689 688/688/688
f 689/689/689 690/690/690 688/688/688
f 689/689/689 691/691/691 690/690/690
f 691/691/691 692/692/692 690/690/690
f 691/691/691 693/693/693 692/692/692
f 693/693/693 694/694/694 692/692/692
f 697/697/697 696/696/696 695/695/695
f 696/696/696 698/698/698 695/695/695
f 696/696/696 699/699/699 698/698/698
f 699/699/699 700/700/700 698/698/698
f 699/699/699 701/701/701 700/700/700
f 701/701/701 702/702/702 700/700/700
f 701/701/701 703/703/703 702/702/702
f 703/703/703 704/704/704 702/702/702
f 707/707/707 706/706/706 705/705/705
f 706/706/706 708/708/708 705/705/705
f 706/706/706 709/709/709 708/708/708
f 709/709/709 710/710/710 708/708/708
f 709/709/709 711/711/711 710/710/710
f 711/711/711 712/712/712 710/710/710
f 711/711/711 713/713/713 712/712/712
f 713/713/713 714/714/714 712/712/712
f 717/717/717 716/716/716 715/715/715
f 716/716/716 718/718/718 715/715/715
f 716/716/716 719/719/719 718/718/718
f 719/719/719 720/720/720 718/718/718
f 719/719/719 721/721/721 720/720/720
f 721/721/721 722/722/722 720/720/720
f 721/721/721 723/723/723 722/722/722
f 723/723/723 724/724/724 722/722/722
f 727/727/727 726/726/726 725/725/725
f 726/726/726 728/728/728 725/725/725
f 726/726/726 729/729/729 728/728/728
f 729/729/729 730/730/730 728/728/728
f 729/729/729 731/731/731 730/730/730
f 731/731/731 732/732/732 730/730/730
f 731/731/731 733/733/733 732/732/732
f 733/733/733 734/734/734 732/732/732
f 737/737/737 736/736/736 735/735/735
f 736/736/736 738/738/738 735/735/735
f 736/736/736 739/739/739 738/738/738
f 739/739/739 740/740/740 738/738/738
f 739/739/739 741/741/741 740/740/740
f 741/741/741 742/742/742 740/740/740
f 741/741/741 743/743/743 742/742/742
f 743/743/743 744/744/744 742/742/742
f 747/747/747 746/746/746 745/745/745
f 746/746/746 748/748/748 745/745/745
f 746/746/746 749/749/749 748/748/748
f 749/749/749 750/750/750 748/748/748
f 749/749/749 751/751/751 750/750/750
f 751/751/751 752/752/752 750/750/750
f 751/751/751 753/753/753 752/752/752
f 753/753/753 754/754/754 752/752/752
f 757/757/757 756/756/756 755/755/755
f 756/756/756 758/758/758 755/755/755
f 756/756/756 759/759/759 758/758/758
f 759/759/759 760/760/760 758/758/758
f 759/759/759 761/761/761 760/760/760
f 761/761/761 762/762/762 760/760/760
f 761/761/761 763/763/763 762/762/762
f 763/763/763 764/764/764 762/762/762
f 767/767/767 766/766/766 765/765/765
f 766/766/766 768/768/768 765/765/765
f 766/766/766 769/769/769 768/768/768
f 769/769/769 770/770/770 768/768/768
f 769/769/769 771/771/771 770/770/770
f 771/771/771 772/772/772 770/770/770
f 771/771/771 773/773/773 772/772/772
f 773/773/773 774/774/774 772/772/772
f 777/777/777 776/776/776 775/775/775
f 776/776/776 778/778/778 775/775/775
f 776/776/776 779/779/779 778/778/778
f 779/779/779 780/780/780 778/778/778
f 779/779/779 781/781/781 780/780/780
f 781/781/781 782/782/782 780/780/780
f 781/781/781 783/783/783 782/782/782
f 783/783/783 784/784/784 782/782/782
f 787/787/787 786/786/786 785/785/785
f 786/786/786 788/788/788 785/785/785
f 786/786/786 789/789/789 788/788/788
f 789/789/789 790/790/790 788/788/788
f 789/789/789 791/791/791 790/790/790
f 791/791/791 792/792/792 790/790/790
f 791/791/791 793/793/793 792/792/792
f 793/793/793 794/794/794 792/792/792
f 797/797/797 796/796/796 795/795/795
f 796/796/796 798/798/798 795/795/795
f 796/796/796 799/799/799 798/798/798
f 799/799/799 800/800/800 798/798/798
f 799/799/799 801/801/801 800/800/800
f 801/801/801 802/802/802 800/800/800
f 801/801/801 803/803/803 802/802/802
f 803/803/803 804/804/804 802/802/802
f 807/807/807 806/806/806 805/805/805
f 806/806/806 808/808/808 805/805/805
f 806/806/806 809/809/809 808/808/808
f 809/809/809 810/810/810 808/808/808
f 809/809/809 811/811/811 810/810/810
f 811/811/811 812/812/812 810/810/810
f 811/811/811 813/813/813 812/812/812
f 813/813/813 814/814/814 812/812/812
f 817/817/817 816/816/816 815/815/815
f 816/816/816 818/818/818 815/815/815
f 816/816/816 819/819/819 818/818/818
f 819/819/819 820/820/820 818/818/818
f 819/819/819 821/821/821 820/820/820
f 821/821/821 822/822/822 820/820/820
f 821/821/821 823/823/823 822/822/822
f 823/823/823 824/824/824 822/822/822
f 827/827/827 826/826/826 825/825/825
f 826/826/826 828/828/828 825/825/825
f 826/826/826 829/829/829 828/828/828
f 829/829/829 830/830/830 828/828/828
f 829/829/829 831/831/831 830/830/830
f 831/831/831 832/832/832 830/830/830
f 831/831/831 833/833/833 832/832/832
f 833/833/833 834/834/834 832/832/832
f 837/837/837 836/836/836 835/835/835
f 836/836/836 838/838/838 835/835/835
f 835/835/835 838/838/838 839/839/839
f 836/836/836 840/840/840 838/838/838
f 838/838/838 841/841/841 839/839/839
f 839/839/839 841/841/841 842/842/842
f 840/840/840 843/843/843 838/838/838
f 838/838/838 843/843/843 841/841/841
f 840/840/840 844/844/844 843/843/843
f 841/841/841 845/845/845 842/842/842
f 842/842/842 845/845/845 846/846/846
f 845/845/845 847/847/847 846/846/846
f 844/844/844 848/848/848 843/843/843
f 844/844/844 849/849/849 848/848/848
f 849/849/849 850/850/850 848/848/848
f 843/843/843 851/851/851 841/841/841
f 841/841/841 851/851/851 845/845/845
f 843/843/843 848/848/848 851/851/851
f 848/848/848 850/850/850 852/852/852
f 848/848/848 852/852/852 851/851/851
f 850/850/850 853/853/853 852/852/852
f 851/851/851 854/854/854 845/845/845
f 851/851/851 852/852/852 854/854/854
f 845/845/845 854/854/854 855/855/855
f 852/852/852 853/853/853 856/856/856
f 852/852/852 856/856/856 854/854/854
f 853/853/853 857/857/857 856/856/856
f 854/854/854 856/856/856 858/858/858
f 856/856/856 859/859/859 858/858/858
f 856/856/856 857/857/857 859/859/859
f 857/857/857 860/860/860 859/859/859
f 854/854/854 861/861/861 855/855/855
f 855/855/855 861/861/861 862/862/862
f 855/855/855 862/862/862 863/863/863
f 864/864/864 855/855/855 863/863/863
f 863/863/863 862/862/862 865/865/865
f 861/861/861 866/866/866 862/862/862
f 861/861/861 867/867/867 866/866/866
f 862/862/862 868/868/868 865/865/865
f 862/862/862 866/866/866 868/868/868
f 865/865/865 868/868/868 869/869/869
f 868/868/868 870/870/870 869/869/869
f 868/868/868 871/871/871 870/870/870
f 866/866/866 871/871/871 868/868/868
f 871/871/871 872/872/872 870/870/870
f 867/867/867 873/873/873 866/866/866
f 866/866/866 873/873/873 871/871/871
f 867/867/867 874/874/874 873/873/873
f 874/874/874 875/875/875 873/873/873
f 871/871/871 876/876/876 872/872/872
f 873/873/873 876/876/876 871/871/871
f 873/873/873 875/875/875 876/876/876
f 876/876/876 877/877/877 872/872/872
f 875/875/875 878/878/878 876/876/876
f 876/876/876 878/878/878 877/877/877
f 878/878/878 879/879/879 877/877/877
f 882/882/882 881/881/881 880/880/880
f 881/881/881 883/883/883 880/880/880
f 880/880/880 883/883/883 884/884/884
f 881/881/881 885/885/885 883/883/883
f 883/883/883 886/886/886 884/884/884
f 884/884/884 886/886/886 887/887/887
f 885/885/885 888/888/888 883/883/883
f 883/883/883 888/888/888 886/886/886
f 885/885/885 889/889/889 888/888/888
f 886/886/886 890/890/890 887/887/887
f 887/887/887 890/890/890 891/891/891
f 890/890/890 892/892/892 891/891/891
f 889/889/889 893/893/893 888/888/888
f 889/889/889 894/894/894 893/893/893
f 894/894/894 895/895/895 893/893/893
f 888/888/888 896/896/896 886/886/886
f 886/886/886 896/896/896 890/890/890
f 888/888/888 893/893/893 896/896/896
f 893/893/893 895/895/895 897/897/897
f 893/893/893 897/897/897 896/896/896
f 895/895/895 898/898/898 897/897/897
f 896/896/896 899/899/899 890/890/890
f 896/896/896 897/897/897 899/899/899
f 890/890/890 899/899/899 900/900/900
f 897/897/897 898/898/898 901/901/901
f 897/897/897 901/901/901 899/899/899
f 898/898/898 902/902/902 901/901/901
f 899/899/899 903/903/903 900/900/900
f 900/900/900 903/903/903 904/904/904
f 900/900/900 904/904/904 905/905/905
f 906/906/906 900/900/900 905/905/905
f 905/905/905 904/904/904 907/907/907
f 904/904/904 908/908/908 907/907/907
f 907/907/907 908/908/908 909/909/909
f 908/908/908 910/910/910 909/909/909
f 904/904/904 911/911/911 908/908/908
f 903/903/903 911/911/911 904/904/904
f 908/908/908 912/912/912 910/910/910
f 911/911/911 912/912/912 908/908/908
f 912/912/912 913/913/913 910/910/910
f 912/912/912 914/914/914 913/913/913
f 914/914/914 915/915/915 913/913/913
f 911/911/911 916/916/916 912/912/912
f 916/916/916 914/914/914 912/912/912
f 914/914/914 917/917/917 915/915/915
f 917/917/917 918/918/918 915/915/915
f 919/919/919 917/917/917 914/914/914
f 916/916/916 919/919/919 914/914/914
f 920/920/920 919/919/919 916/916/916
f 921/921/921 916/916/916 911/911/911
f 921/921/921 920/920/920 916/916/916
f 903/903/903 921/921/921 911/911/911
f 922/922/922 920/920/920 921/921/921
f 923/923/923 922/922/922 921/921/921
f 923/923/923 921/921/921 903/903/903
f 924/924/924 923/923/923 903/903/903
f 927/927/927 926/926/926 925/925/925
f 926/926/926 928/928/928 925/925/925
f 925/925/925 928/928/928 929/929/929
f 926/926/926 930/930/930 928/928/928
f 928/928/928 931/931/931 929/929/929
f 929/929/929 931/931/931 932/932/932
f 930/930/930 933/933/933 928/928/928
f 928/928/928 933/933/933 931/931/931
f 930/930/930 934/934/934 933/933/933
f 931/931/931 935/935/935 932/932/932
f 932/932/932 935/935/935 936/936/936
f 935/935/935 937/937/937 936/936/936
f 934/934/934 938/938/938 933/933/933
f 934/934/934 939/939/939 938/938/938
f 939/939/939 940/940/940 938/938/938
f 933/933/933 941/941/941 931/931/931
f 931/931/931 941/941/941 935/935/935
f 933/933/933 938/938/938 941/941/941
f 938/938/938 940/940/940 942/942/942
f 938/938/938 942/942/942 941/941/941
f 940/940/940 943/943/943 942/942/942
f 941/941/941 944/944/944 935/935/935
f 941/941/941 942/942/942 944/944/944
f 935/935/935 944/944/944 945/945/945
f 942/942/942 943/943/943 946/946/946
f 942/942/942 946/946/946 944/944/944
f 943/943/943 947/947/947 946/946/946
f 946/946/946 947/947/947 948/948/948
f 947/947/947 949/949/949 948/948/948
f 944/944/944 946/946/946 950/950/950
f 944/944/944 950/950/950 945/945/945
f 946/946/946 951/951/951 950/950/950
f 945/945/945 950/950/950 952/952/952
f 950/950/950 951/951/951 953/953/953
f 950/950/950 953/953/953 952/952/952
f 945/945/945 952/952/952 954/954/954
f 955/955/955 945/945/945 954/954/954
f 954/954/954 952/952/952 956/956/956
f 952/952/952 957/957/957 956/956/956
f 952/952/952 953/953/953 957/957/957
f 956/956/956 957/957/957 958/958/958
f 957/957/957 959/959/959 958/958/958
f 957/957/957 960/960/960 959/959/959
f 953/953/953 960/960/960 957/957/957
f 960/960/960 961/961/961 959/959/959
f 951/951/951 962/962/962 953/953/953
f 953/953/953 962/962/962 960/960/960
f 951/951/951 963/963/963 962/962/962
f 963/963/963 964/964/964 962/962/962
f 960/960/960 965/965/965 961/961/961
f 962/962/962 965/965/965 960/960/960
f 962/962/962 964/964/964 965/965/965
f 965/965/965 966/966/966 961/961/961
f 964/964/964 967/967/967 965/965/965
f 965/965/965 967/967/967 966/966/966
f 967/967/967 968/968/968 966/966/966
f 971/971/971 970/970/970 969/969/969
f 970/970/970 972/972/972 969/969/969
f 969/969/969 972/972/972 973/973/973
f 970/970/970 974/974/974 972/972/972
f 972/972/972 975/975/975 973/973/973
f 973/973/973 975/975/975 976/976/976
f 975/975/975 977/977/977 976/976/976
f 974/974/974 978/978/978 972/972/972
f 972/972/972 978/978/978 975/975/975
f 974/974/974 979/979/979 978/978/978
f 975/975/975 980/980/980 977/977/977
f 978/978/978 980/980/980 975/975/975
f 980/980/980 981/981/981 977/977/977
f 979/979/979 982/982/982 978/978/978
f 978/978/978 982/982/982 980/980/980
f 979/979/979 983/983/983 982/982/982
f 983/983/983 984/984/984 982/982/982
f 982/982/982 985/985/985 980/980/980
f 982/982/982 984/984/984 985/985/985
f 980/980/980 985/985/985 981/981/981
f 984/984/984 986/986/986 985/985/985
f 985/985/985 987/987/987 981/981/981
f 985/985/985 986/986/986 987/987/987
f 981/981/981 987/987/987 988/988/988
f 986/986/986 989/989/989 987/987/987
f 987/987/987 990/990/990 988/988/988
f 987/987/987 989/989/989 990/990/990
f 989/989/989 991/991/991 990/990/990
f 994/994/994 993/993/993 992/992/992
f 993/993/993 995/995/995 992/992/992
f 993/993/993 996/996/996 995/995/995
f 992/992/992 995/995/995 997/997/997
f 996/996/996 998/998/998 995/995/995
f 995/995/995 999/999/999 997/997/997
f 995/995/995 998/998/998 999/999/999
f 997/997/997 999/999/999 1000/1000/1000
f 998/998/998 1001/1001/1001 999/999/999
f 998/998/998 1002/1002/1002 1001/1001/1001
f 999/999/999 1003/1003/1003 1000/1000/1000
f 999/999/999 1001/1001/1001 1003/1003/1003
f 1000/1000/1000 1003/1003/1003 1004/1004/1004
f 1003/1003/1003 1005/1005/1005 1004/1004/1004
f 1003/1003/1003 1006/1006/1006 1005/1005/1005
f 1001/1001/1001 1006/1006/1006 1003/1003/1003
f 1006/1006/1006 1007/1007/1007 1005/1005/1005
f 1002/1002/1002 1008/1008/1008 1001/1001/1001
f 1001/1001/1001 1008/1008/1008 1006/1006/1006
f 1002/1002/1002 1009/1009/1009 1008/1008/1008
f 1009/1009/1009 1010/1010/1010 1008/1008/1008
f 1006/1006/1006 1011/1011/1011 1007/1007/1007
f 1008/1008/1008 1011/1011/1011 1006/1006/1006
f 1008/1008/1008 1010/1010/1010 1011/1011/1011
f 1011/1011/1011 1012/1012/1012 1007/1007/1007
f 1010/1010/1010 1013/1013/1013 1011/1011/1011
f 1011/1011/1011 1013/1013/1013 1012/1012/1012
f 1013/1013/1013 1014/1014/1014 1012/1012/1012
