g Chess_Piece_Rook_Common_Prop
v 0.01171524 0.03028084 -0.003806524
v 0.01180617 0.03071084 -0.00336729
v 0.01137356 0.03028143 -0.003248734
v -0.006851039 0.02674568 -0.01018671
v -0.006992235 0.02620951 -0.009611515
v -0.007303061 0.02728184 -0.01005183
v 0.01879133 -0.03071094 0
v 0.01843718 -0.03045175 -0.005990601
v 0.01787165 -0.03071094 -0.005806837
v 0.01938597 -0.03045175 2.077342E-08
v 0.01787162 -0.03071094 0.005806856
v 0.01867834 -0.02978338 -0.006068954
v 0.01843715 -0.03045175 0.005990615
v 0.0152025 -0.03071094 0.01104529
v 0.01963955 -0.02978338 0
v 0.01931765 -0.02655941 -0.006276679
v 0.01568358 -0.03045175 0.01139483
v 0.01104527 -0.03071094 0.01520255
v 0.02031175 -0.02655941 0
v 0.01909531 -0.02614727 -0.006204443
v 0.01867832 -0.02978338 0.006068954
v 0.01139479 -0.03045175 0.01568361
v 0.005806875 -0.03071094 0.01787165
v 0.02007801 -0.02614727 0
v 0.01717053 -0.02505473 -0.005579038
v 0.01931765 -0.02655941 0.006276693
v 0.01588874 -0.02978338 0.01154385
v 0.005990634 -0.03045175 0.01843718
v 2.018469E-08 -0.03071094 0.01879136
v 0.01805415 -0.02505473 0
v 0.01679558 -0.02443901 -0.005457201
v 0.01154384 -0.02978338 0.01588874
v 0.01643258 -0.02655941 0.01193895
v 0.01909531 -0.02614727 0.006204457
v 2.018469E-08 -0.03045175 0.019386
v -0.005806861 -0.03071094 0.01787165
v 0.01765993 -0.02443901 0
v 0.01698308 -0.02368206 -0.005518126
v 0.006068959 -0.02978338 0.01867833
v 0.01193892 -0.02655941 0.01643259
v 0.01717053 -0.02505473 0.005579057
v 0.01624344 -0.02614727 0.01180157
v -0.005990596 -0.03045175 0.01843718
v -0.01104529 -0.03071094 0.01520255
v 0.01785704 -0.02368206 0
v 0.0180439 -0.02201323 -0.005862827
v 2.018469E-08 -0.02978338 0.01963958
v 0.006276698 -0.02655941 0.01931765
v 0.01180154 -0.02614727 0.01624345
v 0.01679555 -0.02443901 0.005457244
v 0.01460613 -0.02505473 0.01061197
v 0.01897245 -0.02201323 0
v 0.01837622 -0.02031633 -0.005970807
v 0.01698305 -0.02368206 0.00551815
v 0.01428717 -0.02443901 0.01038025
v 0.01061196 -0.02505473 0.01460613
v 0.006204476 -0.02614727 0.01909532
v 0.01932186 -0.02031633 0
v 0.01839724 -0.01876353 -0.005977612
v 0.0180439 -0.02201323 0.005862827
v 0.01444665 -0.02368206 0.01049611
v 0.01038025 -0.02443901 0.01428718
v 0.01934399 -0.01876353 0
v 0.01814486 -0.01818402 -0.0058956
v 0.0183762 -0.02031633 0.005970807
v 0.01534904 -0.02201323 0.01115176
v 0.0190786 -0.01818402 0
v 0.01759123 -0.01765481 -0.005715728
v 0.01839722 -0.01876353 0.005977635
v 0.01849649 -0.01765481 0
v 0.01328 -0.01435199 -0.004314933
v 0.005579057 -0.02505473 0.01717054
v 0.0104961 -0.02368206 0.01444665
v 0.01563172 -0.02031633 0.01135713
v 0.01814483 -0.01818402 0.005895638
v 0.01396339 -0.01435199 0
v 0.01265788 -0.01369627 -0.004112806
v 0.005457239 -0.02443901 0.01679558
v 0.01115173 -0.02201323 0.01534906
v 0.01564962 -0.01876353 0.01137012
v 0.01759121 -0.01765481 0.005715742
v 0.01330928 -0.01369627 -2.077342E-08
v 0.01236835 -0.01308871 -0.004018722
v 0.00551815 -0.02368206 0.01698308
v 0.01135712 -0.02031633 0.01563173
v 0.01543493 -0.01818402 0.01121416
v 0.01328 -0.01435199 0.004314933
v 0.01300483 -0.01308871 0
v 0.01248931 -0.01232402 -0.004058027
v 0.005862822 -0.02201323 0.0180439
v 0.01137011 -0.01876353 0.01564965
v 0.01496397 -0.01765481 0.01087201
v 0.01265788 -0.01369627 0.004112806
v 0.01313203 -0.01232402 0
v 0.01373189 -0.01086532 -0.004461756
v 0.005970802 -0.02031633 0.01837621
v 0.01121412 -0.01818402 0.01543494
v 0.01129665 -0.01435199 0.008207469
v 0.01236833 -0.01308871 0.004018722
v 0.01443855 -0.01086532 0
v 0.01381676 -0.009797655 -0.004489326
v 0.005977659 -0.01876353 0.01839725
v 0.01087196 -0.01765481 0.01496398
v 0.01076747 -0.01369627 0.007823004
v 0.01248931 -0.01232402 0.004058027
v 0.01452782 -0.009797655 0
v 0.01348545 -0.008850293 -0.004381676
v 0.005895643 -0.01818402 0.01814486
v 0.008207488 -0.01435199 0.01129665
v 0.01052115 -0.01308871 0.007644043
v 0.01373187 -0.01086532 0.00446178
v 0.01417943 -0.008850293 0
v 0.012217 -0.007565628 -0.003969555
v 0.005715761 -0.01765481 0.01759122
v 0.007823047 -0.01369627 0.01076746
v 0.01062405 -0.01232402 0.007718796
v 0.01381676 -0.009797655 0.004489388
v 0.01284575 -0.007565628 0
v 0.0111896 -0.005915186 -0.003635721
v 0.004314933 -0.01435199 0.01328001
v 0.007644076 -0.01308871 0.01052115
v 0.01168103 -0.01086532 0.008486752
v 0.01348545 -0.008850293 0.004381699
v 0.01176546 -0.005915186 0
v 0.01050685 -0.004011286 -0.003413882
v 0.004112782 -0.01369627 0.01265789
v 0.007718815 -0.01232402 0.01062404
v 0.01175326 -0.009797655 0.008539261
v 0.012217 -0.007565628 0.003969574
v 0.01104758 -0.004011286 0
v 0.008135433 0.009472243 -0.002643378
v 0.004018722 -0.01308871 0.01236836
v 0.008486757 -0.01086532 0.01168104
v 0.0114714 -0.008850293 0.008334479
v 0.0111896 -0.005915186 0.003635745
v 0.008554106 0.009472243 0
v 0.007685356 0.01572328 -0.00249711
v 0.004058027 -0.01232402 0.01248932
v 0.008539229 -0.009797655 0.01175327
v 0.0103924 -0.007565628 0.007550554
v 0.01050685 -0.004011286 0.003413882
v 0.008080845 0.01572328 0
v 0.008905692 0.01650988 -0.002893634
v 0.00446178 -0.01086532 0.01373185
v 0.00833446 -0.008850293 0.01147142
v 0.009518442 -0.005915186 0.006915583
v 0.008135433 0.009472243 0.002643378
v 0.009363989 0.01650988 0
v 0.009642987 0.01729538 -0.003133216
v 0.004489322 -0.009797655 0.01381676
v 0.007550559 -0.007565628 0.01039241
v 0.008937688 -0.004011286 0.006493582
v 0.007685356 0.01572328 0.002497132
v 0.01013924 0.01729538 0
v 0.009721551 0.01775391 -0.003158722
v 0.004381676 -0.008850293 0.01348547
v 0.006915579 -0.005915186 0.009518437
v 0.006920457 0.009472243 0.005027981
v 0.008905692 0.01650988 0.002893634
v 0.01022187 0.01775391 0
v 0.009786339 0.0190447 -0.003179789
v 0.003969574 -0.007565628 0.01221705
v 0.006493601 -0.004011286 0.008937669
v 0.00653758 0.01572328 0.004749822
v 0.009642987 0.01729538 0.003133216
v 0.01028997 0.0190447 0
v 0.009934315 0.01953429 -0.003227877
v 0.003635745 -0.005915186 0.01118963
v 0.005027957 0.009472243 0.006920438
v 0.007575674 0.01650988 0.005504021
v 0.009721551 0.01775391 0.003158746
v 0.01044555 0.01953429 0
v 0.01042558 0.01999181 -0.00338748
v 0.003413906 -0.004011286 0.01050687
v 0.004749803 0.01572328 0.006537561
v 0.008202843 0.01729538 0.005959706
v 0.009786339 0.0190447 0.003179789
v 0.0109621 0.01999181 0
v 0.01286892 0.02090895 -0.00418138
v 0.002643356 0.009472243 0.008135452
v 0.005504021 0.01650988 0.007575631
v 0.008269672 0.01775391 0.006008258
v 0.009934315 0.01953429 0.003227877
v 0.01353122 0.02090895 0
v 0.01328285 0.02121483 -0.004315868
v 0.002497132 0.01572328 0.007685351
v 0.005959725 0.01729538 0.008202814
v 0.008324766 0.0190447 0.006048293
v 0.01042558 0.01999181 0.00338748
v 0.01396646 0.02121483 0
v 0.01345547 0.02199274 -0.004371934
v 0.002893634 0.01650988 0.008905697
v 0.006008277 0.01775391 0.008269668
v 0.008450637 0.01953429 0.006139755
v 0.01286892 0.02090895 0.004181399
v 0.01414794 0.02199274 0
v 0.0139184 0.02235744 -0.004522352
v 0.003133192 0.01729538 0.009643006
v 0.006048288 0.0190447 0.008324761
v 0.008868508 0.01999181 0.006443352
v 0.01328285 0.02121483 0.004315886
v 0.01463467 0.02235744 0
v 0.01428425 0.02260897 -0.004641242
v 0.003158722 0.01775391 0.00972156
v 0.00613976 0.01953429 0.008450632
v 0.01094696 0.02090895 0.007953458
v 0.01345547 0.02199274 0.004371953
v 0.01501933 0.02260897 0
v 0.01438986 0.02301158 -0.004613385
v 0.003179765 0.0190447 0.009786343
v 0.006443357 0.01999181 0.008868537
v 0.01129909 0.02121483 0.008209285
v 0.0139184 0.02235744 0.004522352
v 0.01512534 0.02306898 0
v 0.01437409 0.02625273 -0.004163222
v 0.003227835 0.01953429 0.009934325
v 0.007953439 0.02090895 0.01094699
v 0.01144591 0.02199274 0.008315935
v 0.01428425 0.02260897 0.004641242
v 0.003387461 0.01999181 0.01042558
v 0.008209267 0.02121483 0.01129911
v 0.01183968 0.02235744 0.008602066
v 0.00418138 0.02090895 0.01286895
v 0.00831593 0.02199274 0.01144591
v 0.004315886 0.02121483 0.0132829
v 0.01438506 0.02306898 0.004674001
v 0.0121509 0.02260897 0.008828163
v 0.008602046 0.02235744 0.01183972
v 0.004371953 0.02199274 0.0134555
v 0.01494098 0.03026994 1.468681E-05
v 2.018469E-08 0.01999181 0.0109621
v 2.018469E-08 0.02090895 0.01353123
v 2.018469E-08 0.02121483 0.01396644
v 2.018469E-08 0.01953429 0.01044555
v 2.018469E-08 0.0190447 0.01028998
v 2.018469E-08 0.01775391 0.01022187
v 2.018469E-08 0.01729538 0.01013927
v 2.018469E-08 0.01650988 0.009363994
v 2.018469E-08 0.01572328 0.008080878
v 2.018469E-08 0.009472243 0.008554124
v 2.018469E-08 -0.004011286 0.0110476
v 2.018469E-08 -0.005915186 0.01176549
v 2.018469E-08 -0.007565628 0.01284576
v 2.018469E-08 -0.008850293 0.01417946
v 2.018469E-08 -0.009797655 0.01452783
v 2.018469E-08 -0.01086532 0.01443856
v 2.018469E-08 -0.01232402 0.01313204
v 2.018469E-08 -0.01308871 0.01300486
v 2.018469E-08 -0.01369627 0.01330934
v 2.018469E-08 -0.01435199 0.01396342
v 2.018469E-08 -0.01765481 0.01849652
v 2.018469E-08 -0.01818402 0.01907866
v 2.018469E-08 -0.01876353 0.01934402
v 2.018469E-08 -0.02031633 0.01932191
v 2.018469E-08 -0.02201323 0.01897248
v 2.018469E-08 -0.02368206 0.01785707
v 2.018469E-08 -0.02443901 0.01765996
v 2.018469E-08 -0.02505473 0.01805418
v 2.018469E-08 -0.02614727 0.02007801
v 2.018469E-08 -0.02655941 0.02031176
v -0.006068964 -0.02978338 0.01867835
v -0.006276674 -0.02655941 0.01931765
v -0.006204438 -0.02614727 0.01909532
v -0.005579057 -0.02505473 0.01717054
v -0.005457244 -0.02443901 0.01679558
v -0.01139483 -0.03045175 0.01568361
v -0.01520254 -0.03071094 0.01104529
v -0.01154388 -0.02978338 0.01588874
v -0.01568362 -0.03045175 0.01139483
v -0.01787166 -0.03071094 0.005806856
v -0.01193891 -0.02655941 0.01643259
v -0.01180155 -0.02614727 0.01624345
v -0.01843716 -0.03045175 0.005990615
v -0.01879135 -0.03071094 0
v -0.01588875 -0.02978338 0.01154385
v -0.01938596 -0.03045175 2.077342E-08
v -0.01787166 -0.03071094 -0.005806837
v -0.01643257 -0.02655941 0.01193895
v -0.01867831 -0.02978338 0.006068954
v -0.01061194 -0.02505473 0.01460613
v -0.01843716 -0.03045175 -0.005990601
v -0.01520254 -0.03071094 -0.01104527
v -0.01963954 -0.02978338 0
v -0.01931763 -0.02655941 0.006276693
v -0.01624345 -0.02614727 0.01180157
v -0.01568362 -0.03045175 -0.01139479
v -0.01104529 -0.03071094 -0.01520255
v -0.01867831 -0.02978338 -0.006068954
v -0.02031176 -0.02655941 0
v -0.0190953 -0.02614727 0.006204457
v -0.01460614 -0.02505473 0.01061197
v -0.01139483 -0.03045175 -0.01568361
v -0.005806861 -0.03071094 -0.01787163
v -0.01588875 -0.02978338 -0.01154383
v -0.01931763 -0.02655941 -0.006276679
v -0.02007801 -0.02614727 0
v -0.005990596 -0.03045175 -0.01843713
v 2.018469E-08 -0.03071094 -0.01879136
v -0.01154388 -0.02978338 -0.01588874
v -0.01643257 -0.02655941 -0.01193893
v 2.018469E-08 -0.03045175 -0.01938596
v 0.005806875 -0.03071094 -0.01787165
v -0.006068964 -0.02978338 -0.01867835
v 0.005990634 -0.03045175 -0.01843718
v 0.01104529 -0.03071094 -0.01520255
v -0.01717054 -0.02505473 0.005579057
v -0.0190953 -0.02614727 -0.006204443
v -0.01193894 -0.02655941 -0.01643256
v 2.018469E-08 -0.02978338 -0.01963955
v 0.01139482 -0.03045175 -0.01568361
v 0.01520255 -0.03071094 -0.01104527
v -0.01805416 -0.02505473 0
v -0.01624345 -0.02614727 -0.01180155
v -0.006276712 -0.02655941 -0.01931765
v 0.006068959 -0.02978338 -0.01867835
v 0.01568361 -0.03045175 -0.01139479
v 0.01787165 -0.03071094 -0.005806837
v 0.01843718 -0.03045175 -0.005990601
v 0.01154387 -0.02978338 -0.01588874
v 0.01588874 -0.02978338 -0.01154383
v 0.01867834 -0.02978338 -0.006068954
v 2.018469E-08 -0.02655941 -0.02031176
v -0.01180157 -0.02614727 -0.01624342
v 0.006276698 -0.02655941 -0.01931765
v 0.01643258 -0.02655941 -0.01193895
v 0.01931765 -0.02655941 -0.006276679
v 0.01193895 -0.02655941 -0.01643258
v -0.006204486 -0.02614727 -0.01909531
v 0.01624344 -0.02614727 -0.01180157
v 0.01909531 -0.02614727 -0.006204443
v 2.018469E-08 -0.02614727 -0.02007801
v 0.01180157 -0.02614727 -0.01624345
v 0.006204476 -0.02614727 -0.01909531
v 0.01460613 -0.02505473 -0.01061197
v 0.01717053 -0.02505473 -0.005579038
v 0.01061196 -0.02505473 -0.01460613
v 0.005579057 -0.02505473 -0.01717053
v 2.018469E-08 -0.02505473 -0.01805416
v -0.005579057 -0.02505473 -0.01717053
v 0.01428717 -0.02443901 -0.01038025
v 0.01679558 -0.02443901 -0.005457201
v 0.01038025 -0.02443901 -0.01428718
v 0.005457239 -0.02443901 -0.01679556
v 2.018469E-08 -0.02443901 -0.01765994
v 0.01444665 -0.02368206 -0.01049611
v 0.01698308 -0.02368206 -0.005518126
v 0.0104961 -0.02368206 -0.01444665
v 0.00551815 -0.02368206 -0.01698306
v 0.01534904 -0.02201323 -0.01115173
v 0.0180439 -0.02201323 -0.005862827
v 0.01115176 -0.02201323 -0.01534906
v 0.01563172 -0.02031633 -0.01135713
v 0.01837622 -0.02031633 -0.005970807
v -0.005457244 -0.02443901 -0.01679556
v 2.018469E-08 -0.02368206 -0.01785704
v 0.005862822 -0.02201323 -0.0180439
v 0.01135712 -0.02031633 -0.01563173
v 0.01564962 -0.01876353 -0.01137012
v 0.01839724 -0.01876353 -0.005977612
v -0.00551815 -0.02368206 -0.01698306
v 2.018469E-08 -0.02201323 -0.01897248
v 0.005970802 -0.02031633 -0.01837621
v 0.01137012 -0.01876353 -0.01564965
v 0.01543496 -0.01818402 -0.01121412
v 0.01814486 -0.01818402 -0.0058956
v -0.005862822 -0.02201323 -0.0180439
v 2.018469E-08 -0.02031633 -0.01932186
v 0.005977659 -0.01876353 -0.01839725
v 0.01121414 -0.01818402 -0.01543494
v 0.01496398 -0.01765481 -0.01087197
v 0.01759123 -0.01765481 -0.005715728
v -0.005970802 -0.02031633 -0.01837621
v 2.018469E-08 -0.01876353 -0.01934399
v 0.005895643 -0.01818402 -0.01814486
v 0.01087199 -0.01765481 -0.01496398
v 0.01129665 -0.01435199 -0.008207469
v 0.01328 -0.01435199 -0.004314933
v -0.005977631 -0.01876353 -0.01839725
v 2.018469E-08 -0.01818402 -0.01907861
v 0.005715761 -0.01765481 -0.01759122
v 0.008207474 -0.01435199 -0.01129663
v 0.01076747 -0.01369627 -0.007823004
v 0.01265788 -0.01369627 -0.004112806
v -0.005895643 -0.01818402 -0.01814484
v 2.018469E-08 -0.01765481 -0.01849652
v 0.004314933 -0.01435199 -0.01328
v 0.007823 -0.01369627 -0.01076746
v 0.01052115 -0.01308871 -0.007644043
v 0.01236835 -0.01308871 -0.004018722
v -0.005715752 -0.01765481 -0.01759121
v 2.018469E-08 -0.01435199 -0.01396339
v 0.004112782 -0.01369627 -0.01265789
v 0.007644038 -0.01308871 -0.01052113
v 0.01062405 -0.01232402 -0.007718796
v 0.01248931 -0.01232402 -0.004058027
v -0.004314933 -0.01435199 -0.01328
v 2.018469E-08 -0.01369627 -0.01330929
v 0.004018722 -0.01308871 -0.01236834
v 0.007718801 -0.01232402 -0.01062403
v 0.01168103 -0.01086532 -0.008486752
v 0.01373189 -0.01086532 -0.004461756
v -0.004112806 -0.01369627 -0.01265789
v 2.018469E-08 -0.01308871 -0.01300484
v 0.004058027 -0.01232402 -0.01248929
v 0.008486757 -0.01086532 -0.01168103
v 0.01175327 -0.009797655 -0.008539223
v 0.01381676 -0.009797655 -0.004489326
v -0.004018722 -0.01308871 -0.01236834
v 2.018469E-08 -0.01232402 -0.01313201
v 0.00446178 -0.01086532 -0.01373188
v 0.008539243 -0.009797655 -0.01175327
v 0.01147141 -0.008850293 -0.008334464
v 0.01348545 -0.008850293 -0.004381676
v -0.004058027 -0.01232402 -0.01248929
v 2.018469E-08 -0.01086532 -0.01443856
v 0.004489322 -0.009797655 -0.01381676
v 0.008334484 -0.008850293 -0.01147142
v 0.0103924 -0.007565628 -0.007550554
v 0.012217 -0.007565628 -0.003969555
v -0.00446178 -0.01086532 -0.01373188
v 2.018469E-08 -0.009797655 -0.01452783
v 0.004381676 -0.008850293 -0.01348545
v 0.007550559 -0.007565628 -0.01039242
v 0.009518442 -0.005915186 -0.006915583
v 0.0111896 -0.005915186 -0.003635721
v -0.004489326 -0.009797655 -0.01381676
v 2.018469E-08 -0.008850293 -0.01417944
v 0.003969574 -0.007565628 -0.01221703
v 0.006915579 -0.005915186 -0.009518471
v 0.008937688 -0.004011286 -0.006493607
v 0.01050685 -0.004011286 -0.003413882
v -0.004381657 -0.008850293 -0.01348545
v 2.018469E-08 -0.007565628 -0.01284573
v 0.003635745 -0.005915186 -0.01118963
v 0.006493601 -0.004011286 -0.008937683
v 0.006920457 0.009472243 -0.005027981
v 0.008135433 0.009472243 -0.002643378
v -0.003969555 -0.007565628 -0.01221703
v 2.018469E-08 -0.005915186 -0.01176545
v 0.003413906 -0.004011286 -0.01050687
v 0.005028019 0.009472243 -0.006920438
v 0.00653758 0.01572328 -0.004749822
v 0.007685356 0.01572328 -0.00249711
v -0.003635745 -0.005915186 -0.01118963
v 2.018469E-08 -0.004011286 -0.01104758
v 0.002643356 0.009472243 -0.008135429
v 0.004749822 0.01572328 -0.006537561
v 0.007575674 0.01650988 -0.005504021
v 0.008905692 0.01650988 -0.002893634
v -0.003413887 -0.004011286 -0.01050687
v 2.018469E-08 0.009472243 -0.008554124
v 0.002497132 0.01572328 -0.007685351
v 0.005504021 0.01650988 -0.007575655
v 0.008202843 0.01729538 -0.005959706
v 0.009642987 0.01729538 -0.003133216
v -0.002643356 0.009472243 -0.008135429
v 2.018469E-08 0.01572328 -0.008080863
v 0.002893634 0.01650988 -0.008905697
v 0.005959725 0.01729538 -0.008202814
v 0.008269672 0.01775391 -0.006008258
v 0.009721551 0.01775391 -0.003158722
v -0.002497153 0.01572328 -0.007685351
v 2.018469E-08 0.01650988 -0.009364009
v 0.003133192 0.01729538 -0.009643006
v 0.006008277 0.01775391 -0.008269668
v 0.008324766 0.0190447 -0.006048293
v 0.009786339 0.0190447 -0.003179789
v -0.002893636 0.01650988 -0.008905697
v 2.018469E-08 0.01729538 -0.01013924
v 0.003158722 0.01775391 -0.00972156
v 0.006048288 0.0190447 -0.008324761
v 0.008450637 0.01953429 -0.006139755
v 0.009934315 0.01953429 -0.003227877
v -0.003133192 0.01729538 -0.009643006
v 2.018469E-08 0.01775391 -0.01022187
v 0.003179765 0.0190447 -0.009786343
v 0.00613976 0.01953429 -0.008450632
v 0.008868556 0.01999181 -0.006443352
v 0.01042558 0.01999181 -0.00338748
v -0.003158727 0.01775391 -0.00972156
v 2.018469E-08 0.0190447 -0.01028998
v 0.003227835 0.01953429 -0.009934311
v 0.006443357 0.01999181 -0.008868537
v 0.01094696 0.02090895 -0.007953444
v 0.01286892 0.02090895 -0.00418138
v -0.003179769 0.0190447 -0.009786343
v 2.018469E-08 0.01953429 -0.01044552
v 0.003387461 0.01999181 -0.01042556
v 0.007953439 0.02090895 -0.01094697
v 0.01129909 0.02121483 -0.008209271
v 0.01328285 0.02121483 -0.004315868
v -0.003227859 0.01953429 -0.009934311
v 2.018469E-08 0.01999181 -0.01096208
v 0.00418138 0.02090895 -0.01286895
v 0.008209267 0.02121483 -0.01129911
v 0.01144593 0.02199274 -0.008315935
v 0.01345547 0.02199274 -0.004371934
v -0.00338748 0.01999181 -0.01042556
v 2.018469E-08 0.02090895 -0.01353123
v 0.004315886 0.02121483 -0.0132829
v 0.00831593 0.02199274 -0.01144593
v 0.01183974 0.02235744 -0.008602042
v 0.0139184 0.02235744 -0.004522352
v -0.00418138 0.02090895 -0.01286895
v 2.018469E-08 0.02121483 -0.01396644
v 0.004371953 0.02199274 -0.01345547
v 0.008602061 0.02235744 -0.01183972
v 0.01215092 0.02260897 -0.008828139
v 0.01428425 0.02260897 -0.004641242
v -0.004315886 0.02121483 -0.0132829
v 2.018469E-08 0.02199274 -0.01414793
v 0.004522376 0.02235744 -0.01391841
v 0.008828158 0.02260897 -0.0121509
v 0.01219051 0.02301172 -0.008929872
v 0.01438986 0.02301158 -0.004613385
v -0.004371953 0.02199274 -0.01345547
v 2.018469E-08 0.02235744 -0.01463466
v 0.004641242 0.02260897 -0.01428425
v 0.008890467 0.02306898 -0.01223666
v 0.01181761 0.02625363 -0.009181084
v 0.01437409 0.02625273 -0.004163222
v 0.008770275 0.03026994 -0.01209615
v 0.004673977 0.02306898 -0.01438504
v 2.018469E-08 0.02260897 -0.01501934
v -0.004522357 0.02235744 -0.01391841
v 0.0117549 0.03024385 -0.009105406
v 0.01175456 0.02720411 -0.008540163
v 0.01170556 0.03024187 -0.008504586
v 0.01139372 0.03070724 -0.008825636
v 0.004617743 0.03027108 -0.01421187
v 2.018469E-08 0.02306898 -0.01512532
v -0.004641242 0.02260897 -0.01428425
v 0.008513804 0.03070713 -0.01171727
v 1.468623E-05 0.03026994 -0.01494101
v -0.00461349 0.02301172 -0.01438984
v 0.004475947 0.03070713 -0.01377547
v -0.004164119 0.02625363 -0.01437385
v -0.00882812 0.02260897 -0.01215091
v -0.008929867 0.0230117 -0.01219051
v -0.009181252 0.02625343 -0.01181747
v -0.008602023 0.02235744 -0.01183972
v -0.008315939 0.02199274 -0.01144591
v -0.008209267 0.02121483 -0.01129909
v -0.007953439 0.02090895 -0.01094697
v -0.006443357 0.01999181 -0.008868537
v -0.00613976 0.01953429 -0.008450632
v -0.006048288 0.0190447 -0.008324761
v -0.006008253 0.01775391 -0.008269668
v -0.005959682 0.01729538 -0.008202814
v -0.005504021 0.01650988 -0.007575631
v -0.004749822 0.01572328 -0.006537561
v -0.005027981 0.009472243 -0.006920414
v -0.006493601 -0.004011286 -0.008937683
v -0.006915579 -0.005915186 -0.009518437
v -0.007550559 -0.007565628 -0.01039241
v -0.00833446 -0.008850293 -0.01147142
v -0.008539243 -0.009797655 -0.01175327
v -0.008486771 -0.01086532 -0.01168103
v -0.007718801 -0.01232402 -0.01062403
v -0.007644038 -0.01308871 -0.01052113
v -0.007823 -0.01369627 -0.01076746
v -0.008207474 -0.01435199 -0.01129665
v -0.010872 -0.01765481 -0.01496398
v -0.01121416 -0.01818402 -0.01543494
v -0.01137013 -0.01876353 -0.01564965
v -0.01135712 -0.02031633 -0.01563173
v -0.01115173 -0.02201323 -0.01534904
v -0.01049608 -0.02368206 -0.01444665
v -0.01038023 -0.02443901 -0.01428718
v -0.01061194 -0.02505473 -0.01460613
v -0.01460614 -0.02505473 -0.01061197
v -0.01428716 -0.02443901 -0.01038025
v -0.01444666 -0.02368206 -0.01049611
v -0.01534907 -0.02201323 -0.01115173
v -0.01563173 -0.02031633 -0.01135713
v -0.01717054 -0.02505473 -0.005579038
v -0.01679557 -0.02443901 -0.005457201
v -0.01698307 -0.02368206 -0.005518126
v -0.01804391 -0.02201323 -0.005862803
v -0.01765992 -0.02443901 0
v -0.01785705 -0.02368206 0
v -0.01679557 -0.02443901 0.005457244
v -0.01837621 -0.02031633 -0.005970783
v -0.01897249 -0.02201323 0
v -0.01698307 -0.02368206 0.00551815
v -0.01428716 -0.02443901 0.01038025
v -0.01932189 -0.02031633 0
v -0.01804391 -0.02201323 0.005862827
v -0.01444666 -0.02368206 0.01049611
v -0.01038023 -0.02443901 0.01428718
v -0.01049608 -0.02368206 0.01444665
v -0.00551815 -0.02368206 0.01698308
v -0.005862822 -0.02201323 0.0180439
v -0.01534907 -0.02201323 0.01115176
v -0.01115173 -0.02201323 0.01534906
v -0.005970802 -0.02031633 0.01837621
v -0.01135712 -0.02031633 0.01563173
v -0.005977631 -0.01876353 0.01839725
v -0.01563173 -0.02031633 0.01135713
v -0.01137013 -0.01876353 0.01564965
v -0.005895643 -0.01818402 0.01814486
v -0.01837621 -0.02031633 0.005970807
v -0.01564965 -0.01876353 0.01137012
v -0.005715752 -0.01765481 0.01759122
v -0.01121416 -0.01818402 0.01543494
v -0.01839723 -0.01876353 0.005977635
v -0.004314933 -0.01435199 0.01328001
v -0.010872 -0.01765481 0.01496398
v -0.01543495 -0.01818402 0.01121416
v -0.019344 -0.01876353 0
v -0.004112806 -0.01369627 0.01265789
v -0.01814486 -0.01818402 0.005895638
v -0.008207474 -0.01435199 0.01129665
v -0.01496399 -0.01765481 0.01087201
v -0.01839723 -0.01876353 -0.005977612
v -0.004018722 -0.01308871 0.01236836
v -0.01907864 -0.01818402 0
v -0.01759122 -0.01765481 0.005715742
v -0.01129665 -0.01435199 0.008207469
v -0.007823 -0.01369627 0.01076746
v -0.01564965 -0.01876353 -0.01137012
v -0.01814486 -0.01818402 -0.0058956
v -0.01543495 -0.01818402 -0.01121412
v -0.01849652 -0.01765481 0
v -0.01328001 -0.01435199 0.004314933
v -0.01076747 -0.01369627 0.007823004
v -0.01496399 -0.01765481 -0.01087197
v -0.01759122 -0.01765481 -0.005715728
v -0.0139634 -0.01435199 0
v -0.01129665 -0.01435199 -0.008207469
v -0.01328001 -0.01435199 -0.004314933
v -0.01265794 -0.01369627 0.004112806
v -0.007644038 -0.01308871 0.01052115
v -0.01076747 -0.01369627 -0.007823004
v -0.01265794 -0.01369627 -0.004112806
v -0.0133093 -0.01369627 -2.077342E-08
v -0.01052116 -0.01308871 0.007644043
v -0.004058027 -0.01232402 0.01248932
v -0.01052116 -0.01308871 -0.007644043
v -0.01236837 -0.01308871 -0.004018722
v -0.01300484 -0.01308871 0
v -0.01236837 -0.01308871 0.004018722
v -0.007718801 -0.01232402 0.01062404
v -0.00446178 -0.01086532 0.01373185
v -0.01062405 -0.01232402 -0.007718796
v -0.01248932 -0.01232402 -0.004058027
v -0.01313202 -0.01232402 0
v -0.01062405 -0.01232402 0.007718796
v -0.01248932 -0.01232402 0.004058027
v -0.00848671 -0.01086532 0.01168104
v -0.01168104 -0.01086532 -0.008486752
v -0.01373186 -0.01086532 -0.004461756
v -0.01443856 -0.01086532 0
v -0.01168104 -0.01086532 0.008486752
v -0.01373186 -0.01086532 0.00446178
v -0.004489326 -0.009797655 0.01381676
v -0.01175328 -0.009797655 -0.008539223
v -0.01381677 -0.009797655 -0.004489326
v -0.01452784 -0.009797655 0
v -0.01381677 -0.009797655 0.004489388
v -0.01175328 -0.009797655 0.008539261
v -0.004381657 -0.008850293 0.01348547
v -0.01147142 -0.008850293 -0.008334464
v -0.01348546 -0.008850293 -0.004381676
v -0.01417945 -0.008850293 0
v -0.01348546 -0.008850293 0.004381699
v -0.0103924 -0.007565628 -0.00755054
v -0.01221703 -0.007565628 -0.003969555
v -0.01284576 -0.007565628 0
v -0.009518451 -0.005915186 -0.00691556
v -0.01118958 -0.005915186 -0.003635721
v -0.008937663 -0.004011286 -0.006493582
v -0.01147142 -0.008850293 0.008334479
v -0.01221703 -0.007565628 0.003969574
v -0.01176544 -0.005915186 0
v -0.01050685 -0.004011286 -0.003413882
v -0.006920442 0.009472243 -0.005027981
v -0.0103924 -0.007565628 0.007550554
v -0.01118958 -0.005915186 0.003635745
v -0.01104755 -0.004011286 0
v -0.008135433 0.009472243 -0.002643378
v -0.006537542 0.01572328 -0.004749822
v -0.009518451 -0.005915186 0.006915583
v -0.01050685 -0.004011286 0.003413882
v -0.008554106 0.009472243 0
v -0.007685356 0.01572328 -0.00249711
v -0.007575612 0.01650988 -0.005504021
v -0.008937663 -0.004011286 0.006493582
v -0.008135433 0.009472243 0.002643378
v -0.008080883 0.01572328 0
v -0.008905701 0.01650988 -0.002893634
v -0.008202796 0.01729538 -0.005959706
v -0.006920442 0.009472243 0.005027981
v -0.007685356 0.01572328 0.002497132
v -0.009364014 0.01650988 0
v -0.009643025 0.01729538 -0.003133216
v -0.008269648 0.01775391 -0.006008258
v -0.006537542 0.01572328 0.004749822
v -0.008905701 0.01650988 0.002893634
v -0.01013922 0.01729538 0
v -0.009721589 0.01775391 -0.003158722
v -0.008324766 0.0190447 -0.006048293
v -0.007575612 0.01650988 0.005504021
v -0.009643025 0.01729538 0.003133216
v -0.01022185 0.01775391 0
v -0.009786339 0.0190447 -0.003179789
v -0.008450637 0.01953429 -0.006139755
v -0.008202796 0.01729538 0.005959706
v -0.009721589 0.01775391 0.003158746
v -0.01028997 0.0190447 0
v -0.009934329 0.01953429 -0.003227859
v -0.008868532 0.01999181 -0.006443352
v -0.008269648 0.01775391 0.006008258
v -0.009786339 0.0190447 0.003179789
v -0.01044554 0.01953429 0
v -0.01042558 0.01999181 -0.003387461
v -0.01094697 0.02090895 -0.007953444
v -0.008324766 0.0190447 0.006048293
v -0.009934329 0.01953429 0.003227877
v -0.01096211 0.01999181 0
v -0.01286893 0.02090895 -0.00418138
v -0.01129909 0.02121483 -0.008209271
v -0.008450637 0.01953429 0.006139755
v -0.01042558 0.01999181 0.00338748
v -0.01353123 0.02090895 0
v -0.0132829 0.02121483 -0.004315868
v -0.01144588 0.02199274 -0.008315935
v -0.008868532 0.01999181 0.006443352
v -0.01286893 0.02090895 0.004181399
v -0.01396645 0.02121483 0
v -0.01345548 0.02199274 -0.004371934
v -0.0118397 0.02235744 -0.008602042
v -0.01094697 0.02090895 0.007953458
v -0.0132829 0.02121483 0.004315886
v -0.01414793 0.02199274 0
v -0.0139184 0.02235744 -0.004522352
v -0.01215091 0.02260897 -0.008828139
v -0.01129909 0.02121483 0.008209285
v -0.01345548 0.02199274 0.004371953
v -0.01463466 0.02235744 0
v -0.01428426 0.02260897 -0.004641242
v -0.01223669 0.02306898 -0.008890447
v -0.01144588 0.02199274 0.008315935
v -0.0139184 0.02235744 0.004522352
v -0.01501934 0.02260897 0
v -0.01438505 0.02306898 -0.004673982
v -0.01209618 0.03026994 -0.008770223
v -0.0118397 0.02235744 0.008602066
v -0.01428426 0.02260897 0.004641242
v -0.01512533 0.02306898 0
v -0.01421187 0.03027108 -0.004617724
v -0.00910541 0.03024384 -0.01175488
v -0.008540158 0.02720361 -0.01175455
v -0.008504567 0.03024187 -0.01170552
v -0.008825607 0.03070724 -0.0113937
v -0.01215091 0.02260897 0.008828163
v -0.01438984 0.0230117 0.004613466
v -0.01494103 0.03026994 -1.466604E-05
v -0.01171727 0.03070713 -0.008513784
v -0.01219047 0.02301158 0.008929959
v -0.0143739 0.02625343 0.004163928
v -0.01377547 0.03070713 -0.004475927
v -0.01181699 0.02625273 0.00918179
v -0.009880323 0.03071095 -0.007178607
v -0.01161498 0.03071095 -0.003773928
v -0.007572145 0.03071084 -0.009663701
v -0.008504567 0.03024187 -0.01170552
v -0.007240429 0.03028084 -0.009965567
v -0.007291822 0.03028143 -0.009313492
v -0.009614839 0.03026628 -0.006989222
v -0.01130451 0.03026653 -0.003673053
v -0.01221283 0.03071095 1.246405E-07
v -0.01188673 0.03026628 2.949827E-06
v -0.01448374 0.03070713 5.816557E-07
v -0.01427575 0.03024384 0.004157886
v -0.01383712 0.03070724 0.004030128
v -0.01376065 0.03024187 0.004471126
v -0.01381827 0.02720361 0.004489846
v -0.01359389 0.02674503 0.004912395
v -0.01187415 0.02673746 0
v -0.01188673 0.03026628 2.949827E-06
v -0.01129302 0.02673746 -0.003669333
v -0.01130451 0.03026653 -0.003673053
v -0.009614839 0.03026628 -0.006989222
v -0.0096064 0.02673746 -0.006979456
v -0.0096064 0.02673746 -0.006979456
v -0.007291822 0.03028143 -0.009313492
v -0.006992235 0.02620951 -0.009611515
v -0.0096064 0.02673746 -0.006979456
v -0.01129302 0.02458957 -0.003669333
v -0.0096064 0.02458957 -0.006979456
v -0.006992235 0.02620951 -0.009611515
v -0.006979475 0.02458957 -0.009606404
v -0.01187415 0.02458957 0
v -0.01187415 0.02673746 0
v -0.01129302 0.02458957 0.003669333
v -0.01130633 0.02620945 0.003665886
v -0.01137357 0.03028143 0.003248758
v -0.01188673 0.03026628 2.949827E-06
v -0.01187415 0.02673746 0
v -0.01383712 0.03070724 0.004030128
v -0.01171522 0.03028084 0.003806524
v -0.01376065 0.03024187 0.004471126
v -0.01180614 0.03071084 0.003367309
v -0.01448374 0.03070713 5.816557E-07
v -0.01137357 0.03028143 0.003248758
v -0.01221283 0.03071095 1.246405E-07
v -0.01188673 0.03026628 2.949827E-06
v -0.004030108 0.03070724 -0.01383716
v -0.0038065 0.03028084 -0.01171525
v -0.004471106 0.03024187 -0.01376071
v -0.00336729 0.03071084 -0.01180617
v -5.614711E-07 0.03070713 -0.01448374
v -0.004157844 0.03024384 -0.01427579
v -0.004471106 0.03024187 -0.01376071
v -0.004489822 0.02720411 -0.0138183
v -0.004912253 0.02674558 -0.01359423
v -1.044558E-07 0.03071095 -0.01221284
v 0.003773971 0.03071095 -0.01161498
v 0.007178612 0.03071095 -0.009880328
v 0.00966372 0.03071084 -0.00757215
v 0.01170556 0.03024187 -0.008504586
v 0.009965586 0.03028084 -0.007240409
v 0.009313536 0.03028143 -0.007291827
v 0.009965586 0.03028084 -0.007240409
v 0.006989241 0.03026628 -0.00961481
v 0.003673053 0.03026653 -0.0113045
v -2.971189E-06 0.03026628 -0.01188672
v 0.00697946 0.02674478 -0.009606418
v 0.009611511 0.02621293 -0.006992292
v 0.01005131 0.02728417 -0.007302661
v 0.01018619 0.02674617 -0.006851172
v 0.00697946 0.02458957 -0.009606418
v 0.009606423 0.02458957 -0.006979456
v -0.003248734 0.03028143 -0.01137356
v -0.0038065 0.03028084 -0.01171525
v -0.00366591 0.02621297 -0.01130635
v 2.018469E-08 0.02674478 -0.01187417
v -0.003839364 0.02728462 -0.0118164
v -0.0038065 0.03028084 -0.01171525
v -0.00366591 0.02621297 -0.01130635
v 2.018469E-08 0.02674478 -0.01187417
v -0.003669333 0.02458957 -0.01129299
v 2.018469E-08 0.02458957 -0.01187417
v 0.003669333 0.02674478 -0.01129299
v 0.003669333 0.02458957 -0.01129299
v 0.00697946 0.02674478 -0.009606418
v 0.006989241 0.03026628 -0.00961481
v 0.003673053 0.03026653 -0.0113045
v -2.971189E-06 0.03026628 -0.01188672
v 0.01383716 0.03070724 -0.004030128
v 0.01171524 0.03028084 -0.003806524
v 0.0137607 0.03024187 -0.004471126
v 0.01180617 0.03071084 -0.00336729
v 0.01448376 0.03070713 -5.608826E-07
v 0.01221284 0.03071095 -1.038672E-07
v 0.01188674 0.03026628 -2.908281E-06
v 0.01137356 0.03028143 -0.003248734
v -0.01181699 0.02625273 0.00918179
v -0.0143739 0.02625343 0.004163928
v -0.01359389 0.02674503 0.004912395
v -0.01196423 0.02674281 0.008109073
v -0.01381827 0.02720361 0.004489846
v -0.0118161 0.0272813 0.003839302
v -0.01152998 0.0267435 0.004213724
v -0.01359389 0.02674503 0.004912395
v -0.01018652 0.02673473 0.006851105
v -0.01196423 0.02674281 0.008109073
v -0.01005216 0.02727041 0.007303328
v -0.009611472 0.0261957 0.006992292
v -0.01175453 0.02720153 0.008540149
v -0.01181699 0.02625273 0.00918179
v -0.009181252 0.02625343 -0.01181747
v -0.004164119 0.02625363 -0.01437385
v -0.004912253 0.02674558 -0.01359423
v -0.008110303 0.02674503 -0.01196453
v -0.008540158 0.02720361 -0.01175455
v -0.007303061 0.02728184 -0.01005183
v -0.006851039 0.02674568 -0.01018671
v -0.004214201 0.0267479 -0.01153017
v -0.004489822 0.02720411 -0.0138183
v -0.003839364 0.02728462 -0.0118164
v -0.00366591 0.02621297 -0.01130635
v -0.006992235 0.02620951 -0.009611515
v 0.01181761 0.02625363 -0.009181084
v 0.01437409 0.02625273 -0.004163222
v 0.01359279 0.02674281 -0.004912853
v 0.0119646 0.02674558 -0.008110595
v 0.01381824 0.02720153 -0.004489822
v 0.01153019 0.02673514 -0.004214201
v 0.01359279 0.02674281 -0.004912853
v 0.01181714 0.02727051 -0.003839617
v 0.01130637 0.0261957 -0.003665867
v 0.009611511 0.02621293 -0.006992292
v 0.01018619 0.02674617 -0.006851172
v 0.01153019 0.02673514 -0.004214201
v 0.01359279 0.02674281 -0.004912853
v 0.0119646 0.02674558 -0.008110595
v 0.01005131 0.02728417 -0.007302661
v 0.01175456 0.02720411 -0.008540163
v 0.01181761 0.02625363 -0.009181084
v 0.009181289 0.02625338 0.01181742
v 0.004163885 0.02625338 0.01437395
v 0.004912438 0.02674488 0.01359386
v 0.008110218 0.02674488 0.01196449
v 0.008540182 0.02720346 0.01175455
v 0.007299618 0.02728209 0.01004704
v 0.008504582 0.03024187 0.01170556
v 0.006846051 0.0267443 0.01018035
v 0.004212084 0.0267443 0.01152241
v 0.004489865 0.02720346 0.0138183
v 0.007239771 0.03028084 0.0099647
v 0.00698081 0.02620679 0.009610367
v 0.007291007 0.03028168 0.009312825
v 0.003671765 0.02620679 0.01129643
v 0.007571811 0.03071084 0.009663654
v 0.007291007 0.03028168 0.009312825
v 0.008825655 0.03070724 0.01139373
v 0.003837642 0.02728209 0.01181103
v 0.003248734 0.03028168 0.0113725
v 0.003806209 0.03028084 0.0117142
v 0.004471126 0.03024187 0.01376071
v 0.004030147 0.03070724 0.01383716
v 0.009880323 0.03071095 0.007178507
v 0.009615669 0.03026643 0.006987615
v 0.003367519 0.03071084 0.01180584
v 0.003248734 0.03028168 0.0113725
v 1.141949E-06 0.03026643 0.01188645
v 0.003671765 0.02620679 0.01129643
v 2.018469E-08 0.02670888 0.01187415
v 0.003669333 0.02458957 0.01129302
v 2.018469E-08 0.02458957 0.01187415
v -0.003669314 0.02670888 0.01129302
v -0.003669314 0.02458957 0.01129302
v -0.003673053 0.03026653 0.01130451
v 6.173155E-08 0.03071095 0.01221275
v 5.810673E-07 0.03070713 0.01448374
v -0.006979475 0.02670888 0.009606404
v -0.006979475 0.02458957 0.009606404
v -0.006989202 0.03026628 0.009614873
v -0.009611472 0.0261957 0.006992292
v -0.0096064 0.02458957 0.006979479
v -0.009313498 0.03028143 0.007291827
v -0.003773928 0.03071095 0.011615
v -0.007178612 0.03071095 0.009880328
v -0.004475903 0.03070713 0.0137755
v 0.004157905 0.03024384 0.01427579
v 0.004471126 0.03024187 0.01376071
v -1.464585E-05 0.03026994 0.01494103
v 0.004163885 0.02625338 0.01437395
v 0.004489865 0.02720346 0.0138183
v 0.004912438 0.02674488 0.01359386
v -0.008513789 0.03070713 0.01171727
v -0.009663696 0.03071084 0.00757215
v -0.009965573 0.03028084 0.007240424
v -0.01170556 0.03024187 0.008504586
v -0.01139371 0.03070724 0.00882566
v -0.004617705 0.03027108 0.01421192
v -0.008770189 0.03026994 0.01209615
v -0.01175487 0.03024384 0.009105429
v -0.01170556 0.03024187 0.008504586
v -0.01175453 0.02720153 0.008540149
v -0.008890429 0.02306898 0.01223669
v -0.004673982 0.02306898 0.01438507
v -0.00882812 0.02260897 0.01215091
v -5.887296E-10 0.02306898 0.01512532
v -0.008602023 0.02235744 0.01183972
v -0.004641242 0.02260897 0.01428426
v 0.004613447 0.02301168 0.01438986
v 0.009181289 0.02625338 0.01181742
v -0.008315939 0.02199274 0.01144591
v 2.018469E-08 0.02260897 0.01501936
v -0.004522357 0.02235744 0.01391841
v -0.008209267 0.02121483 0.01129911
v -0.004371953 0.02199274 0.0134555
v 2.018469E-08 0.02235744 0.01463468
v 0.004641242 0.02260897 0.01428426
v -0.007953439 0.02090895 0.01094699
v -0.004315886 0.02121483 0.0132829
v 2.018469E-08 0.02199274 0.01414793
v -0.006443357 0.01999181 0.008868537
v -0.00418138 0.02090895 0.01286895
v -0.00613976 0.01953429 0.008450632
v 0.008929892 0.0230117 0.01219051
v 0.004522376 0.02235744 0.01391841
v 0.008828144 0.02260897 0.01215091
v -0.00338748 0.01999181 0.01042558
v 0.01223668 0.02306898 0.008890447
v -0.003227859 0.01953429 0.009934325
v 0.01209619 0.03026994 0.008770223
v 0.01421191 0.03027108 0.004617724
v -0.006048288 0.0190447 0.008324761
v -0.003179769 0.0190447 0.009786343
v -0.006008253 0.01775391 0.008269668
v -0.003158727 0.01775391 0.00972156
v -0.005959682 0.01729538 0.008202814
v -0.003133192 0.01729538 0.009643006
v -0.005504021 0.01650988 0.007575631
v -0.002893636 0.01650988 0.008905697
v -0.004749822 0.01572328 0.006537561
v -0.002497153 0.01572328 0.007685351
v -0.005027981 0.009472243 0.006920438
v -0.002643356 0.009472243 0.008135452
v -0.006493601 -0.004011286 0.008937669
v -0.003413887 -0.004011286 0.01050687
v -0.006915579 -0.005915186 0.009518437
v -0.003635745 -0.005915186 0.01118963
v -0.007550559 -0.007565628 0.01039241
v -0.003969555 -0.007565628 0.01221705
v -0.00833446 -0.008850293 0.01147142
v -0.008539229 -0.009797655 0.01175327
v -0.009611472 0.0261957 0.006992292
v -0.009313498 0.03028143 0.007291827
v -0.009965573 0.03028084 0.007240424
v -0.01005216 0.02727041 0.007303328
v -0.01170556 0.03024187 0.008504586
v -0.01175453 0.02720153 0.008540149
v -0.0118161 0.0272813 0.003839302
v -0.01137357 0.03028143 0.003248758
v -0.01130633 0.02620945 0.003665886
v -0.01171522 0.03028084 0.003806524
v -0.01381827 0.02720361 0.004489846
v -0.01376065 0.03024187 0.004471126
v 0.01137356 0.03028143 -0.003248734
v 0.01130637 0.0261957 -0.003665867
v 0.01181714 0.02727051 -0.003839617
v 0.01171524 0.03028084 -0.003806524
v 0.01381824 0.02720153 -0.004489822
v 0.0137607 0.03024187 -0.004471126
v 0.01221284 0.03071095 -1.038672E-07
v 0.01130452 0.03026653 0.003673077
v 0.01188674 0.03026628 -2.908281E-06
v 0.01161499 0.03071095 0.003773951
v 0.01377549 0.03070713 0.004475927
v 0.01448376 0.03070713 -5.608826E-07
v 0.01129299 0.02670888 0.003669333
v 0.0096064 0.02670888 0.006979479
v 0.01171726 0.03070713 0.008513808
v 0.009105424 0.03024384 0.0117549
v 0.008504582 0.03024187 0.01170556
v 0.008540182 0.02720346 0.01175455
v 0.007291007 0.03028168 0.009312825
v 0.0096064 0.02670888 0.006979479
v 0.00698081 0.02620679 0.009610367
v 0.0096064 0.02458957 0.006979479
v 0.00697946 0.02458957 0.009606404
v 0.01129299 0.02458957 0.003669333
v 0.01187417 0.02458957 0
v 0.01187417 0.02670888 0
v 0.01129299 0.02458957 -0.003669333
v 0.01130637 0.0261957 -0.003665867
v 0.01188674 0.03026628 -2.908281E-06
v 0.01137356 0.03028143 -0.003248734
v 0.01130452 0.03026653 0.003673077
v 0.01187417 0.02670888 0
v 0.01188674 0.03026628 -2.908281E-06
v -0.006992235 0.02620951 -0.009611515
v -0.007291822 0.03028143 -0.009313492
v -0.007240429 0.03028084 -0.009965567
v -0.007303061 0.02728184 -0.01005183
v -0.008504567 0.03024187 -0.01170552
v -0.008540158 0.02720361 -0.01175455
v -0.01018652 0.02673473 0.006851105
v -0.01130633 0.02620945 0.003665886
v -0.009611472 0.0261957 0.006992292
v -0.01152998 0.0267435 0.004213724
v -0.0118161 0.0272813 0.003839302
v -0.004489822 0.02720411 -0.0138183
v -0.004471106 0.03024187 -0.01376071
v -0.0038065 0.03028084 -0.01171525
v -0.003839364 0.02728462 -0.0118164
v 0.01005131 0.02728417 -0.007302661
v 0.009965586 0.03028084 -0.007240409
v 0.01170556 0.03024187 -0.008504586
v 0.01175456 0.02720411 -0.008540163
v 0.00697946 0.02458957 0.009606404
v 0.00698081 0.02620679 0.009610367
v 0.003671765 0.02620679 0.01129643
v 0.003669333 0.02458957 0.01129302
v -0.00366591 0.02621297 -0.01130635
v -0.003669333 0.02458957 -0.01129299
v -0.006979475 0.02458957 -0.009606404
v -0.006992235 0.02620951 -0.009611515
v 0.01130637 0.0261957 -0.003665867
v 0.01129299 0.02458957 -0.003669333
v 0.009606423 0.02458957 -0.006979456
v 0.009611511 0.02621293 -0.006992292
v -0.01130633 0.02620945 0.003665886
v -0.01129302 0.02458957 0.003669333
v -0.0096064 0.02458957 0.006979479
v -0.009611472 0.0261957 0.006992292
v 0.01381824 0.02720153 -0.004489822
v 0.01359279 0.02674281 -0.004912853
v 0.0137607 0.03024187 -0.004471126
v 0.01427576 0.03024384 -0.004157863
v 0.01383716 0.03070724 -0.004030128
v 0.01448376 0.03070713 -5.608826E-07
v -5.887296E-10 0.02458957 0
v 2.018469E-08 0.02458957 0.01187415
v -0.003669314 0.02458957 0.01129302
v -0.006979475 0.02458957 0.009606404
v 0.003669333 0.02458957 0.01129302
v -0.0096064 0.02458957 0.006979479
v 0.00697946 0.02458957 0.009606404
v -0.01129302 0.02458957 0.003669333
v 0.0096064 0.02458957 0.006979479
v -0.01187415 0.02458957 0
v 0.01129299 0.02458957 0.003669333
v -0.01129302 0.02458957 -0.003669333
v 0.01187417 0.02458957 0
v -0.0096064 0.02458957 -0.006979456
v 0.01129299 0.02458957 -0.003669333
v -0.006979475 0.02458957 -0.009606404
v 0.009606423 0.02458957 -0.006979456
v -0.003669333 0.02458957 -0.01129299
v 0.00697946 0.02458957 -0.009606418
v 2.018469E-08 0.02458957 -0.01187417
v 0.003669333 0.02458957 -0.01129299
v 2.018469E-08 -0.03071094 0
v 0.01787165 -0.03071094 -0.005806837
v 0.01520255 -0.03071094 -0.01104527
v 0.01104529 -0.03071094 -0.01520255
v 0.01879133 -0.03071094 0
v 0.005806875 -0.03071094 -0.01787165
v 0.01787162 -0.03071094 0.005806856
v 2.018469E-08 -0.03071094 -0.01879136
v 0.0152025 -0.03071094 0.01104529
v -0.005806861 -0.03071094 -0.01787163
v 0.01104527 -0.03071094 0.01520255
v -0.01104529 -0.03071094 -0.01520255
v 0.005806875 -0.03071094 0.01787165
v -0.01520254 -0.03071094 -0.01104527
v 2.018469E-08 -0.03071094 0.01879136
v -0.01787166 -0.03071094 -0.005806837
v -0.005806861 -0.03071094 0.01787165
v -0.01879135 -0.03071094 0
v -0.01104529 -0.03071094 0.01520255
v -0.01787166 -0.03071094 0.005806856
v -0.01520254 -0.03071094 0.01104529
vt 0.3750013 0.5573254
vt 0.4038221 0.5573255
vt 0.4024839 0.5573254
vt 0.4484858 0.5561854
vt 0.4499999 0.5560282
vt 0.4499996 0.5560283
vt 0.6124998 0.3125
vt 0.6249998 0.3129217
vt 0.6249998 0.3125
vt 0.6124998 0.3129217
vt 0.5999998 0.3125
vt 0.6249998 0.313795
vt 0.5999998 0.3129217
vt 0.5874998 0.3125
vt 0.6124998 0.313795
vt 0.6249998 0.3244934
vt 0.5874999 0.3129217
vt 0.5749998 0.3125
vt 0.6124998 0.3244934
vt 0.6249998 0.3257221
vt 0.5999998 0.313795
vt 0.5749998 0.3129217
vt 0.5624998 0.3125
vt 0.6124998 0.3257221
vt 0.6249998 0.3300661
vt 0.5999998 0.3244934
vt 0.5874998 0.313795
vt 0.5624998 0.3129217
vt 0.5499998 0.3125
vt 0.6124998 0.3300661
vt 0.6249998 0.3313199
vt 0.5749998 0.313795
vt 0.5874998 0.3244934
vt 0.5999998 0.3257221
vt 0.5499998 0.3129217
vt 0.5374998 0.3125
vt 0.6124998 0.3313199
vt 0.6249998 0.3399674
vt 0.5624998 0.313795
vt 0.5749998 0.3244934
vt 0.5999998 0.3300661
vt 0.5874998 0.3257221
vt 0.5374998 0.3129217
vt 0.5249999 0.3125
vt 0.6124998 0.3399674
vt 0.6249998 0.3436364
vt 0.5499998 0.313795
vt 0.5624998 0.3244934
vt 0.5749998 0.3257221
vt 0.5999998 0.3313199
vt 0.5874998 0.3300661
vt 0.6124998 0.3436364
vt 0.6249998 0.3491952
vt 0.5999998 0.3399674
vt 0.5874998 0.3313199
vt 0.5749998 0.3300661
vt 0.5624998 0.3257221
vt 0.6124998 0.3491952
vt 0.6249998 0.354282
vt 0.5999998 0.3436364
vt 0.5874998 0.3399674
vt 0.5749998 0.3313199
vt 0.6124998 0.354282
vt 0.6249998 0.3552098
vt 0.5999998 0.3491952
vt 0.5874998 0.3436364
vt 0.6124998 0.3552098
vt 0.6249998 0.3560571
vt 0.5999998 0.354282
vt 0.6124998 0.3560571
vt 0.6249998 0.3907116
vt 0.5624998 0.3300661
vt 0.5749998 0.3399674
vt 0.5874998 0.3491952
vt 0.5999998 0.3552098
vt 0.6124997 0.3907116
vt 0.6249998 0.3955138
vt 0.5624998 0.3313199
vt 0.5749998 0.3436364
vt 0.5874998 0.354282
vt 0.5999998 0.3560571
vt 0.6124997 0.3955138
vt 0.6249998 0.3999633
vt 0.5624998 0.3399674
vt 0.5749998 0.3491952
vt 0.5874998 0.3552098
vt 0.5999997 0.3907116
vt 0.6124997 0.3999633
vt 0.6249998 0.4055636
vt 0.5624998 0.3436364
vt 0.5749998 0.354282
vt 0.5874998 0.3560571
vt 0.5999997 0.3955138
vt 0.6124997 0.4055636
vt 0.6249998 0.4228909
vt 0.5624998 0.3491952
vt 0.5749998 0.3552098
vt 0.5874997 0.3907116
vt 0.5999997 0.3999633
vt 0.6124997 0.4228909
vt 0.6249998 0.4266976
vt 0.5624998 0.354282
vt 0.5749998 0.3560571
vt 0.5874997 0.3955138
vt 0.5999997 0.4055636
vt 0.6124997 0.4266976
vt 0.6249998 0.4300255
vt 0.5624998 0.3552098
vt 0.5749998 0.3907116
vt 0.5874997 0.3999633
vt 0.5999997 0.4228909
vt 0.6124997 0.4300255
vt 0.6249998 0.4331092
vt 0.5624998 0.3560571
vt 0.5749998 0.3955138
vt 0.5874997 0.4055636
vt 0.5999997 0.4266976
vt 0.6124997 0.4331092
vt 0.6249998 0.437071
vt 0.5624998 0.3907116
vt 0.5749998 0.3999633
vt 0.5874997 0.4228909
vt 0.5999997 0.4300255
vt 0.6124997 0.437071
vt 0.6249998 0.4479988
vt 0.5624998 0.3955138
vt 0.5749998 0.4055636
vt 0.5874997 0.4266976
vt 0.5999997 0.4331092
vt 0.6124997 0.4479988
vt 0.6249998 0.5379935
vt 0.5624998 0.3999633
vt 0.5749997 0.4228909
vt 0.5874997 0.4300255
vt 0.5999997 0.437071
vt 0.6124997 0.5379935
vt 0.6249998 0.5408026
vt 0.5624998 0.4055636
vt 0.5749997 0.4266976
vt 0.5874997 0.4331092
vt 0.5999997 0.4479988
vt 0.6124997 0.5408026
vt 0.6249998 0.5410736
vt 0.5624998 0.4228909
vt 0.5749997 0.4300255
vt 0.5874997 0.437071
vt 0.5999998 0.5379935
vt 0.6124997 0.5410736
vt 0.6249998 0.5414236
vt 0.5624998 0.4266976
vt 0.5749997 0.4331092
vt 0.5874997 0.4479988
vt 0.5999998 0.5408026
vt 0.6124997 0.5414236
vt 0.6249998 0.5415273
vt 0.5624998 0.4300255
vt 0.5749997 0.437071
vt 0.5874997 0.5379935
vt 0.5999998 0.5410736
vt 0.6124997 0.5415273
vt 0.6249998 0.5418872
vt 0.5624998 0.4331092
vt 0.5749997 0.4479988
vt 0.5874997 0.5408026
vt 0.5999998 0.5414236
vt 0.6124997 0.5418872
vt 0.6249998 0.5419713
vt 0.5624998 0.437071
vt 0.5749997 0.5379935
vt 0.5874997 0.5410736
vt 0.5999998 0.5415273
vt 0.6124997 0.5419713
vt 0.6249998 0.5421634
vt 0.5624998 0.4479988
vt 0.5749997 0.5408026
vt 0.5874997 0.5414236
vt 0.5999998 0.5418872
vt 0.6124997 0.5421634
vt 0.6249998 0.5425892
vt 0.5624998 0.5379935
vt 0.5749997 0.5410736
vt 0.5874997 0.5415273
vt 0.5999998 0.5419713
vt 0.6124997 0.5425892
vt 0.6249998 0.5427263
vt 0.5624998 0.5408026
vt 0.5749997 0.5414236
vt 0.5874997 0.5418872
vt 0.5999998 0.5421634
vt 0.6124997 0.5427263
vt 0.6249998 0.5429784
vt 0.5624998 0.5410736
vt 0.5749997 0.5415273
vt 0.5874997 0.5419713
vt 0.5999998 0.5425892
vt 0.6124997 0.5429784
vt 0.6249998 0.5430882
vt 0.5624998 0.5414236
vt 0.5749998 0.5418872
vt 0.5874997 0.5421634
vt 0.5999998 0.5427263
vt 0.6124997 0.5430882
vt 0.6249998 0.5431564
vt 0.5624998 0.5415273
vt 0.5749998 0.5419713
vt 0.5874996 0.5425892
vt 0.5999998 0.5429784
vt 0.6124997 0.5431564
vt 0.6248422 0.5440073
vt 0.5624998 0.5418872
vt 0.5749998 0.5421634
vt 0.5874996 0.5427263
vt 0.5999998 0.5430882
vt 0.6124997 0.5441212
vt 0.6237218 0.5500572
vt 0.5624998 0.5419713
vt 0.5749998 0.5425892
vt 0.5874996 0.5429784
vt 0.5999998 0.5431564
vt 0.5624998 0.5421634
vt 0.5749998 0.5427263
vt 0.5874996 0.5430882
vt 0.5624998 0.5425892
vt 0.5749997 0.5429784
vt 0.5624998 0.5427263
vt 0.5999998 0.5441212
vt 0.5874996 0.5431564
vt 0.5749997 0.5430882
vt 0.5624998 0.5429784
vt 0.6125039 0.5537236
vt 0.5499998 0.5421634
vt 0.5499998 0.5425892
vt 0.5499998 0.5427263
vt 0.5499998 0.5419713
vt 0.5499998 0.5418872
vt 0.5499998 0.5415273
vt 0.5499998 0.5414236
vt 0.5499998 0.5410736
vt 0.5499998 0.5408026
vt 0.5499998 0.5379935
vt 0.5499998 0.4479988
vt 0.5499998 0.437071
vt 0.5499998 0.4331092
vt 0.5499998 0.4300255
vt 0.5499998 0.4266976
vt 0.5499998 0.4228909
vt 0.5499998 0.4055636
vt 0.5499998 0.3999633
vt 0.5499998 0.3955138
vt 0.5499998 0.3907116
vt 0.5499998 0.3560571
vt 0.5499998 0.3552098
vt 0.5499998 0.354282
vt 0.5499998 0.3491952
vt 0.5499998 0.3436364
vt 0.5499998 0.3399674
vt 0.5499998 0.3313199
vt 0.5499998 0.3300661
vt 0.5499998 0.3257221
vt 0.5499998 0.3244934
vt 0.5374998 0.313795
vt 0.5374998 0.3244934
vt 0.5374998 0.3257221
vt 0.5374998 0.3300661
vt 0.5374998 0.3313199
vt 0.5249999 0.3129217
vt 0.5124999 0.3125
vt 0.5249999 0.313795
vt 0.5124999 0.3129217
vt 0.4999999 0.3125
vt 0.5249999 0.3244934
vt 0.5249999 0.3257221
vt 0.4999999 0.3129217
vt 0.4874999 0.3125
vt 0.5124999 0.313795
vt 0.4874999 0.3129217
vt 0.4749999 0.3125
vt 0.5124999 0.3244934
vt 0.4999999 0.313795
vt 0.5249999 0.3300661
vt 0.4749999 0.3129217
vt 0.4624999 0.3125
vt 0.4874999 0.313795
vt 0.4999999 0.3244934
vt 0.5124999 0.3257221
vt 0.4624999 0.3129217
vt 0.4499999 0.3125
vt 0.4749999 0.313795
vt 0.4874999 0.3244934
vt 0.4999999 0.3257221
vt 0.5124999 0.3300661
vt 0.4499999 0.3129217
vt 0.4374999 0.3125
vt 0.4624999 0.313795
vt 0.4749999 0.3244934
vt 0.4874999 0.3257221
vt 0.4374999 0.3129217
vt 0.425 0.3125
vt 0.4499999 0.313795
vt 0.4624999 0.3244934
vt 0.425 0.3129217
vt 0.4125 0.3125
vt 0.4374999 0.313795
vt 0.4125 0.3129217
vt 0.4 0.3125
vt 0.4999999 0.3300661
vt 0.4749999 0.3257221
vt 0.4499999 0.3244934
vt 0.425 0.313795
vt 0.4 0.3129217
vt 0.3875 0.3125
vt 0.4874999 0.3300661
vt 0.4624999 0.3257221
vt 0.4374999 0.3244934
vt 0.4125 0.313795
vt 0.3875 0.3129217
vt 0.375 0.3125
vt 0.375 0.3129217
vt 0.4 0.313795
vt 0.3875 0.313795
vt 0.375 0.313795
vt 0.425 0.3244934
vt 0.4499999 0.3257221
vt 0.4125 0.3244934
vt 0.3875 0.3244934
vt 0.375 0.3244934
vt 0.4 0.3244934
vt 0.4374999 0.3257221
vt 0.3875 0.3257221
vt 0.375 0.3257221
vt 0.425 0.3257221
vt 0.3999999 0.3257221
vt 0.4125 0.3257221
vt 0.3875 0.3300661
vt 0.375 0.3300661
vt 0.3999999 0.3300661
vt 0.4125 0.3300661
vt 0.425 0.3300661
vt 0.4374999 0.3300661
vt 0.3875 0.3313199
vt 0.375 0.3313199
vt 0.3999999 0.3313199
vt 0.4125 0.3313199
vt 0.425 0.3313199
vt 0.3875 0.3399674
vt 0.375 0.3399674
vt 0.3999999 0.3399674
vt 0.4125 0.3399674
vt 0.3875 0.3436364
vt 0.375 0.3436364
vt 0.3999999 0.3436364
vt 0.3875 0.3491952
vt 0.375 0.3491952
vt 0.4374999 0.3313199
vt 0.425 0.3399674
vt 0.4125 0.3436364
vt 0.3999999 0.3491952
vt 0.3875 0.354282
vt 0.375 0.354282
vt 0.4374999 0.3399674
vt 0.425 0.3436364
vt 0.4125 0.3491952
vt 0.3999999 0.354282
vt 0.3875 0.3552098
vt 0.375 0.3552098
vt 0.4374999 0.3436364
vt 0.425 0.3491952
vt 0.4125 0.354282
vt 0.3999999 0.3552098
vt 0.3875 0.3560571
vt 0.375 0.3560571
vt 0.4374999 0.3491952
vt 0.425 0.354282
vt 0.4125 0.3552098
vt 0.3999999 0.3560571
vt 0.3875 0.3907116
vt 0.375 0.3907116
vt 0.4374999 0.354282
vt 0.425 0.3552098
vt 0.4125 0.3560571
vt 0.3999999 0.3907116
vt 0.3875 0.3955138
vt 0.375 0.3955138
vt 0.4374999 0.3552098
vt 0.425 0.3560571
vt 0.4125 0.3907116
vt 0.3999999 0.3955138
vt 0.3875 0.3999633
vt 0.375 0.3999633
vt 0.4374999 0.3560571
vt 0.425 0.3907116
vt 0.4125 0.3955138
vt 0.3999999 0.3999633
vt 0.3875 0.4055636
vt 0.375 0.4055636
vt 0.4374999 0.3907116
vt 0.425 0.3955138
vt 0.4125 0.3999633
vt 0.3999999 0.4055636
vt 0.3875 0.4228909
vt 0.375 0.4228909
vt 0.4374999 0.3955138
vt 0.425 0.3999633
vt 0.4125 0.4055636
vt 0.3999999 0.4228909
vt 0.3875 0.4266976
vt 0.375 0.4266976
vt 0.4374999 0.3999633
vt 0.425 0.4055636
vt 0.4125 0.4228909
vt 0.3999999 0.4266976
vt 0.3875 0.4300255
vt 0.375 0.4300255
vt 0.4374999 0.4055636
vt 0.425 0.4228909
vt 0.4125 0.4266976
vt 0.3999999 0.4300255
vt 0.3875 0.4331092
vt 0.3749999 0.4331092
vt 0.4374999 0.4228909
vt 0.425 0.4266976
vt 0.4125 0.4300255
vt 0.3999999 0.4331092
vt 0.3875 0.437071
vt 0.3749999 0.437071
vt 0.4374999 0.4266976
vt 0.425 0.4300255
vt 0.4125 0.4331092
vt 0.3999999 0.437071
vt 0.3875 0.4479988
vt 0.3749999 0.4479988
vt 0.4374999 0.4300255
vt 0.425 0.4331092
vt 0.4124999 0.437071
vt 0.3999999 0.4479988
vt 0.3875 0.5379935
vt 0.375 0.5379935
vt 0.4374999 0.4331092
vt 0.425 0.437071
vt 0.4124999 0.4479988
vt 0.3999999 0.5379935
vt 0.3875 0.5408026
vt 0.375 0.5408026
vt 0.4374999 0.437071
vt 0.425 0.4479988
vt 0.4125 0.5379935
vt 0.3999999 0.5408026
vt 0.3875 0.5410736
vt 0.375 0.5410736
vt 0.4374999 0.4479988
vt 0.425 0.5379935
vt 0.4125 0.5408026
vt 0.3999999 0.5410736
vt 0.3874999 0.5414236
vt 0.375 0.5414236
vt 0.4374999 0.5379935
vt 0.425 0.5408026
vt 0.4125 0.5410736
vt 0.3999999 0.5414236
vt 0.3874999 0.5415273
vt 0.375 0.5415273
vt 0.4374999 0.5408026
vt 0.425 0.5410736
vt 0.4125 0.5414236
vt 0.3999999 0.5415273
vt 0.3874999 0.5418872
vt 0.375 0.5418872
vt 0.4374999 0.5410736
vt 0.425 0.5414236
vt 0.4125 0.5415273
vt 0.3999999 0.5418872
vt 0.3874999 0.5419713
vt 0.375 0.5419713
vt 0.4374999 0.5414236
vt 0.425 0.5415273
vt 0.4125 0.5418872
vt 0.3999999 0.5419713
vt 0.3875 0.5421634
vt 0.375 0.5421634
vt 0.4374999 0.5415273
vt 0.425 0.5418872
vt 0.4125 0.5419713
vt 0.3999999 0.5421634
vt 0.3875 0.5425892
vt 0.375 0.5425892
vt 0.4374999 0.5418872
vt 0.425 0.5419713
vt 0.4125 0.5421634
vt 0.3999999 0.5425892
vt 0.3874999 0.5427263
vt 0.375 0.5427263
vt 0.4374999 0.5419713
vt 0.425 0.5421634
vt 0.4125 0.5425892
vt 0.3999999 0.5427263
vt 0.3874999 0.5429784
vt 0.375 0.5429784
vt 0.4375 0.5421634
vt 0.425 0.5425892
vt 0.4125 0.5427263
vt 0.3999999 0.5429784
vt 0.3874999 0.5430882
vt 0.375 0.5430882
vt 0.4374999 0.5425892
vt 0.425 0.5427263
vt 0.4125 0.5429784
vt 0.3999999 0.5430882
vt 0.3875 0.5431564
vt 0.375 0.5431564
vt 0.4374999 0.5427263
vt 0.425 0.5429784
vt 0.4125 0.5430882
vt 0.3999999 0.5431564
vt 0.3876572 0.5440075
vt 0.375 0.5442557
vt 0.4374999 0.5429784
vt 0.425 0.5430882
vt 0.4125 0.5431564
vt 0.3999999 0.5441212
vt 0.3887754 0.5500591
vt 0.375 0.5520722
vt 0.3999999 0.5537184
vt 0.4125 0.5441212
vt 0.425 0.5431564
vt 0.4374999 0.5430882
vt 0.3887389 0.5554529
vt 0.3876915 0.5517796
vt 0.3876944 0.5554299
vt 0.3877774 0.5561515
vt 0.4125 0.5537266
vt 0.425 0.5441212
vt 0.4374999 0.5431564
vt 0.3995476 0.5572286
vt 0.425 0.5537184
vt 0.4373426 0.5440075
vt 0.41237 0.5572944
vt 0.4362245 0.5500591
vt 0.4499999 0.5431565
vt 0.4501572 0.5440075
vt 0.4512759 0.5500587
vt 0.4499999 0.5430882
vt 0.4499999 0.5429784
vt 0.4499999 0.5427263
vt 0.4499999 0.5425892
vt 0.4499999 0.5421634
vt 0.4499999 0.5419713
vt 0.4499999 0.5418872
vt 0.4499999 0.5415273
vt 0.4499999 0.5414236
vt 0.4499999 0.5410736
vt 0.4499999 0.5408026
vt 0.4499999 0.5379935
vt 0.4499999 0.4479988
vt 0.4499999 0.437071
vt 0.4499999 0.4331092
vt 0.4499999 0.4300255
vt 0.4499999 0.4266976
vt 0.4499999 0.4228909
vt 0.4499999 0.4055636
vt 0.4499999 0.3999633
vt 0.4499999 0.3955138
vt 0.4499999 0.3907116
vt 0.4499999 0.3560571
vt 0.4499999 0.3552098
vt 0.4499999 0.354282
vt 0.4499999 0.3491952
vt 0.4499999 0.3436364
vt 0.4499999 0.3399674
vt 0.4499999 0.3313199
vt 0.4499999 0.3300661
vt 0.4624999 0.3300661
vt 0.4624999 0.3313199
vt 0.4624999 0.3399674
vt 0.4624999 0.3436364
vt 0.4624999 0.3491952
vt 0.4749999 0.3300661
vt 0.4749999 0.3313199
vt 0.4749999 0.3399674
vt 0.4749999 0.3436364
vt 0.4874999 0.3313199
vt 0.4874999 0.3399674
vt 0.4999999 0.3313199
vt 0.4749999 0.3491952
vt 0.4874999 0.3436364
vt 0.4999999 0.3399674
vt 0.5124999 0.3313199
vt 0.4874998 0.3491952
vt 0.4999999 0.3436364
vt 0.5124999 0.3399674
vt 0.5249999 0.3313199
vt 0.5249999 0.3399674
vt 0.5374998 0.3399674
vt 0.5374998 0.3436364
vt 0.5124999 0.3436364
vt 0.5249999 0.3436364
vt 0.5374998 0.3491952
vt 0.5249999 0.3491952
vt 0.5374998 0.354282
vt 0.5124999 0.3491952
vt 0.5249999 0.354282
vt 0.5374998 0.3552098
vt 0.4999999 0.3491952
vt 0.5124999 0.354282
vt 0.5374998 0.3560571
vt 0.5249999 0.3552098
vt 0.4999999 0.354282
vt 0.5374998 0.3907116
vt 0.5249999 0.3560571
vt 0.5124999 0.3552098
vt 0.4874998 0.354282
vt 0.5374999 0.3955138
vt 0.4999999 0.3552098
vt 0.5249999 0.3907116
vt 0.5124999 0.3560571
vt 0.4749999 0.354282
vt 0.5374999 0.3999633
vt 0.4874999 0.3552098
vt 0.4999999 0.3560571
vt 0.5124999 0.3907116
vt 0.5249999 0.3955138
vt 0.4624999 0.354282
vt 0.4749999 0.3552098
vt 0.4624999 0.3552098
vt 0.4874999 0.3560571
vt 0.4999999 0.3907116
vt 0.5124999 0.3955138
vt 0.4624999 0.3560571
vt 0.4749999 0.3560571
vt 0.4874999 0.3907116
vt 0.4624999 0.3907116
vt 0.4749999 0.3907116
vt 0.4999998 0.3955138
vt 0.5249999 0.3999633
vt 0.4624999 0.3955138
vt 0.4749999 0.3955138
vt 0.4874998 0.3955138
vt 0.5124999 0.3999633
vt 0.5374999 0.4055636
vt 0.4624999 0.3999633
vt 0.4749999 0.3999633
vt 0.4874998 0.3999633
vt 0.4999999 0.3999633
vt 0.5249999 0.4055636
vt 0.5374999 0.4228909
vt 0.4624999 0.4055636
vt 0.4749999 0.4055636
vt 0.4874999 0.4055636
vt 0.5124999 0.4055636
vt 0.4999999 0.4055636
vt 0.5249999 0.4228909
vt 0.4624999 0.4228909
vt 0.4749999 0.4228909
vt 0.4874999 0.4228909
vt 0.5124999 0.4228909
vt 0.4999998 0.4228909
vt 0.5374999 0.4266976
vt 0.4624999 0.4266976
vt 0.4749999 0.4266976
vt 0.4874998 0.4266976
vt 0.4999998 0.4266976
vt 0.5124999 0.4266976
vt 0.5374999 0.4300255
vt 0.4624999 0.4300255
vt 0.4749999 0.4300255
vt 0.4874999 0.4300255
vt 0.4999998 0.4300255
vt 0.4624999 0.4331092
vt 0.4749999 0.4331092
vt 0.4874999 0.4331092
vt 0.4624999 0.437071
vt 0.4749999 0.437071
vt 0.4624999 0.4479988
vt 0.5124999 0.4300255
vt 0.4999998 0.4331092
vt 0.4874999 0.437071
vt 0.4749999 0.4479988
vt 0.4624999 0.5379935
vt 0.5124999 0.4331092
vt 0.4999998 0.437071
vt 0.4874999 0.4479988
vt 0.4749999 0.5379935
vt 0.4624999 0.5408026
vt 0.5124999 0.437071
vt 0.4999998 0.4479988
vt 0.4874999 0.5379935
vt 0.4749999 0.5408026
vt 0.4624999 0.5410736
vt 0.5124999 0.4479988
vt 0.4999999 0.5379935
vt 0.4874999 0.5408026
vt 0.4749999 0.5410736
vt 0.4624999 0.5414236
vt 0.5124999 0.5379935
vt 0.4999999 0.5408026
vt 0.4874999 0.5410736
vt 0.4749999 0.5414236
vt 0.4624999 0.5415273
vt 0.5124999 0.5408026
vt 0.4999999 0.5410736
vt 0.4874999 0.5414236
vt 0.4749999 0.5415273
vt 0.4624999 0.5418872
vt 0.5124999 0.5410736
vt 0.4999999 0.5414236
vt 0.4874999 0.5415273
vt 0.4749999 0.5418872
vt 0.4624999 0.5419713
vt 0.5124999 0.5414236
vt 0.4999999 0.5415273
vt 0.4874999 0.5418872
vt 0.4749999 0.5419713
vt 0.4624999 0.5421634
vt 0.5124999 0.5415273
vt 0.4999999 0.5418872
vt 0.4874999 0.5419713
vt 0.4749999 0.5421634
vt 0.4624999 0.5425892
vt 0.5124999 0.5418872
vt 0.4999999 0.5419713
vt 0.4874999 0.5421634
vt 0.4749999 0.5425892
vt 0.4624999 0.5427263
vt 0.5124999 0.5419713
vt 0.4999999 0.5421634
vt 0.4874999 0.5425892
vt 0.4749999 0.5427263
vt 0.4624999 0.5429784
vt 0.5124999 0.5421634
vt 0.4999999 0.5425892
vt 0.4874999 0.5427263
vt 0.4749999 0.5429784
vt 0.4624999 0.5430882
vt 0.5124999 0.5425892
vt 0.4999999 0.5427263
vt 0.4874999 0.5429784
vt 0.4749999 0.5430882
vt 0.4624999 0.5431564
vt 0.5124999 0.5427263
vt 0.4999999 0.5429784
vt 0.4874999 0.5430882
vt 0.4749999 0.5431564
vt 0.4624999 0.5441211
vt 0.5124999 0.5429784
vt 0.4999999 0.5430882
vt 0.4874999 0.5431564
vt 0.4749999 0.5441212
vt 0.4625196 0.5537254
vt 0.5124999 0.5430882
vt 0.4999999 0.5431564
vt 0.4874999 0.5441212
vt 0.4749999 0.5537266
vt 0.4512388 0.5554529
vt 0.4501915 0.5517788
vt 0.4501943 0.5554299
vt 0.4512007 0.5563411
vt 0.5124999 0.5431564
vt 0.5008622 0.5443506
vt 0.4874799 0.5537255
vt 0.462368 0.5572944
vt 0.5123176 0.5443503
vt 0.5069938 0.5528414
vt 0.4748699 0.5572944
vt 0.5110217 0.5528395
vt 0.462368 0.557321
vt 0.4748683 0.557321
vt 0.4512082 0.5572545
vt 0.45 0.5562227
vt 0.4499999 0.5571417
vt 0.4514456 0.5573254
vt 0.4624903 0.5573254
vt 0.4749998 0.5573254
vt 0.4873686 0.557321
vt 0.4875093 0.5573246
vt 0.4873714 0.5572945
vt 0.5000619 0.5568523
vt 0.4984924 0.5572662
vt 0.5009532 0.5569038
vt 0.5077374 0.5546221
vt 0.5084729 0.5544391
vt 0.4874998 0.5573254
vt 0.4875093 0.5573246
vt 0.4749998 0.5573254
vt 0.4749998 0.5573254
vt 0.4624903 0.5573254
vt 0.4624999 0.5573254
vt 0.4624999 0.5573254
vt 0.4514456 0.5573254
vt 0.4500237 0.5573254
vt 0.4624999 0.5573254
vt 0.4749999 0.5573254
vt 0.4624999 0.5573254
vt 0.4500237 0.5573254
vt 0.4499999 0.5573254
vt 0.4874998 0.5573254
vt 0.4874998 0.5573254
vt 0.4999999 0.5573254
vt 0.4999759 0.5573254
vt 0.4985533 0.5563937
vt 0.4875093 0.5573246
vt 0.4874998 0.5573254
vt 0.4984924 0.5572662
vt 0.4999998 0.5564027
vt 0.4999998 0.5571351
vt 0.4984829 0.5565397
vt 0.4873714 0.5572945
vt 0.4985533 0.5563937
vt 0.4873686 0.557321
vt 0.4875093 0.5573246
vt 0.4359924 0.5562198
vt 0.4374998 0.5571417
vt 0.4374998 0.5562226
vt 0.4359829 0.5571325
vt 0.4248715 0.5572429
vt 0.436261 0.5554529
vt 0.4373055 0.5554299
vt 0.4373084 0.5517795
vt 0.4374999 0.5514672
vt 0.4248687 0.5572689
vt 0.4123684 0.557321
vt 0.3995445 0.5572546
vt 0.3833876 0.5561622
vt 0.3865633 0.5560304
vt 0.3821356 0.5560403
vt 0.3842245 0.5563562
vt 0.3820428 0.5562051
vt 0.3999904 0.5573254
vt 0.4125 0.5573255
vt 0.4249999 0.5573254
vt 0.3999999 0.5573254
vt 0.3875239 0.5573254
vt 0.3863813 0.5570958
vt 0.3875122 0.5573254
vt 0.3999999 0.5573254
vt 0.3875 0.5573254
vt 0.4360533 0.5573254
vt 0.4374999 0.5573254
vt 0.4374761 0.5573254
vt 0.4249999 0.5573254
vt 0.4374999 0.5573254
vt 0.4374999 0.5573254
vt 0.4374761 0.5573254
vt 0.4249999 0.5573254
vt 0.4374999 0.5573254
vt 0.4249999 0.5573254
vt 0.4125 0.5573254
vt 0.4125 0.5573254
vt 0.3999999 0.5573254
vt 0.3999904 0.5573254
vt 0.4125 0.5573255
vt 0.4249999 0.5573254
vt 0.4036422 0.5573254
vt 0.3750013 0.5573254
vt 0.3750015 0.5573255
vt 0.4038221 0.5573255
vt 0.6056177 0.5573044
vt 0.6020613 0.5573235
vt 0.6124997 0.5573255
vt 0.4024839 0.5573254
vt 0.5120829 0.5557395
vt 0.4999999 0.5562562
vt 0.5012707 0.5562019
vt 0.5108938 0.5557903
vt 0.4999999 0.5562562
vt 0.4999999 0.5562562
vt 0.5011988 0.556205
vt 0.5012707 0.5562019
vt 0.5109863 0.5557864
vt 0.5108938 0.5557903
vt 0.5124983 0.5557217
vt 0.5124999 0.5557216
vt 0.5124986 0.5557217
vt 0.5120829 0.5557395
vt 0.4495839 0.5560714
vt 0.4374999 0.5560725
vt 0.4387702 0.5562271
vt 0.4483966 0.5561947
vt 0.4499996 0.5560282
vt 0.4499996 0.5560283
vt 0.4484858 0.5561854
vt 0.4386998 0.5571376
vt 0.4374999 0.5562238
vt 0.4374999 0.5571017
vt 0.4374999 0.5573254
vt 0.4499999 0.5560282
vt 0.3872912 0.5560287
vt 0.38125 0.5560423
vt 0.3818865 0.5560409
vt 0.3865417 0.5560304
vt 0.3812501 0.5560423
vt 0.3818499 0.5560409
vt 0.3818865 0.5560409
vt 0.3812501 0.5560423
vt 0.38125 0.5560423
vt 0.38125 0.5560423
vt 0.3821544 0.5560403
vt 0.3818499 0.5560409
vt 0.3818865 0.5560409
vt 0.3865417 0.5560304
vt 0.3823264 0.5560399
vt 0.3865567 0.5560304
vt 0.3872912 0.5560287
vt 0.5745844 0.5560713
vt 0.5624998 0.55526
vt 0.5637708 0.5555997
vt 0.5733952 0.5562267
vt 0.5749998 0.556219
vt 0.5749998 0.5570962
vt 0.5749998 0.5562222
vt 0.5734836 0.557138
vt 0.5637007 0.5570971
vt 0.5624998 0.5557908
vt 0.5749998 0.5571418
vt 0.5749956 0.5573254
vt 0.5749998 0.5573255
vt 0.5624998 0.5573254
vt 0.5762074 0.5572546
vt 0.5764445 0.5573255
vt 0.5762006 0.5563411
vt 0.5624998 0.5572867
vt 0.5624998 0.5573254
vt 0.5624998 0.5573204
vt 0.5624998 0.5572953
vt 0.5609923 0.5572952
vt 0.587368 0.557321
vt 0.5874996 0.5573254
vt 0.5609838 0.5573202
vt 0.5610551 0.5573254
vt 0.5500035 0.5573254
vt 0.5624998 0.5573254
vt 0.5499998 0.5573254
vt 0.5624998 0.5573254
vt 0.5499998 0.5573254
vt 0.5374998 0.5573254
vt 0.5374998 0.5573254
vt 0.5374998 0.5573254
vt 0.5498683 0.557321
vt 0.5498714 0.5572944
vt 0.5249998 0.5573254
vt 0.5249998 0.5573254
vt 0.5249904 0.5573254
vt 0.5125238 0.5573254
vt 0.5124999 0.5573254
vt 0.5139456 0.5573254
vt 0.5373683 0.557321
vt 0.5248679 0.557321
vt 0.5373699 0.5572945
vt 0.5621281 0.5564145
vt 0.5630705 0.5565176
vt 0.5499799 0.5537255
vt 0.5667369 0.5500586
vt 0.5675946 0.5519537
vt 0.5681487 0.5515878
vt 0.5248679 0.5572945
vt 0.5135457 0.5571561
vt 0.5120572 0.5568735
vt 0.5098433 0.5546136
vt 0.5113376 0.5549099
vt 0.5374999 0.5537266
vt 0.5249998 0.5537184
vt 0.5109235 0.5544482
vt 0.5096179 0.5541847
vt 0.5096143 0.5541839
vt 0.5249998 0.5441212
vt 0.5374998 0.5441212
vt 0.5249998 0.5431564
vt 0.5499998 0.5441211
vt 0.5249998 0.5430882
vt 0.5374998 0.5431564
vt 0.5630222 0.5440074
vt 0.5707626 0.5500586
vt 0.5249998 0.5429784
vt 0.5499998 0.5431564
vt 0.5374998 0.5430882
vt 0.5249998 0.5427263
vt 0.5374998 0.5429784
vt 0.5499998 0.5430882
vt 0.5624998 0.5431564
vt 0.5249998 0.5425892
vt 0.5374999 0.5427263
vt 0.5499998 0.5429784
vt 0.5249998 0.5421634
vt 0.5374999 0.5425892
vt 0.5249998 0.5419713
vt 0.5744773 0.5440075
vt 0.5624998 0.5430882
vt 0.5749997 0.5431564
vt 0.5374999 0.5421634
vt 0.5874996 0.5441212
vt 0.5374999 0.5419713
vt 0.5874996 0.5537184
vt 0.5999998 0.5537265
vt 0.5249998 0.5418872
vt 0.5374999 0.5418872
vt 0.5249998 0.5415273
vt 0.5374998 0.5415273
vt 0.5249998 0.5414236
vt 0.5374998 0.5414236
vt 0.5249998 0.5410736
vt 0.5374998 0.5410736
vt 0.5249998 0.5408026
vt 0.5374998 0.5408026
vt 0.5249999 0.5379935
vt 0.5374998 0.5379935
vt 0.5249999 0.4479988
vt 0.5374999 0.4479988
vt 0.5249999 0.437071
vt 0.5374999 0.437071
vt 0.5249999 0.4331092
vt 0.5374999 0.4331092
vt 0.5249999 0.4300255
vt 0.5249999 0.4266976
vt 0.38125 0.5560423
vt 0.3757846 0.5543594
vt 0.3758015 0.5548189
vt 0.3802434 0.556249
vt 0.3758674 0.5571116
vt 0.3803903 0.5562188
vt 0.5624998 0.5555251
vt 0.5624998 0.5570248
vt 0.5624998 0.555187
vt 0.5624998 0.5570191
vt 0.5624998 0.5554762
vt 0.5624998 0.5569968
vt 0.5749997 0.5573254
vt 0.5749997 0.5573254
vt 0.5727928 0.5573254
vt 0.5732292 0.5573254
vt 0.5643434 0.5573254
vt 0.5643738 0.5573254
vt 0.6020613 0.5573235
vt 0.5999998 0.5573254
vt 0.6124997 0.5573255
vt 0.5998686 0.5573214
vt 0.5998703 0.5572949
vt 0.6056177 0.5573044
vt 0.5999998 0.5573254
vt 0.5874996 0.5573254
vt 0.5873678 0.5572945
vt 0.5753715 0.5554529
vt 0.574429 0.5554299
vt 0.569905 0.5517785
vt 0.5764445 0.5573255
vt 0.5874996 0.5573254
vt 0.5749956 0.5573254
vt 0.5874996 0.5573254
vt 0.5749997 0.5573254
vt 0.5999998 0.5573254
vt 0.6124997 0.5573254
vt 0.6124997 0.5573254
vt 0.375 0.5573254
vt 0.3754556 0.5573254
vt 0.6124997 0.5573255
vt 0.4024839 0.5573254
vt 0.5999998 0.5573254
vt 0.6124997 0.5573254
vt 0.6124997 0.5573255
vt 0.4374999 0.5560282
vt 0.4374999 0.5516173
vt 0.4374999 0.5523459
vt 0.4374999 0.5560282
vt 0.4374999 0.555975
vt 0.4374999 0.5560282
vt 0.5109863 0.5557864
vt 0.4999999 0.5562562
vt 0.5124999 0.5557216
vt 0.5011988 0.556205
vt 0.4999999 0.5562562
vt 0.3875 0.5560282
vt 0.3875 0.5559758
vt 0.3875 0.5523466
vt 0.3875 0.5560282
vt 0.5624998 0.5573254
vt 0.5624998 0.5573254
vt 0.5624998 0.5573254
vt 0.5624998 0.5573254
vt 0.4499999 0.5573254
vt 0.4499957 0.5563518
vt 0.4375041 0.557325
vt 0.4374999 0.5573254
vt 0.0001707097 0.06082479
vt 0.0006891604 0.2455515
vt 0.9995146 0.2451401
vt 0.9998786 0.06129719
vt 2.241567E-05 0.06073987
vt 8.986672E-05 0.2435124
vt 0.9989129 0.2455505
vt 0.9997285 0.06132077
vt 0.0002443126 0.06081502
vt 0.0009848004 0.2451395
vt 0.9998103 0.2435129
vt 0.9999522 0.06123636
vt 0.6248072 0.5519502
vt 0.624999 0.5515851
vt 0.6247987 0.5565177
vt 0.6237558 0.5564157
vt 0.6236282 0.5572913
vt 0.6138453 0.5573006
vt 0.4874999 0.5573254
vt 0.5499998 0.5573254
vt 0.5374998 0.5573254
vt 0.5249998 0.5573254
vt 0.5624998 0.5573254
vt 0.5124999 0.5573254
vt 0.5749997 0.5573254
vt 0.4999999 0.5573254
vt 0.5874996 0.5573254
vt 0.4874998 0.5573254
vt 0.5999998 0.5573254
vt 0.4749999 0.5573254
vt 0.6124997 0.5573254
vt 0.4624999 0.5573254
vt 0.375 0.5573254
vt 0.4499999 0.5573254
vt 0.3875 0.5573254
vt 0.4374999 0.5573254
vt 0.3999999 0.5573254
vt 0.4249999 0.5573254
vt 0.4125 0.5573254
vt 0.5 0.15
vt 0.6486027 0.1079661
vt 0.626409 0.0644085
vt 0.5918415 0.02984102
vt 0.65625 0.15625
vt 0.5482839 0.007647336
vt 0.6486026 0.2045339
vt 0.5 -7.450581E-08
vt 0.6264089 0.2480915
vt 0.4517161 0.00764735
vt 0.5918415 0.2826589
vt 0.4081585 0.02984105
vt 0.5482839 0.3048526
vt 0.3735911 0.06440853
vt 0.5 0.3125
vt 0.3513974 0.1079661
vt 0.4517161 0.3048526
vt 0.34375 0.15625
vt 0.4081585 0.2826589
vt 0.3513974 0.2045339
vt 0.3735911 0.2480915
vn -0.4012069 0.1247319 -0.9074553
vn -0.1474124 0.9870161 -0.06378848
vn -0.994545 0.08968452 0.05326283
vn 0.18456 0.9700065 0.1581934
vn 0.6604839 0.04489772 0.7494966
vn 0.8772727 0.1158416 -0.4658039
vn 0.03151425 -0.9995034 -4.169343E-07
vn 0.7219446 -0.6509771 -0.2345734
vn 0.02997198 -0.9995034 -0.009738359
vn 0.7590945 -0.6509805 4.098926E-06
vn 0.02997189 -0.9995034 0.009737997
vn 0.9256369 -0.2296562 -0.300756
vn 0.7219416 -0.6509802 0.2345742
vn 0.02549553 -0.9995034 0.01852333
vn 0.9732715 -0.2296573 6.69039E-07
vn 0.9440517 -0.1211499 -0.3067396
vn 0.6141207 -0.6509787 0.4461865
vn 0.01852364 -0.9995034 0.02549532
vn 0.992634 -0.121151 8.355132E-07
vn 0.5405216 0.8227952 -0.1756261
vn 0.9256366 -0.2296584 0.3007553
vn 0.4461883 -0.6509721 0.6141264
vn 0.009738415 -0.9995034 0.0299718
vn 0.5683384 0.8227949 0
vn 0.5346784 0.8270053 -0.1737273
vn 0.9440514 -0.1211525 0.3067394
vn 0.7873935 -0.2296556 0.5720749
vn 0.2345789 -0.6509702 0.7219492
vn 0 -0.9995034 0.03151426
vn 0.5621943 0.8270052 2.283523E-07
vn 0.9403986 0.149291 -0.3055531
vn 0.5720764 -0.2296537 0.787393
vn 0.8030581 -0.1211506 0.5834554
vn 0.5405212 0.8227955 0.1756258
vn 5.664876E-07 -0.6509763 0.7590981
vn -0.009738437 -0.9995034 0.02997189
vn 0.988793 0.1492936 1.899707E-06
vn 0.8329839 -0.4825815 -0.2706525
vn 0.3007573 -0.229654 0.9256371
vn 0.5834548 -0.1211509 0.8030585
vn 0.5346776 0.827006 0.1737265
vn 0.459794 0.8227953 0.3340619
vn -0.2345719 -0.6509771 0.7219451
vn -0.0185235 -0.9995034 0.02549566
vn 0.8758514 -0.4825809 1.468692E-06
vn 0.8762794 -0.3886755 -0.2847204
vn 9.361786E-07 -0.2296529 0.9732726
vn 0.3067407 -0.1211515 0.9440511
vn 0.3340621 0.8227954 0.4597937
vn 0.9403967 0.1492984 0.3055555
vn 0.4548247 0.8270054 0.330449
vn 0.9213754 -0.3886739 1.060594E-06
vn 0.9450604 -0.112115 -0.3070686
vn 0.8329825 -0.4825842 0.2706521
vn 0.7999486 0.1493 0.5811985
vn 0.33045 0.8270048 0.4548249
vn 0.1756278 0.8227946 0.540522
vn 0.9936954 -0.1121131 1.419886E-06
vn 0.9453843 0.10906 -0.3071717
vn 0.8762801 -0.3886747 0.2847193
vn 0.7085774 -0.4825839 0.5148115
vn 0.5812002 0.1492978 0.7999478
vn 0.9940352 0.1090606 1.91196E-06
vn 0.7637256 0.5959415 -0.2481469
vn 0.9450609 -0.1121117 0.307068
vn 0.7454065 -0.3886761 0.5415718
vn 0.8030279 0.5959415 1.473828E-06
vn 0.5732096 0.7979619 -0.186246
vn 0.9453843 0.1090581 0.3071723
vn 0.6027088 0.7979612 9.142299E-07
vn 0.5727996 0.7982874 -0.1861124
vn 0.1737283 0.8270044 0.5346795
vn 0.5148126 -0.4825827 0.7085774
vn 0.8039166 -0.1121131 0.5840794
vn 0.7637254 0.5959408 0.2481491
vn 0.6022771 0.7982872 1.087231E-06
vn 0.7509143 0.6136764 -0.2439857
vn 0.3055581 0.1492927 0.9403967
vn 0.5415708 -0.3886755 0.7454076
vn 0.8041925 0.1090549 0.5842785
vn 0.5732102 0.7979615 0.186246
vn 0.7895569 0.6136773 -1.342479E-06
vn 0.94253 0.1336114 -0.3062437
vn 0.2706547 -0.4825817 0.8329831
vn 0.5840814 -0.1121161 0.8039148
vn 0.6496634 0.5959412 0.4720082
vn 0.5728003 0.798287 0.1861123
vn 0.9910344 0.1336064 2.979486E-06
vn 0.7914063 -0.5545748 -0.2571434
vn 0.2847217 -0.3886746 0.8762794
vn 0.5842796 0.1090538 0.8041919
vn 0.4876005 0.7979619 0.3542634
vn 0.750912 0.6136799 0.2439836
vn 0.8321328 -0.5545765 1.577327E-06
vn 0.8413019 -0.466356 -0.2733555
vn 0.3070699 -0.1121163 0.9450597
vn 0.4720055 0.5959463 0.6496605
vn 0.4872538 0.7982864 0.3540094
vn 0.9425297 0.1336122 0.306244
vn 0.8845968 -0.4663566 1.378077E-06
vn 0.9437601 0.1236341 -0.3066456
vn 0.3071768 0.1090551 0.9453832
vn 0.354263 0.797962 0.4876007
vn 0.6387665 0.6136776 0.4640875
vn 0.7914063 -0.5545754 0.2571425
vn 0.992328 0.1236331 7.29059E-07
vn 0.7697374 0.5873272 -0.2501023
vn 0.2481483 0.5959474 0.7637206
vn 0.3540102 0.7982863 0.4872533
vn 0.8017631 0.1336278 0.5825113
vn 0.8413 -0.46636 0.2733546
vn 0.8093498 0.5873269 0
vn 0.7270294 0.6446895 -0.236228
vn 0.186248 0.7979624 0.5732083
vn 0.4640923 0.6136755 0.6387651
vn 0.6732126 -0.5545714 0.4891167
vn 0.9437599 0.1236278 0.3066487
vn 0.7644439 0.6446902 0
vn 0.8447176 0.4594787 -0.2744661
vn 0.1861147 0.7982867 0.5727997
vn 0.5825149 0.1336277 0.8017604
vn 0.7156507 -0.4663638 0.5199509
vn 0.7697362 0.5873294 0.2501006
vn 0.8881877 0.4594808 0
vn 0.9301342 0.2086046 -0.3022156
vn 0.2439869 0.6136739 0.7509159
vn 0.48912 -0.5545684 0.6732128
vn 0.8028101 0.1236236 0.5832779
vn 0.7270293 0.6446899 0.2362279
vn 0.9779997 0.2086059 0
vn 0.9398851 0.1528323 -0.3053822
vn 0.3062471 0.1336176 0.9425281
vn 0.5199517 -0.4663604 0.7156522
vn 0.654776 0.5873306 0.4757217
vn 0.8447166 0.4594799 0.2744667
vn 0.988252 0.152833 0
vn 0.9422942 -0.1354518 -0.3061608
vn 0.2571452 -0.5545682 0.7914104
vn 0.5832741 0.1236209 0.8028133
vn 0.6184484 0.6446906 0.449328
vn 0.9301341 0.208605 0.302216
vn 0.990784 -0.1354509 0
vn 0.5894087 -0.7848076 -0.1915054
vn 0.2733586 -0.4663566 0.8413005
vn 0.4757238 0.5873255 0.6547792
vn 0.718559 0.4594811 0.5220633
vn 0.939885 0.152832 0.3053825
vn 0.6197395 -0.7848076 -1.458226E-07
vn 0.7922468 -0.5532473 -0.2574149
vn 0.3066457 0.1236184 0.9437621
vn 0.4493311 0.6446902 0.6184466
vn 0.7912192 0.2086051 0.5748532
vn 0.9422941 -0.135452 0.3061612
vn 0.8330134 -0.5532529 0
vn 0.9476067 -0.08510752 -0.3078932
vn 0.2501046 0.5873211 0.7697413
vn 0.5220652 0.4594825 0.7185568
vn 0.7995129 0.1528319 0.5808799
vn 0.5894093 -0.7848073 0.1915051
vn 0.9963714 -0.0851122 0
vn 0.9433485 -0.1270582 -0.3065125
vn 0.2362296 0.6446902 0.7270284
vn 0.5748543 0.2086053 0.7912183
vn 0.8015598 -0.135453 0.5823696
vn 0.792246 -0.5532494 0.2574128
vn 0.9918957 -0.127055 0
vn 0.7656127 -0.5932572 -0.2487629
vn 0.2744695 0.4594832 0.8447139
vn 0.580879 0.1528323 0.7995136
vn 0.5013801 -0.7848078 0.3642728
vn 0.9476058 -0.08510789 0.3078955
vn 0.8050154 -0.5932538 -1.364707E-07
vn 0.3722922 -0.920199 -0.1209643
vn 0.3022226 0.2086062 0.9301316
vn 0.5823649 -0.1354511 0.8015636
vn 0.6739245 -0.5532489 0.4896339
vn 0.9433492 -0.1270562 0.3065112
vn 0.3914492 -0.9201998 0
vn 0.3690189 -0.9216553 -0.1199019
vn 0.3053898 0.152833 0.9398825
vn 0.364271 -0.7848085 0.5013801
vn 0.8060834 -0.08510102 0.5856512
vn 0.7656167 -0.5932511 0.2487655
vn 0.3880086 -0.9216558 0
vn 0.8373052 -0.4742402 -0.2720592
vn 0.306172 -0.1354508 0.9422907
vn 0.4896334 -0.5532525 0.6739219
vn 0.8024611 -0.127055 0.5830207
vn 0.3722906 -0.9201995 0.1209648
vn 0.8803973 -0.4742368 -1.12278E-07
vn 0.8101241 -0.5238439 -0.2632233
vn 0.191511 -0.7848091 0.5894051
vn 0.5856512 -0.08510067 0.8060834
vn 0.6512738 -0.5932482 0.4731797
vn 0.3690168 -0.9216562 0.1199021
vn 0.8518174 -0.5238387 -1.748694E-07
vn 0.5467348 -0.8182447 -0.1776421
vn 0.2574164 -0.5532524 0.7922427
vn 0.583019 -0.1270529 0.8024628
vn 0.3166902 -0.9201992 0.2300886
vn 0.8373073 -0.474236 0.2720602
vn 0.5748731 -0.8182425 -1.78749E-07
vn 0.7864578 -0.5598214 -0.2609293
vn 0.3078979 -0.08510246 0.9476057
vn 0.4731776 -0.593254 0.65127
vn 0.3139037 -0.9216567 0.2280643
vn 0.8101277 -0.5238365 0.2632268
vn 0.8322498 -0.5543904 0.003386611
vn 0.9537357 0.02143805 -0.2998813
vn 0.306514 -0.1270535 0.9433485
vn 0.2300877 -0.9202 0.3166884
vn 0.7122597 -0.4742299 0.5174864
vn 0.5467339 -0.8182451 0.1776426
vn 0.9995787 0.008150497 0.02785825
vn 0.9652889 0.04740049 -0.2568472
vn 0.2487616 -0.593255 0.7656149
vn 0.2280641 -0.9216572 0.3139023
vn 0.6891391 -0.5238347 0.5006841
vn 0.7963247 -0.5467356 0.2587412
vn 0.1209639 -0.9202002 0.3722892
vn 0.5174884 -0.4742289 0.7122589
vn 0.4650756 -0.8182473 0.3378996
vn 0.1199004 -0.921657 0.369015
vn 0.5006897 -0.5238331 0.6891362
vn 0.2720596 -0.4742309 0.8373103
vn 0.9510086 0.010153 0.3089978
vn 0.6752957 -0.5543776 0.4864577
vn 0.3379003 -0.8182454 0.4650783
vn 0.2632254 -0.5238341 0.8101298
vn 0.9942276 0.09305107 0.05341282
vn 0 -0.9202005 0.3914476
vn 0 -0.9216567 0.3880063
vn 0 -0.4742326 0.8803996
vn 0 -0.5932516 0.8050171
vn 0 -0.1270533 0.9918959
vn 0 -0.08510215 0.9963722
vn 0 -0.5532509 0.8330147
vn 0 -0.7848096 0.6197369
vn 0 -0.1354511 0.990784
vn 0 0.1528332 0.988252
vn 0 0.2086068 0.9779995
vn 0 0.4594826 0.8881868
vn 0 0.6446889 0.7644451
vn 0 0.5873202 0.8093547
vn 0 0.1236161 0.9923301
vn 0 -0.4663563 0.8845969
vn 0 -0.5545692 0.8321375
vn 0 0.1336205 0.9910325
vn 0 0.6136757 0.7895582
vn 0 0.798287 0.6022773
vn 0 0.7979627 0.6027068
vn 0 0.595944 0.803026
vn 0 0.1090558 0.9940356
vn 0 -0.112115 0.9936952
vn 0 -0.3886748 0.921375
vn 0 -0.4825794 0.8758522
vn 0 0.1492909 0.9887933
vn 0 0.8270034 0.562197
vn 0 0.8227936 0.5683402
vn 8.194194E-07 -0.1211482 0.9926344
vn -0.3007571 -0.2296526 0.9256375
vn -0.3067395 -0.121146 0.9440522
vn -0.1756264 0.8227943 0.5405226
vn -0.1737285 0.8270043 0.5346797
vn -0.3055581 0.1492923 0.9403967
vn -0.4461866 -0.6509753 0.6141242
vn -0.02549549 -0.9995034 0.01852333
vn -0.5720778 -0.2296483 0.7873937
vn -0.6141276 -0.6509714 0.4461878
vn -0.02997191 -0.9995034 0.009738653
vn -0.583454 -0.1211456 0.80306
vn -0.3340628 0.8227947 0.4597943
vn -0.7219532 -0.6509669 0.2345757
vn -0.03151415 -0.9995034 0
vn -0.7873959 -0.229648 0.5720747
vn -0.7591064 -0.6509665 2.395461E-06
vn -0.02997194 -0.9995034 -0.009738631
vn -0.8030587 -0.121149 0.5834548
vn -0.9256375 -0.2296548 0.3007554
vn -0.3304486 0.8270056 0.4548246
vn -0.7219524 -0.6509681 -0.2345745
vn -0.02549545 -0.9995034 -0.01852334
vn -0.9732713 -0.2296582 -4.13826E-07
vn -0.9440511 -0.1211536 0.3067397
vn -0.459796 0.8227936 0.3340632
vn -0.6141282 -0.6509721 -0.4461858
vn -0.01852356 -0.9995034 -0.02549572
vn -0.9256371 -0.2296554 -0.3007563
vn -0.9926335 -0.1211549 0
vn -0.5405243 0.8227931 0.1756274
vn -0.4548235 0.8270063 0.3304484
vn -0.4461858 -0.6509774 -0.6141226
vn -0.009738337 -0.9995034 -0.02997182
vn -0.7873959 -0.2296488 -0.5720744
vn -0.9440513 -0.1211529 -0.3067397
vn -0.5683408 0.8227933 0
vn -0.2345702 -0.6509817 -0.7219416
vn 0 -0.9995034 -0.03151441
vn -0.5720783 -0.229651 -0.7873924
vn -0.8030592 -0.1211482 -0.5834545
vn -1.727777E-06 -0.6509793 -0.7590955
vn 0.009738333 -0.9995033 -0.02997207
vn -0.3007549 -0.2296601 -0.9256364
vn 0.2345757 -0.6509728 -0.7219479
vn 0.01852361 -0.9995034 -0.02549561
vn -0.5346783 0.8270055 0.1737266
vn -0.5405242 0.8227931 -0.1756275
vn -0.5834568 -0.1211456 -0.8030578
vn -3.148414E-07 -0.2296605 -0.9732708
vn 0.4461906 -0.6509705 -0.6141264
vn 0.02549558 -0.9995034 -0.01852347
vn -0.5621941 0.8270053 0
vn -0.459797 0.8227931 -0.3340632
vn -0.3067403 -0.1211478 -0.9440517
vn 0.3007552 -0.2296553 -0.9256375
vn 0.614127 -0.6509723 -0.4461873
vn 0.02997198 -0.9995034 -0.009738359
vn 0.7219446 -0.6509771 -0.2345734
vn 0.5720776 -0.2296527 -0.7873924
vn 0.7873943 -0.2296542 -0.5720744
vn 0.9256369 -0.2296562 -0.300756
vn 0 -0.1211494 -0.9926342
vn -0.334064 0.8227943 -0.4597943
vn 0.3067399 -0.1211494 -0.9440516
vn 0.8030585 -0.1211504 -0.5834548
vn 0.9440517 -0.1211499 -0.3067396
vn 0.5834558 -0.1211501 -0.8030579
vn -0.1756272 0.8227952 -0.5405213
vn 0.4597941 0.8227956 -0.3340609
vn 0.5405216 0.8227952 -0.1756261
vn 0 0.822795 -0.5683382
vn 0.3340617 0.8227957 -0.4597935
vn 0.1756268 0.8227952 -0.5405212
vn 0.4548249 0.8270056 -0.3304483
vn 0.5346784 0.8270053 -0.1737273
vn 0.3304484 0.8270061 -0.454824
vn 0.1737264 0.8270064 -0.534677
vn 0 0.8270057 -0.5621935
vn -0.1737262 0.8270063 -0.5346773
vn 0.7999493 0.1492966 -0.5811984
vn 0.9403986 0.149291 -0.3055531
vn 0.5811989 0.1493012 -0.799948
vn 0.3055562 0.1492996 -0.9403961
vn 0 0.1492975 -0.9887922
vn 0.7085781 -0.4825818 -0.5148125
vn 0.8329839 -0.4825815 -0.2706525
vn 0.5148115 -0.4825852 -0.7085766
vn 0.2706527 -0.4825872 -0.8329806
vn 0.7454072 -0.388677 -0.5415702
vn 0.8762794 -0.3886755 -0.2847204
vn 0.5415719 -0.3886766 -0.7454062
vn 0.8039157 -0.112116 -0.5840801
vn 0.9450604 -0.112115 -0.3070686
vn -0.3055561 0.1492986 -0.9403963
vn 0 -0.4825856 -0.8758489
vn 0.2847197 -0.3886755 -0.8762797
vn 0.5840811 -0.1121169 -0.803915
vn 0.8041912 0.1090559 -0.5842802
vn 0.9453843 0.10906 -0.3071717
vn -0.2706528 -0.4825853 -0.8329818
vn 0 -0.3886743 -0.9213752
vn 0.3070673 -0.1121147 -0.9450608
vn 0.58428 0.109052 -0.8041919
vn 0.6496643 0.5959438 -0.4720035
vn 0.7637256 0.5959415 -0.2481469
vn -0.2847197 -0.3886759 -0.8762794
vn 0 -0.1121123 -0.9936956
vn 0.3071736 0.1090535 -0.9453843
vn 0.4720061 0.595948 -0.6496586
vn 0.4875998 0.7979624 -0.354263
vn 0.5732096 0.7979619 -0.186246
vn -0.3070677 -0.1121161 -0.9450606
vn -3.073206E-07 0.1090579 -0.9940354
vn 0.2481464 0.5959451 -0.7637229
vn 0.3542631 0.7979629 -0.487599
vn 0.4872527 0.7982867 -0.3540099
vn 0.5727996 0.7982874 -0.1861124
vn -0.30717 0.1090579 -0.9453851
vn -8.998451E-07 0.5959413 -0.803028
vn 0.1862473 0.7979624 -0.5732085
vn 0.3540102 0.7982872 -0.487252
vn 0.6387634 0.6136785 -0.4640904
vn 0.7509143 0.6136764 -0.2439857
vn -0.2481482 0.5959449 -0.7637225
vn -2.179492E-07 0.7979612 -0.6027088
vn 0.1861136 0.7982879 -0.5727984
vn 0.4640869 0.6136806 -0.638764
vn 0.8017598 0.1336249 -0.5825166
vn 0.94253 0.1336114 -0.3062437
vn -0.1862463 0.7979615 -0.5732101
vn 0 0.7982878 -0.6022761
vn 0.2439837 0.6136801 -0.7509118
vn 0.5825137 0.1336285 -0.8017613
vn 0.6732098 -0.5545737 -0.4891182
vn 0.7914063 -0.5545748 -0.2571434
vn -0.1861124 0.7982876 -0.5727994
vn 0 0.6136788 -0.7895557
vn 0.3062473 0.1336213 -0.9425274
vn 0.4891164 -0.5545764 -0.6732088
vn 0.7156515 -0.4663605 -0.5199528
vn 0.8413019 -0.466356 -0.2733555
vn -0.2439841 0.6136814 -0.7509108
vn 0 0.13362 -0.9910325
vn 0.2571435 -0.5545784 -0.7914039
vn 0.5199514 -0.4663633 -0.7156507
vn 0.8028133 0.1236256 -0.5832731
vn 0.9437601 0.1236341 -0.3066456
vn -0.3062444 0.1336242 -0.9425279
vn 0 -0.5545781 -0.8321317
vn 0.2733569 -0.4663618 -0.8412982
vn 0.5832754 0.1236232 -0.802812
vn 0.6547797 0.5873271 -0.4757209
vn 0.7697374 0.5873272 -0.2501023
vn -0.257142 -0.5545789 -0.7914039
vn 0 -0.4663616 -0.8845941
vn 0.3066441 0.1236294 -0.9437612
vn 0.4757247 0.5873247 -0.6547792
vn 0.6184502 0.6446898 -0.4493265
vn 0.7270294 0.6446895 -0.236228
vn -0.2733553 -0.466362 -0.8412986
vn 0 0.123632 -0.9923281
vn 0.2501016 0.5873249 -0.7697394
vn 0.4493305 0.6446888 -0.6184484
vn 0.7185618 0.4594792 -0.5220612
vn 0.8447176 0.4594787 -0.2744661
vn -0.306644 0.1236326 -0.9437609
vn 0 0.5873262 -0.8093504
vn 0.2362261 0.6446882 -0.7270312
vn 0.5220643 0.4594807 -0.7185585
vn 0.7912217 0.2086046 -0.5748499
vn 0.9301342 0.2086046 -0.3022156
vn -0.2501 0.5873267 -0.7697385
vn 0 0.6446881 -0.7644457
vn 0.2744637 0.4594804 -0.8447174
vn 0.5748516 0.2086056 -0.7912202
vn 0.7995162 0.1528322 -0.5808754
vn 0.9398851 0.1528323 -0.3053822
vn -0.2362261 0.6446884 -0.727031
vn 0 0.4594791 -0.8881886
vn 0.3022181 0.2086061 -0.9301332
vn 0.5808769 0.1528326 -0.799515
vn 0.8015641 -0.1354531 -0.5823636
vn 0.9422942 -0.1354518 -0.3061608
vn -0.2744652 0.4594801 -0.844717
vn 0 0.2086062 -0.9779997
vn 0.3053859 0.1528327 -0.9398838
vn 0.5823634 -0.1354514 -0.8015646
vn 0.5013813 -0.7848075 -0.3642719
vn 0.5894087 -0.7848076 -0.1915054
vn -0.3022186 0.2086063 -0.930133
vn 0 0.152833 -0.988252
vn 0.3061685 -0.1354518 -0.9422917
vn 0.364271 -0.7848073 -0.5013823
vn 0.6739268 -0.5532454 -0.4896348
vn 0.7922468 -0.5532473 -0.2574149
vn -0.3053868 0.1528326 -0.9398835
vn 0 -0.1354534 -0.9907837
vn 0.1915097 -0.7848079 -0.589407
vn 0.4896352 -0.5532482 -0.6739241
vn 0.806084 -0.08510087 -0.5856503
vn 0.9476067 -0.08510752 -0.3078932
vn -0.3061696 -0.1354532 -0.9422912
vn 0 -0.784808 -0.6197389
vn 0.2574153 -0.5532484 -0.7922459
vn 0.585651 -0.0851007 -0.8060836
vn 0.8024613 -0.1270563 -0.5830203
vn 0.9433485 -0.1270582 -0.3065125
vn -0.19151 -0.7848067 -0.5894085
vn 0 -0.5532486 -0.8330162
vn 0.3078972 -0.08510566 -0.9476056
vn 0.5830188 -0.1270511 -0.8024631
vn 0.6512654 -0.5932602 -0.4731762
vn 0.7656127 -0.5932572 -0.2487629
vn -0.2574147 -0.55325 -0.792245
vn 0 -0.08510859 -0.9963717
vn 0.3065136 -0.1270461 -0.9433497
vn 0.4731746 -0.5932567 -0.6512698
vn 0.3166912 -0.9201989 -0.2300887
vn 0.3722922 -0.920199 -0.1209643
vn -0.3078965 -0.08510886 -0.9476056
vn 0 -0.1270423 -0.9918972
vn 0.2487621 -0.593247 -0.7656209
vn 0.2300874 -0.9201993 -0.3166905
vn 0.3139055 -0.9216558 -0.2280658
vn 0.3690189 -0.9216553 -0.1199019
vn -0.3065111 -0.1270493 -0.9433501
vn 0 -0.5932418 -0.8050244
vn 0.1209637 -0.9202005 -0.3722887
vn 0.2280642 -0.9216571 -0.3139026
vn 0.7122548 -0.4742424 -0.5174817
vn 0.8373052 -0.4742402 -0.2720592
vn -0.2487618 -0.5932485 -0.7656199
vn 0 -0.9202015 -0.3914452
vn 0.1199002 -0.9216576 -0.3690139
vn 0.5174848 -0.4742388 -0.7122549
vn 0.6891317 -0.523849 -0.5006793
vn 0.8101241 -0.5238439 -0.2632233
vn -0.1209632 -0.9202005 -0.3722889
vn 0 -0.9216574 -0.3880047
vn 0.2720594 -0.4742295 -0.8373112
vn 0.5006841 -0.5238408 -0.6891344
vn 0.4650806 -0.8182451 -0.3378981
vn 0.5467348 -0.8182447 -0.1776421
vn -0.1198999 -0.9216572 -0.3690149
vn 0 -0.4742249 -0.8804037
vn 0.2632256 -0.5238311 -0.8101316
vn 0.3379014 -0.8182439 -0.4650802
vn 0.6733695 -0.5597917 -0.4829149
vn 0.7864578 -0.5598214 -0.2609293
vn -0.27206 -0.4742282 -0.8373117
vn 0 -0.5238268 -0.8518248
vn 0.1776439 -0.8182454 -0.5467331
vn 0.4864692 -0.5543476 -0.6753121
vn 0.8031961 0.0214384 -0.5953287
vn 0.9537357 0.02143805 -0.2998813
vn -0.2632269 -0.5238293 -0.8101324
vn 0 -0.8182458 -0.5748686
vn 0.2587461 -0.546713 -0.7963387
vn 0.5650123 0.008152828 -0.8250422
vn 0.7751852 0.04743352 -0.6299508
vn 0.9652889 0.04740049 -0.2568472
vn 0.5411909 0.09304716 -0.835736
vn 0.3089993 0.0101549 -0.951008
vn 0.003378264 -0.5543616 -0.8322691
vn -0.1776417 -0.8182453 -0.5467341
vn 0.792122 0.1726996 -0.5854208
vn 0.7967274 0.103131 0.5954741
vn 0.7256755 0.1080058 0.679507
vn 0.1984728 0.9786227 -0.05390806
vn 0.3080629 0.07848127 -0.9481234
vn 0.02784235 0.008154458 -0.999579
vn -0.2609203 -0.5597953 -0.7864795
vn 0.1188162 0.9792991 -0.1638775
vn 0.05340018 0.09304727 -0.9942286
vn -0.2998627 0.02142692 -0.9537417
vn 0.06077464 0.9804694 -0.187046
vn -0.2568566 0.04741753 -0.9652856
vn -0.4829066 -0.5598 -0.6733687
vn -0.5953329 0.02142357 -0.8031934
vn -0.6299551 0.0474096 -0.7751832
vn -0.3378994 -0.8182443 -0.4650809
vn -0.5006896 -0.5238347 -0.6891351
vn -0.5174881 -0.4742316 -0.7122573
vn -0.2280648 -0.9216566 -0.3139036
vn -0.2300879 -0.9201995 -0.3166897
vn -0.4731768 -0.5932543 -0.6512705
vn -0.5830203 -0.1270585 -0.8024609
vn -0.5856521 -0.08511271 -0.8060816
vn -0.4896339 -0.5532528 -0.6739213
vn -0.3642771 -0.7848051 -0.5013812
vn -0.5823672 -0.1354513 -0.8015618
vn -0.5808791 0.1528325 -0.7995135
vn -0.5748535 0.208606 -0.7912187
vn -0.5220661 0.4594808 -0.7185572
vn -0.4493302 0.64469 -0.6184474
vn -0.4757215 0.587328 -0.6547786
vn -0.5832746 0.1236293 -0.8028117
vn -0.5199516 -0.4663637 -0.7156502
vn -0.4891155 -0.5545776 -0.6732085
vn -0.5825137 0.1336302 -0.801761
vn -0.4640869 0.6136821 -0.6387625
vn -0.3540096 0.7982873 -0.4872522
vn -0.3542633 0.7979624 -0.4875998
vn -0.472005 0.5959493 -0.6496583
vn -0.5842784 0.1090546 -0.8041926
vn -0.5840794 -0.1121215 -0.8039154
vn -0.5415705 -0.3886781 -0.7454064
vn -0.514811 -0.482583 -0.7085784
vn -0.5811996 0.1492995 -0.7999479
vn -0.3304487 0.8270053 -0.454825
vn -0.4548246 0.8270055 -0.3304489
vn -0.7999477 0.1492999 -0.5811997
vn -0.7085758 -0.4825857 -0.514812
vn -0.745407 -0.3886774 -0.5415701
vn -0.8039154 -0.1121186 -0.58408
vn -0.5346779 0.8270057 -0.173727
vn -0.9403973 0.1492995 -0.3055529
vn -0.8329799 -0.4825888 -0.2706521
vn -0.8762792 -0.3886766 -0.2847201
vn -0.9887922 0.1492978 0
vn -0.875847 -0.4825888 0
vn -0.9403964 0.1492991 0.3055556
vn -0.9450607 -0.1121113 -0.3070689
vn -0.9213741 -0.388677 0
vn -0.8329798 -0.4825895 0.2706513
vn -0.7999466 0.1492996 0.5812013
vn -0.993696 -0.1121084 0
vn -0.8762792 -0.3886766 0.2847196
vn -0.7085742 -0.4825893 0.5148109
vn -0.5812013 0.1492966 0.7999474
vn -0.5148109 -0.4825859 0.7085766
vn -0.2706538 -0.4825823 0.8329831
vn -0.2847208 -0.3886751 0.8762795
vn -0.745406 -0.3886772 0.5415717
vn -0.5415699 -0.3886766 0.7454076
vn -0.3070695 -0.1121158 0.9450599
vn -0.5840796 -0.1121169 0.8039159
vn -0.307173 0.1090533 0.9453847
vn -0.8039158 -0.1121146 0.5840802
vn -0.5842786 0.1090492 0.8041933
vn -0.2481495 0.5959452 0.7637219
vn -0.9450609 -0.1121103 0.3070687
vn -0.8041936 0.10905 0.5842782
vn -0.1862468 0.7979627 0.5732083
vn -0.4720061 0.5959452 0.6496612
vn -0.9453846 0.1090545 0.3071729
vn -0.1861136 0.798287 0.5727997
vn -0.3542621 0.797963 0.4875995
vn -0.649662 0.5959434 0.4720073
vn -0.9940355 0.1090568 0
vn -0.2439886 0.6136754 0.750914
vn -0.7637265 0.5959394 0.2481492
vn -0.3540087 0.7982876 0.4872522
vn -0.4875993 0.7979631 0.3542623
vn -0.945384 0.1090575 -0.3071736
vn -0.3062457 0.1336174 0.9425285
vn -0.8030322 0.5959356 0
vn -0.5732085 0.7979627 0.1862461
vn -0.4872526 0.7982872 0.3540095
vn -0.4640903 0.613677 0.638765
vn -0.8041929 0.1090554 -0.5842779
vn -0.7637257 0.5959411 -0.2481477
vn -0.6496609 0.5959482 -0.4720026
vn -0.6027072 0.7979624 0
vn -0.5728003 0.7982867 0.1861132
vn -0.638764 0.6136754 0.464094
vn -0.4876007 0.7979621 -0.3542627
vn -0.5732092 0.7979621 -0.186247
vn -0.6022779 0.7982866 1.722651E-07
vn -0.4872533 0.7982864 -0.3540101
vn -0.5728008 0.7982862 -0.1861138
vn -0.7509159 0.6136749 0.2439849
vn -0.5825148 0.1336216 0.8017617
vn -0.638763 0.6136771 -0.464093
vn -0.7509159 0.6136746 -0.2439855
vn -0.7895607 0.6136724 -2.130373E-06
vn -0.8017591 0.1336304 0.5825163
vn -0.257145 -0.554568 0.7914106
vn -0.8017584 0.1336324 -0.5825168
vn -0.9425271 0.1336327 -0.3062433
vn -0.9910311 0.1336317 1.297102E-06
vn -0.9425272 0.1336322 0.3062432
vn -0.4891212 -0.5545675 0.6732127
vn -0.273358 -0.4663571 0.8413004
vn -0.673211 -0.5545717 -0.4891186
vn -0.7914101 -0.5545692 -0.2571439
vn -0.8321368 -0.5545704 0
vn -0.6732118 -0.5545689 0.4891209
vn -0.7914096 -0.5545703 0.2571431
vn -0.519949 -0.4663628 0.7156528
vn -0.7156519 -0.4663613 -0.5199513
vn -0.8413002 -0.4663588 -0.2733558
vn -0.8845952 -0.4663597 0
vn -0.7156485 -0.4663659 0.5199519
vn -0.8412987 -0.4663624 0.2733541
vn -0.306646 0.1236173 0.9437621
vn -0.8028132 0.1236241 -0.5832735
vn -0.9437614 0.1236232 -0.3066459
vn -0.9923293 0.1236232 0
vn -0.9437606 0.1236223 0.3066485
vn -0.8028099 0.1236169 0.5832796
vn -0.2501025 0.587322 0.7697412
vn -0.6547775 0.5873282 -0.4757227
vn -0.7697381 0.5873256 -0.2501035
vn -0.8093519 0.5873242 0
vn -0.7697372 0.5873278 0.2501011
vn -0.6184472 0.6446921 -0.4493276
vn -0.7270263 0.6446935 -0.2362269
vn -0.7644406 0.6446942 0
vn -0.7185597 0.4594829 -0.5220607
vn -0.8447139 0.4594863 -0.2744644
vn -0.7912198 0.2086047 -0.5748523
vn -0.6547753 0.5873307 0.4757226
vn -0.7270265 0.6446935 0.2362262
vn -0.8881833 0.4594894 0
vn -0.9301342 0.2086042 -0.3022162
vn -0.7995138 0.1528321 -0.5808786
vn -0.6184467 0.6446917 0.4493287
vn -0.8447135 0.4594872 0.2744642
vn -0.9780001 0.2086045 0
vn -0.9398842 0.1528315 -0.3053851
vn -0.801562 -0.1354497 -0.5823672
vn -0.7185578 0.4594846 0.5220618
vn -0.9301342 0.2086048 0.302216
vn -0.9882523 0.1528312 0
vn -0.9422913 -0.1354522 -0.3061695
vn -0.5013794 -0.7848074 -0.3642747
vn -0.7912199 0.2086052 0.5748521
vn -0.9398844 0.1528314 0.305385
vn -0.9907835 -0.1354548 0
vn -0.5894054 -0.7848085 -0.1915118
vn -0.6739179 -0.5532549 -0.4896362
vn -0.7995142 0.1528318 0.5808783
vn -0.9422911 -0.1354523 0.30617
vn -0.6197409 -0.7848065 1.458231E-07
vn -0.7922424 -0.5532519 -0.2574187
vn -0.8060803 -0.0851111 -0.5856541
vn -0.8015621 -0.1354486 0.5823675
vn -0.589406 -0.7848081 0.1915117
vn -0.8330158 -0.5532491 0
vn -0.9476069 -0.08510569 -0.3078932
vn -0.8024598 -0.1270599 -0.5830215
vn -0.5013797 -0.7848071 0.3642752
vn -0.7922419 -0.5532534 0.2574168
vn -0.996372 -0.0851051 0
vn -0.9433483 -0.1270552 -0.3065141
vn -0.6512708 -0.5932528 -0.4731781
vn -0.6739168 -0.5532566 0.4896358
vn -0.9476061 -0.08510549 0.3078955
vn -0.9918961 -0.1270514 0
vn -0.765615 -0.5932549 -0.2487618
vn -0.3166906 -0.9201992 -0.2300883
vn -0.8060796 -0.08511101 0.585655
vn -0.9433489 -0.1270552 0.3065121
vn -0.8050131 -0.5932571 0
vn -0.372291 -0.9201995 -0.1209646
vn -0.3139038 -0.9216566 -0.2280646
vn -0.802459 -0.12706 0.5830225
vn -0.7656129 -0.593257 0.2487629
vn -0.3914479 -0.9202002 0
vn -0.3690152 -0.9216568 -0.1199016
vn -0.7122595 -0.4742284 -0.5174878
vn -0.6512691 -0.593254 0.4731788
vn -0.3722906 -0.9201996 0.1209647
vn -0.3880066 -0.9216565 0
vn -0.8373113 -0.4742286 -0.2720608
vn -0.689138 -0.5238301 -0.5006903
vn -0.3166897 -0.9201995 0.2300881
vn -0.3690153 -0.9216568 0.1199016
vn -0.8803996 -0.4742324 0
vn -0.8101349 -0.523824 -0.2632296
vn -0.4650754 -0.8182485 -0.3378969
vn -0.3139031 -0.9216569 0.2280644
vn -0.837312 -0.4742275 0.2720606
vn -0.8518283 -0.5238211 0
vn -0.5467282 -0.8182491 -0.1776421
vn -0.6752957 -0.5543782 -0.4864572
vn -0.7122611 -0.4742234 0.5174902
vn -0.8101349 -0.5238238 0.2632301
vn -0.5748693 -0.8182453 1.911824E-07
vn -0.7963265 -0.546733 -0.2587413
vn -0.8250445 0.008151826 -0.5650089
vn -0.6891392 -0.5238292 0.5006896
vn -0.5467289 -0.8182489 0.1776413
vn -0.8322624 -0.5543717 -0.003379353
vn -0.9510081 0.01015479 -0.3089989
vn -0.8357381 0.09305158 -0.5411869
vn -0.465073 -0.8182499 0.3378968
vn -0.7864631 -0.5598227 0.2609102
vn -0.9995789 0.008152229 -0.02784723
vn -0.9481235 0.07848307 -0.3080621
vn -0.5854071 0.1726981 -0.7921325
vn 0.5955183 0.1030811 -0.7967009
vn 0.6795105 0.1079712 -0.7256773
vn -0.05390645 0.978623 -0.1984714
vn -0.6733524 -0.5598384 0.4828848
vn -0.9537369 0.02144571 0.2998769
vn -0.9942282 0.0930495 -0.05340349
vn -0.1638765 0.9792992 -0.1188173
vn -0.8032027 0.02144595 0.5953196
vn -0.9652843 0.04743446 0.2568586
vn -0.1870445 0.9804698 -0.06077434
vn -0.7751762 0.04740945 0.6299636
vn 0.1101825 0.9909229 0.07701731
vn 0.1268378 0.991067 0.04121186
vn 0.1567539 0.9870158 0.03504135
vn 0.6795105 0.1079712 -0.7256773
vn 0.8578861 0.1250143 -0.4984002
vn 0.773314 0.09011869 0.6275858
vn 0.8068138 0.09200268 0.5835983
vn 0.9471788 0.09021461 0.3077555
vn 0.1344087 0.9909229 0.002454971
vn 0.9957566 0.09200228 0.002092921
vn -0.2024175 0.9792992 -0.0001989241
vn -0.9392067 0.1726942 0.2967618
vn -0.1602728 0.9786228 0.1288793
vn 0.1232222 0.1079555 0.9864897
vn 0.01367497 0.1030003 0.9945873
vn -0.2869331 0.9195842 0.2683922
vn 0.999995 0.002272136 0.00222294
vn 0.9957566 0.09200228 0.002092921
vn 0.9510548 0.002130615 0.3090153
vn 0.9471788 0.09021461 0.3077555
vn 0.8068138 0.09200268 0.5835983
vn 0.810319 0.002270611 0.5859846
vn 0.810319 0.002270611 0.5859846
vn 0.773314 0.09011869 0.6275858
vn 0.6604839 0.04489772 0.7494966
vn 0.810319 0.002270611 0.5859846
vn 0.951057 0 0.3090156
vn 0.8156279 0.001587069 0.5785746
vn 0.6604839 0.04489772 0.7494966
vn 0.5975906 0.004823278 0.8017869
vn 0.9999344 0.001582879 0.01133866
vn 0.999995 0.002272136 0.00222294
vn 0.9548663 0.004819916 -0.2969968
vn 0.975005 0.0450424 -0.2175693
vn 0.9945071 0.09011893 -0.0532373
vn 0.9957566 0.09200228 0.002092921
vn 0.999995 0.002272136 0.00222294
vn -0.1602728 0.9786228 0.1288793
vn 0.401088 0.1250003 0.9074709
vn 0.1232222 0.1079555 0.9864897
vn 0.1474139 0.9870158 0.06378857
vn -0.2024175 0.9792992 -0.0001989241
vn 0.9945071 0.09011893 -0.0532373
vn 0.1344087 0.9909229 0.002454971
vn 0.9957566 0.09200228 0.002092921
vn -0.1288811 0.9786225 -0.1602735
vn -0.9074703 0.1250828 0.4010636
vn -0.9864898 0.1080155 0.1231687
vn -0.06379102 0.987016 0.147412
vn 0.0001997717 0.9792991 -0.2024183
vn -0.2967303 0.1726945 -0.9392166
vn -0.9864898 0.1080155 0.1231687
vn -0.9945727 0.1031909 0.01329498
vn -0.2684582 0.9187868 -0.2894152
vn -0.002456664 0.990923 0.1344084
vn -0.04121291 0.991067 0.126837
vn -0.07701632 0.9909229 0.1101833
vn -0.03503945 0.9870156 0.156756
vn 0.7256755 0.1080058 0.679507
vn 0.4984266 0.1250734 0.8578622
vn -0.6276015 0.09022574 0.7732888
vn 0.4984266 0.1250734 0.8578622
vn -0.583618 0.09214667 0.806783
vn -0.3077509 0.09038372 0.9471643
vn -0.002056264 0.09214883 0.9957431
vn -0.5859812 0.002270325 0.8103215
vn -0.7491127 0.04505694 0.6609085
vn 0.4659196 0.1157249 0.8772268
vn -0.1582621 0.9693514 0.1879123
vn -0.5785323 0.001586696 0.8156579
vn -0.8014476 0.004831759 0.5980456
vn 0.05317175 0.0902293 0.9945006
vn -0.9074703 0.1250828 0.4010636
vn 0.2180203 0.04493911 0.9749091
vn -0.002224342 0.002272163 0.999995
vn -0.892576 0.1157799 0.4357787
vn -0.9074703 0.1250828 0.4010636
vn 0.2180203 0.04493911 0.9749091
vn -0.002224342 0.002272163 0.999995
vn 0.2971868 0.004819943 0.9548072
vn -0.01138579 0.001585594 0.999934
vn -0.3090161 0.00212968 0.9510544
vn -0.3090163 0 0.9510568
vn -0.5859812 0.002270325 0.8103215
vn -0.583618 0.09214667 0.806783
vn -0.3077509 0.09038372 0.9471643
vn -0.002056264 0.09214883 0.9957431
vn 0.1602742 0.9786224 -0.1288816
vn -0.4012069 0.1247319 -0.9074553
vn -0.1233011 0.1077845 -0.9864985
vn -0.1474124 0.9870161 -0.06378848
vn 0.2024199 0.9792988 0.0001987108
vn -0.1344082 0.990923 -0.002454912
vn -0.9958072 0.09144954 -0.002248667
vn -0.994545 0.08968452 0.05326283
vn -0.7751762 0.04740945 0.6299636
vn -0.9652843 0.04743446 0.2568586
vn -0.2869331 0.9195842 0.2683922
vn -0.3845186 0.9199598 0.07628409
vn 0.01367497 0.1030003 0.9945873
vn 0.4360084 0.1157678 0.8924654
vn 0.2453673 0.9692563 -0.01835899
vn -0.2869331 0.9195842 0.2683922
vn 0.1616009 0.9694719 -0.1844159
vn -0.3845186 0.9199598 0.07628409
vn -0.4650958 0.1159983 -0.8776276
vn 0.7494107 0.04488251 -0.6605824
vn -0.7961676 0.1025688 -0.5963194
vn -0.7751762 0.04740945 0.6299636
vn -0.6299551 0.0474096 -0.7751832
vn -0.2568566 0.04741753 -0.9652856
vn -0.2684582 0.9187868 -0.2894152
vn -0.07682613 0.9188815 -0.3869813
vn 0.5955183 0.1030811 -0.7967009
vn 0.8772727 0.1158416 -0.4658039
vn 0.18456 0.9700065 0.1581934
vn 0.0184938 0.9699513 0.2425951
vn -0.9945727 0.1031909 0.01329498
vn -0.892576 0.1157799 0.4357787
vn 0.2180203 0.04493911 0.9749091
vn 0.6604839 0.04489772 0.7494966
vn 0.7751852 0.04743352 -0.6299508
vn 0.9652889 0.04740049 -0.2568472
vn 0.2882635 0.9198227 -0.2661396
vn 0.3863481 0.9193487 -0.07438575
vn -0.01442671 0.1025811 -0.99462
vn -0.2435701 0.9696204 0.02257703
vn 0.2882635 0.9198227 -0.2661396
vn -0.4366367 0.1160079 -0.8921269
vn -0.9748925 0.04485795 0.2181108
vn -0.7491127 0.04505694 0.6609085
vn -0.1582621 0.9693514 0.1879123
vn -0.2435701 0.9696204 0.02257703
vn 0.2882635 0.9198227 -0.2661396
vn 0.3863481 0.9193487 -0.07438575
vn 0.4659196 0.1157249 0.8772268
vn 0.7967274 0.103131 0.5954741
vn 0.7751852 0.04743352 -0.6299508
vn 0.629956 0.04741545 0.7751821
vn 0.2568544 0.0474133 0.9652864
vn 0.2678526 0.9193666 0.2881319
vn 0.07566631 0.9193676 0.3860541
vn -0.5958482 0.1032512 0.7964321
vn -0.8761612 0.1167164 0.467674
vn -0.6796739 0.107844 0.7255433
vn -0.1849788 0.9700199 -0.1576205
vn -0.0187935 0.9700197 -0.2422988
vn 0.9945574 0.1032565 -0.01392236
vn -0.8570514 0.1251663 0.4997963
vn -0.6597733 0.04382287 -0.7501858
vn -0.7723606 0.09080657 -0.62866
vn -0.2191042 0.04382373 -0.9747168
vn -0.1567499 0.9870197 -0.03495361
vn -0.7723606 0.09080657 -0.62866
vn 0.05388516 0.9786258 0.198464
vn 0.8933548 0.11672 -0.4339282
vn -0.05460833 0.09080675 -0.9943702
vn 0.9081104 0.125163 -0.3995869
vn 0.9864801 0.1078415 -0.1233993
vn 0.1288878 0.9786259 0.1602475
vn -0.1100815 0.9909346 -0.07701204
vn -0.8066034 0.0919406 -0.583899
vn 0.06385856 0.9870197 -0.1473576
vn -0.05460833 0.09080675 -0.9943702
vn 0.001726921 0.0919387 -0.9957631
vn -0.2191042 0.04382373 -0.9747168
vn 0.001504175 0.002217355 -0.9999964
vn -0.2977445 0.001745636 -0.954644
vn 0.01021513 0.0004750906 -0.9999478
vn 0.3090229 0.002132571 -0.9510522
vn 0.3090128 0 -0.9510579
vn 0.3077873 0.08957835 -0.947229
vn 0.002398659 0.9909344 -0.1343249
vn -0.0001995686 0.9793018 0.2024058
vn 0.5859689 0.002271616 -0.8103304
vn 0.5787058 0.001608217 -0.8155349
vn 0.583503 0.09144734 -0.8069459
vn 0.7494107 0.04488251 -0.6605824
vn 0.8020789 0.004855593 -0.5971984
vn 0.6276801 0.08968414 -0.7732881
vn 0.04120592 0.9910706 -0.1268107
vn 0.07701766 0.9909229 -0.1101821
vn -0.06077473 0.9804696 0.1870445
vn 0.2967555 0.1726896 0.9392094
vn 0.9864801 0.1078415 -0.1233993
vn -0.05340177 0.09304939 0.9942284
vn 0.2568544 0.0474133 0.9652864
vn 0.9945574 0.1032565 -0.01392236
vn 0.2678526 0.9193666 0.2881319
vn -0.118818 0.9792991 0.1638764
vn 0.03504048 0.9870156 -0.1567557
vn -0.4983311 0.1247304 -0.8579676
vn -0.7256148 0.1077832 -0.6796072
vn -0.1984736 0.9786226 0.05390871
vn -0.3080634 0.07848267 0.9481231
vn -0.5411794 0.09305356 0.8357428
vn -0.7921618 0.1726398 0.5853846
vn -0.7256148 0.1077832 -0.6796072
vn -0.7961676 0.1025688 -0.5963194
vn -0.5649995 0.008152033 0.825051
vn -0.3090008 0.01015422 0.9510075
vn -0.4864443 -0.5543927 0.6752931
vn -0.02784734 0.00815101 0.999579
vn -0.3378994 -0.8182444 0.4650808
vn -0.2587457 -0.5467249 0.7963307
vn 0.2998689 0.02143083 0.9537397
vn 0.629956 0.04741545 0.7751821
vn -0.5006924 -0.5238306 0.6891362
vn -0.003378617 -0.5543664 0.8322659
vn -0.1776436 -0.8182442 0.5467349
vn -0.5174887 -0.4742273 0.7122597
vn -0.2632257 -0.5238308 0.8101318
vn 0 -0.8182465 0.5748675
vn 0.2609247 -0.5598028 0.7864727
vn -0.2280643 -0.921657 0.3139029
vn -0.2720583 -0.4742317 0.8373103
vn 0 -0.5238329 0.8518211
vn -0.2300879 -0.9201998 0.316689
vn -0.1198997 -0.921657 0.3690156
vn -0.4731765 -0.5932567 0.6512684
vn 0.5953304 0.02143138 0.8031952
vn 0.1776456 -0.8182458 0.5467321
vn 0.4829079 -0.5598027 0.6733653
vn -0.1209634 -0.9202002 0.3722897
vn 0.8250434 0.008150782 0.5650105
vn -0.2487614 -0.5932562 0.765614
vn 0.8357374 0.09305047 0.5411882
vn 0.9481242 0.0784824 0.30806
vn -0.5830202 -0.1270603 0.8024606
vn -0.3065115 -0.1270567 0.9433489
vn -0.5856521 -0.08511265 0.8060816
vn -0.3078971 -0.08510555 0.9476057
vn -0.4896338 -0.5532528 0.6739213
vn -0.2574154 -0.5532514 0.7922438
vn -0.3642771 -0.7848051 0.5013811
vn -0.19151 -0.7848073 0.5894076
vn -0.5823689 -0.135449 0.8015611
vn -0.306169 -0.1354502 0.9422917
vn -0.5808805 0.1528321 0.7995126
vn -0.3053871 0.1528325 0.9398835
vn -0.5748547 0.2086054 0.791218
vn -0.30222 0.2086059 0.9301326
vn -0.5220645 0.4594831 0.7185568
vn -0.2744688 0.4594831 0.8447143
vn -0.4493301 0.6446901 0.6184474
vn -0.2362283 0.6446896 0.7270293
vn -0.4757222 0.5873267 0.6547791
vn -0.5832753 0.1236156 0.8028132
vn 0.7494107 0.04488251 -0.6605824
vn 0.6276801 0.08968414 -0.7732881
vn -0.4983311 0.1247304 -0.8579676
vn -0.4650958 0.1159983 -0.8776276
vn -0.7256148 0.1077832 -0.6796072
vn -0.7961676 0.1025688 -0.5963194
vn 0.4360084 0.1157678 0.8924654
vn 0.9945071 0.09011893 -0.0532373
vn 0.975005 0.0450424 -0.2175693
vn 0.401088 0.1250003 0.9074709
vn 0.01367497 0.1030003 0.9945873
vn 0.1232222 0.1079555 0.9864897
vn -0.994545 0.08968452 0.05326283
vn -0.9748925 0.04485795 0.2181108
vn -0.4366367 0.1160079 -0.8921269
vn -0.4012069 0.1247319 -0.9074553
vn -0.01442671 0.1025811 -0.99462
vn -0.1233011 0.1077845 -0.9864985
vn -0.1344082 0.990923 -0.002454912
vn -0.9472378 0.0895813 -0.3077593
vn -0.9958072 0.09144954 -0.002248667
vn -0.1268132 0.9910706 -0.04120059
vn 0.1870456 0.9804694 0.06077483
vn 0.2024199 0.9792988 0.0001987108
vn -0.9510577 0.002134598 -0.3090058
vn -0.8098985 0.002216732 -0.5865659
vn 0.1638686 0.9793011 0.1188122
vn 0.5854133 0.1726791 0.7921321
vn -0.6796739 0.107844 0.7255433
vn -0.5958482 0.1032512 0.7964321
vn -0.7723606 0.09080657 -0.62866
vn -0.8098985 0.002216732 -0.5865659
vn -0.6597733 0.04382287 -0.7501858
vn -0.8149805 0.000476759 -0.5794883
vn -0.5973114 0.001747551 -0.8020075
vn -0.9510567 0 -0.3090165
vn -0.9999362 0.001611431 -0.01117853
vn -0.9999949 0.002274705 -0.002243925
vn -0.9545686 0.004868488 0.2979517
vn -0.9748925 0.04485795 0.2181108
vn -0.9958072 0.09144954 -0.002248667
vn -0.994545 0.08968452 0.05326283
vn -0.9472378 0.0895813 -0.3077593
vn -0.9999949 0.002274705 -0.002243925
vn -0.9958072 0.09144954 -0.002248667
vn 0.6604839 0.04489772 0.7494966
vn 0.773314 0.09011869 0.6275858
vn 0.8578861 0.1250143 -0.4984002
vn 0.8772727 0.1158416 -0.4658039
vn 0.6795105 0.1079712 -0.7256773
vn 0.5955183 0.1030811 -0.7967009
vn 0.1616009 0.9694719 -0.1844159
vn 0.975005 0.0450424 -0.2175693
vn 0.7494107 0.04488251 -0.6605824
vn 0.2453673 0.9692563 -0.01835899
vn 0.4360084 0.1157678 0.8924654
vn -0.9945727 0.1031909 0.01329498
vn -0.9864898 0.1080155 0.1231687
vn -0.9074703 0.1250828 0.4010636
vn -0.892576 0.1157799 0.4357787
vn 0.4659196 0.1157249 0.8772268
vn 0.4984266 0.1250734 0.8578622
vn 0.7256755 0.1080058 0.679507
vn 0.7967274 0.103131 0.5954741
vn -0.5973114 0.001747551 -0.8020075
vn -0.6597733 0.04382287 -0.7501858
vn -0.2191042 0.04382373 -0.9747168
vn -0.2977445 0.001745636 -0.954644
vn 0.2180203 0.04493911 0.9749091
vn 0.2971868 0.004819943 0.9548072
vn 0.5975906 0.004823278 0.8017869
vn 0.6604839 0.04489772 0.7494966
vn -0.9748925 0.04485795 0.2181108
vn -0.9545686 0.004868488 0.2979517
vn -0.8014476 0.004831759 0.5980456
vn -0.7491127 0.04505694 0.6609085
vn 0.975005 0.0450424 -0.2175693
vn 0.9548663 0.004819916 -0.2969968
vn 0.8020789 0.004855593 -0.5971984
vn 0.7494107 0.04488251 -0.6605824
vn -0.01442671 0.1025811 -0.99462
vn 0.2882635 0.9198227 -0.2661396
vn -0.1233011 0.1077845 -0.9864985
vn 0.9392042 0.1726427 -0.2967997
vn 0.1602742 0.9786224 -0.1288816
vn 0.2024199 0.9792988 0.0001987108
vn 0 1 0
vn 0 1 0
vn 0 1 0
vn 0 1 0
vn 0 1 0
vn 0 1 5.472072E-07
vn 0 1 0
vn 0 1 5.472057E-07
vn 0 1 0
vn 0 1 0
vn 0 1 0
vn 0 1 -5.472069E-07
vn 0 1 0
vn 0 1 -5.472082E-07
vn 0 1 0
vn 0 1 0
vn 0 1 0
vn 0 1 0
vn 0 1 0
vn 0 1 0
vn 0 1 0
vn 0 -1 0
vn 0.02997198 -0.9995034 -0.009738359
vn 0.02549558 -0.9995034 -0.01852347
vn 0.01852361 -0.9995034 -0.02549561
vn 0.03151425 -0.9995034 -4.169343E-07
vn 0.009738333 -0.9995033 -0.02997207
vn 0.02997189 -0.9995034 0.009737997
vn 0 -0.9995034 -0.03151441
vn 0.02549553 -0.9995034 0.01852333
vn -0.009738337 -0.9995034 -0.02997182
vn 0.01852364 -0.9995034 0.02549532
vn -0.01852356 -0.9995034 -0.02549572
vn 0.009738415 -0.9995034 0.0299718
vn -0.02549545 -0.9995034 -0.01852334
vn 0 -0.9995034 0.03151426
vn -0.02997194 -0.9995034 -0.009738631
vn -0.009738437 -0.9995034 0.02997189
vn -0.03151415 -0.9995034 0
vn -0.0185235 -0.9995034 0.02549566
vn -0.02997191 -0.9995034 0.009738653
vn -0.02549549 -0.9995034 0.01852333
g Chess_Piece_Rook_Common_Prop_0
f 3/3/3 2/2/2 1/1/1
f 6/6/6 5/5/5 4/4/4
f 9/9/9 8/8/8 7/7/7
f 8/8/8 10/10/10 7/7/7
f 7/7/7 10/10/10 11/11/11
f 8/8/8 12/12/12 10/10/10
f 10/10/10 13/13/13 11/11/11
f 11/11/11 13/13/13 14/14/14
f 12/12/12 15/15/15 10/10/10
f 10/10/10 15/15/15 13/13/13
f 12/12/12 16/16/16 15/15/15
f 13/13/13 17/17/17 14/14/14
f 14/14/14 17/17/17 18/18/18
f 16/16/16 19/19/19 15/15/15
f 16/16/16 20/20/20 19/19/19
f 15/15/15 21/21/21 13/13/13
f 13/13/13 21/21/21 17/17/17
f 15/15/15 19/19/19 21/21/21
f 17/17/17 22/22/22 18/18/18
f 18/18/18 22/22/22 23/23/23
f 20/20/20 24/24/24 19/19/19
f 20/20/20 25/25/25 24/24/24
f 19/19/19 26/26/26 21/21/21
f 19/19/19 24/24/24 26/26/26
f 21/21/21 27/27/27 17/17/17
f 17/17/17 27/27/27 22/22/22
f 21/21/21 26/26/26 27/27/27
f 22/22/22 28/28/28 23/23/23
f 23/23/23 28/28/28 29/29/29
f 25/25/25 30/30/30 24/24/24
f 25/25/25 31/31/31 30/30/30
f 27/27/27 32/32/32 22/22/22
f 22/22/22 32/32/32 28/28/28
f 26/26/26 33/33/33 27/27/27
f 27/27/27 33/33/33 32/32/32
f 24/24/24 34/34/34 26/26/26
f 24/24/24 30/30/30 34/34/34
f 26/26/26 34/34/34 33/33/33
f 28/28/28 35/35/35 29/29/29
f 29/29/29 35/35/35 36/36/36
f 31/31/31 37/37/37 30/30/30
f 31/31/31 38/38/38 37/37/37
f 32/32/32 39/39/39 28/28/28
f 28/28/28 39/39/39 35/35/35
f 33/33/33 40/40/40 32/32/32
f 32/32/32 40/40/40 39/39/39
f 30/30/30 41/41/41 34/34/34
f 30/30/30 37/37/37 41/41/41
f 34/34/34 42/42/42 33/33/33
f 33/33/33 42/42/42 40/40/40
f 34/34/34 41/41/41 42/42/42
f 35/35/35 43/43/43 36/36/36
f 36/36/36 43/43/43 44/44/44
f 38/38/38 45/45/45 37/37/37
f 38/38/38 46/46/46 45/45/45
f 39/39/39 47/47/47 35/35/35
f 35/35/35 47/47/47 43/43/43
f 40/40/40 48/48/48 39/39/39
f 39/39/39 48/48/48 47/47/47
f 42/42/42 49/49/49 40/40/40
f 40/40/40 49/49/49 48/48/48
f 37/37/37 50/50/50 41/41/41
f 37/37/37 45/45/45 50/50/50
f 41/41/41 51/51/51 42/42/42
f 42/42/42 51/51/51 49/49/49
f 41/41/41 50/50/50 51/51/51
f 46/46/46 52/52/52 45/45/45
f 46/46/46 53/53/53 52/52/52
f 45/45/45 54/54/54 50/50/50
f 45/45/45 52/52/52 54/54/54
f 50/50/50 55/55/55 51/51/51
f 50/50/50 54/54/54 55/55/55
f 51/51/51 56/56/56 49/49/49
f 51/51/51 55/55/55 56/56/56
f 49/49/49 57/57/57 48/48/48
f 49/49/49 56/56/56 57/57/57
f 53/53/53 58/58/58 52/52/52
f 53/53/53 59/59/59 58/58/58
f 52/52/52 60/60/60 54/54/54
f 52/52/52 58/58/58 60/60/60
f 54/54/54 61/61/61 55/55/55
f 54/54/54 60/60/60 61/61/61
f 55/55/55 62/62/62 56/56/56
f 55/55/55 61/61/61 62/62/62
f 59/59/59 63/63/63 58/58/58
f 59/59/59 64/64/64 63/63/63
f 58/58/58 65/65/65 60/60/60
f 58/58/58 63/63/63 65/65/65
f 60/60/60 66/66/66 61/61/61
f 60/60/60 65/65/65 66/66/66
f 64/64/64 67/67/67 63/63/63
f 64/64/64 68/68/68 67/67/67
f 63/63/63 69/69/69 65/65/65
f 63/63/63 67/67/67 69/69/69
f 68/68/68 70/70/70 67/67/67
f 68/68/68 71/71/71 70/70/70
f 56/56/56 62/62/62 72/72/72
f 56/56/56 72/72/72 57/57/57
f 61/61/61 73/73/73 62/62/62
f 61/61/61 66/66/66 73/73/73
f 65/65/65 74/74/74 66/66/66
f 65/65/65 69/69/69 74/74/74
f 67/67/67 75/75/75 69/69/69
f 67/67/67 70/70/70 75/75/75
f 71/71/71 76/76/76 70/70/70
f 71/71/71 77/77/77 76/76/76
f 62/62/62 78/78/78 72/72/72
f 62/62/62 73/73/73 78/78/78
f 66/66/66 79/79/79 73/73/73
f 66/66/66 74/74/74 79/79/79
f 69/69/69 80/80/80 74/74/74
f 69/69/69 75/75/75 80/80/80
f 70/70/70 81/81/81 75/75/75
f 70/70/70 76/76/76 81/81/81
f 77/77/77 82/82/82 76/76/76
f 77/77/77 83/83/83 82/82/82
f 73/73/73 84/84/84 78/78/78
f 73/73/73 79/79/79 84/84/84
f 74/74/74 85/85/85 79/79/79
f 74/74/74 80/80/80 85/85/85
f 75/75/75 86/86/86 80/80/80
f 75/75/75 81/81/81 86/86/86
f 76/76/76 87/87/87 81/81/81
f 76/76/76 82/82/82 87/87/87
f 83/83/83 88/88/88 82/82/82
f 83/83/83 89/89/89 88/88/88
f 79/79/79 90/90/90 84/84/84
f 79/79/79 85/85/85 90/90/90
f 80/80/80 91/91/91 85/85/85
f 80/80/80 86/86/86 91/91/91
f 81/81/81 92/92/92 86/86/86
f 81/81/81 87/87/87 92/92/92
f 82/82/82 93/93/93 87/87/87
f 82/82/82 88/88/88 93/93/93
f 89/89/89 94/94/94 88/88/88
f 89/89/89 95/95/95 94/94/94
f 85/85/85 96/96/96 90/90/90
f 85/85/85 91/91/91 96/96/96
f 86/86/86 97/97/97 91/91/91
f 86/86/86 92/92/92 97/97/97
f 87/87/87 98/98/98 92/92/92
f 87/87/87 93/93/93 98/98/98
f 88/88/88 99/99/99 93/93/93
f 88/88/88 94/94/94 99/99/99
f 95/95/95 100/100/100 94/94/94
f 95/95/95 101/101/101 100/100/100
f 91/91/91 102/102/102 96/96/96
f 91/91/91 97/97/97 102/102/102
f 92/92/92 103/103/103 97/97/97
f 92/92/92 98/98/98 103/103/103
f 93/93/93 104/104/104 98/98/98
f 93/93/93 99/99/99 104/104/104
f 94/94/94 105/105/105 99/99/99
f 94/94/94 100/100/100 105/105/105
f 101/101/101 106/106/106 100/100/100
f 101/101/101 107/107/107 106/106/106
f 97/97/97 108/108/108 102/102/102
f 97/97/97 103/103/103 108/108/108
f 98/98/98 109/109/109 103/103/103
f 98/98/98 104/104/104 109/109/109
f 99/99/99 110/110/110 104/104/104
f 99/99/99 105/105/105 110/110/110
f 100/100/100 111/111/111 105/105/105
f 100/100/100 106/106/106 111/111/111
f 107/107/107 112/112/112 106/106/106
f 107/107/107 113/113/113 112/112/112
f 103/103/103 114/114/114 108/108/108
f 103/103/103 109/109/109 114/114/114
f 104/104/104 115/115/115 109/109/109
f 104/104/104 110/110/110 115/115/115
f 105/105/105 116/116/116 110/110/110
f 105/105/105 111/111/111 116/116/116
f 106/106/106 117/117/117 111/111/111
f 106/106/106 112/112/112 117/117/117
f 113/113/113 118/118/118 112/112/112
f 113/113/113 119/119/119 118/118/118
f 109/109/109 120/120/120 114/114/114
f 109/109/109 115/115/115 120/120/120
f 110/110/110 121/121/121 115/115/115
f 110/110/110 116/116/116 121/121/121
f 111/111/111 122/122/122 116/116/116
f 111/111/111 117/117/117 122/122/122
f 112/112/112 123/123/123 117/117/117
f 112/112/112 118/118/118 123/123/123
f 119/119/119 124/124/124 118/118/118
f 119/119/119 125/125/125 124/124/124
f 115/115/115 126/126/126 120/120/120
f 115/115/115 121/121/121 126/126/126
f 116/116/116 127/127/127 121/121/121
f 116/116/116 122/122/122 127/127/127
f 117/117/117 128/128/128 122/122/122
f 117/117/117 123/123/123 128/128/128
f 118/118/118 129/129/129 123/123/123
f 118/118/118 124/124/124 129/129/129
f 125/125/125 130/130/130 124/124/124
f 125/125/125 131/131/131 130/130/130
f 121/121/121 132/132/132 126/126/126
f 121/121/121 127/127/127 132/132/132
f 122/122/122 133/133/133 127/127/127
f 122/122/122 128/128/128 133/133/133
f 123/123/123 134/134/134 128/128/128
f 123/123/123 129/129/129 134/134/134
f 124/124/124 135/135/135 129/129/129
f 124/124/124 130/130/130 135/135/135
f 131/131/131 136/136/136 130/130/130
f 131/131/131 137/137/137 136/136/136
f 127/127/127 138/138/138 132/132/132
f 127/127/127 133/133/133 138/138/138
f 128/128/128 139/139/139 133/133/133
f 128/128/128 134/134/134 139/139/139
f 129/129/129 140/140/140 134/134/134
f 129/129/129 135/135/135 140/140/140
f 130/130/130 141/141/141 135/135/135
f 130/130/130 136/136/136 141/141/141
f 137/137/137 142/142/142 136/136/136
f 137/137/137 143/143/143 142/142/142
f 133/133/133 144/144/144 138/138/138
f 133/133/133 139/139/139 144/144/144
f 134/134/134 145/145/145 139/139/139
f 134/134/134 140/140/140 145/145/145
f 135/135/135 146/146/146 140/140/140
f 135/135/135 141/141/141 146/146/146
f 136/136/136 147/147/147 141/141/141
f 136/136/136 142/142/142 147/147/147
f 143/143/143 148/148/148 142/142/142
f 143/143/143 149/149/149 148/148/148
f 139/139/139 150/150/150 144/144/144
f 139/139/139 145/145/145 150/150/150
f 140/140/140 151/151/151 145/145/145
f 140/140/140 146/146/146 151/151/151
f 141/141/141 152/152/152 146/146/146
f 141/141/141 147/147/147 152/152/152
f 142/142/142 153/153/153 147/147/147
f 142/142/142 148/148/148 153/153/153
f 149/149/149 154/154/154 148/148/148
f 149/149/149 155/155/155 154/154/154
f 145/145/145 156/156/156 150/150/150
f 145/145/145 151/151/151 156/156/156
f 146/146/146 157/157/157 151/151/151
f 146/146/146 152/152/152 157/157/157
f 147/147/147 158/158/158 152/152/152
f 147/147/147 153/153/153 158/158/158
f 148/148/148 159/159/159 153/153/153
f 148/148/148 154/154/154 159/159/159
f 155/155/155 160/160/160 154/154/154
f 155/155/155 161/161/161 160/160/160
f 151/151/151 162/162/162 156/156/156
f 151/151/151 157/157/157 162/162/162
f 152/152/152 163/163/163 157/157/157
f 152/152/152 158/158/158 163/163/163
f 153/153/153 164/164/164 158/158/158
f 153/153/153 159/159/159 164/164/164
f 154/154/154 165/165/165 159/159/159
f 154/154/154 160/160/160 165/165/165
f 161/161/161 166/166/166 160/160/160
f 161/161/161 167/167/167 166/166/166
f 157/157/157 168/168/168 162/162/162
f 157/157/157 163/163/163 168/168/168
f 158/158/158 169/169/169 163/163/163
f 158/158/158 164/164/164 169/169/169
f 159/159/159 170/170/170 164/164/164
f 159/159/159 165/165/165 170/170/170
f 160/160/160 171/171/171 165/165/165
f 160/160/160 166/166/166 171/171/171
f 167/167/167 172/172/172 166/166/166
f 167/167/167 173/173/173 172/172/172
f 163/163/163 174/174/174 168/168/168
f 163/163/163 169/169/169 174/174/174
f 164/164/164 175/175/175 169/169/169
f 164/164/164 170/170/170 175/175/175
f 165/165/165 176/176/176 170/170/170
f 165/165/165 171/171/171 176/176/176
f 166/166/166 177/177/177 171/171/171
f 166/166/166 172/172/172 177/177/177
f 173/173/173 178/178/178 172/172/172
f 173/173/173 179/179/179 178/178/178
f 169/169/169 180/180/180 174/174/174
f 169/169/169 175/175/175 180/180/180
f 170/170/170 181/181/181 175/175/175
f 170/170/170 176/176/176 181/181/181
f 171/171/171 182/182/182 176/176/176
f 171/171/171 177/177/177 182/182/182
f 172/172/172 183/183/183 177/177/177
f 172/172/172 178/178/178 183/183/183
f 179/179/179 184/184/184 178/178/178
f 179/179/179 185/185/185 184/184/184
f 175/175/175 186/186/186 180/180/180
f 175/175/175 181/181/181 186/186/186
f 176/176/176 187/187/187 181/181/181
f 176/176/176 182/182/182 187/187/187
f 177/177/177 188/188/188 182/182/182
f 177/177/177 183/183/183 188/188/188
f 178/178/178 189/189/189 183/183/183
f 178/178/178 184/184/184 189/189/189
f 185/185/185 190/190/190 184/184/184
f 185/185/185 191/191/191 190/190/190
f 181/181/181 192/192/192 186/186/186
f 181/181/181 187/187/187 192/192/192
f 182/182/182 193/193/193 187/187/187
f 182/182/182 188/188/188 193/193/193
f 183/183/183 194/194/194 188/188/188
f 183/183/183 189/189/189 194/194/194
f 184/184/184 195/195/195 189/189/189
f 184/184/184 190/190/190 195/195/195
f 191/191/191 196/196/196 190/190/190
f 191/191/191 197/197/197 196/196/196
f 187/187/187 198/198/198 192/192/192
f 187/187/187 193/193/193 198/198/198
f 188/188/188 199/199/199 193/193/193
f 188/188/188 194/194/194 199/199/199
f 189/189/189 200/200/200 194/194/194
f 189/189/189 195/195/195 200/200/200
f 190/190/190 201/201/201 195/195/195
f 190/190/190 196/196/196 201/201/201
f 197/197/197 202/202/202 196/196/196
f 197/197/197 203/203/203 202/202/202
f 193/193/193 204/204/204 198/198/198
f 193/193/193 199/199/199 204/204/204
f 194/194/194 205/205/205 199/199/199
f 194/194/194 200/200/200 205/205/205
f 195/195/195 206/206/206 200/200/200
f 195/195/195 201/201/201 206/206/206
f 196/196/196 207/207/207 201/201/201
f 196/196/196 202/202/202 207/207/207
f 203/203/203 208/208/208 202/202/202
f 203/203/203 209/209/209 208/208/208
f 199/199/199 210/210/210 204/204/204
f 199/199/199 205/205/205 210/210/210
f 200/200/200 211/211/211 205/205/205
f 200/200/200 206/206/206 211/211/211
f 201/201/201 212/212/212 206/206/206
f 201/201/201 207/207/207 212/212/212
f 202/202/202 213/213/213 207/207/207
f 202/202/202 208/208/208 213/213/213
f 209/209/209 214/214/214 208/208/208
f 209/209/209 215/215/215 214/214/214
f 205/205/205 216/216/216 210/210/210
f 205/205/205 211/211/211 216/216/216
f 206/206/206 217/217/217 211/211/211
f 206/206/206 212/212/212 217/217/217
f 207/207/207 218/218/218 212/212/212
f 207/207/207 213/213/213 218/218/218
f 208/208/208 219/219/219 213/213/213
f 208/208/208 214/214/214 219/219/219
f 211/211/211 220/220/220 216/216/216
f 211/211/211 217/217/217 220/220/220
f 212/212/212 221/221/221 217/217/217
f 212/212/212 218/218/218 221/221/221
f 213/213/213 222/222/222 218/218/218
f 213/213/213 219/219/219 222/222/222
f 217/217/217 223/223/223 220/220/220
f 217/217/217 221/221/221 223/223/223
f 218/218/218 224/224/224 221/221/221
f 218/218/218 222/222/222 224/224/224
f 221/221/221 225/225/225 223/223/223
f 221/221/221 224/224/224 225/225/225
f 214/214/214 226/226/226 219/219/219
f 219/219/219 227/227/227 222/222/222
f 219/219/219 226/226/226 227/227/227
f 222/222/222 228/228/228 224/224/224
f 222/222/222 227/227/227 228/228/228
f 224/224/224 229/229/229 225/225/225
f 224/224/224 228/228/228 229/229/229
f 214/214/214 230/230/230 226/226/226
f 215/215/215 230/230/230 214/214/214
f 220/220/220 223/223/223 231/231/231
f 223/223/223 225/225/225 232/232/232
f 223/223/223 232/232/232 231/231/231
f 225/225/225 229/229/229 233/233/233
f 225/225/225 233/233/233 232/232/232
f 220/220/220 231/231/231 234/234/234
f 216/216/216 220/220/220 234/234/234
f 216/216/216 234/234/234 235/235/235
f 210/210/210 216/216/216 235/235/235
f 210/210/210 235/235/235 236/236/236
f 204/204/204 210/210/210 236/236/236
f 204/204/204 236/236/236 237/237/237
f 198/198/198 204/204/204 237/237/237
f 198/198/198 237/237/237 238/238/238
f 192/192/192 198/198/198 238/238/238
f 192/192/192 238/238/238 239/239/239
f 186/186/186 192/192/192 239/239/239
f 186/186/186 239/239/239 240/240/240
f 180/180/180 186/186/186 240/240/240
f 180/180/180 240/240/240 241/241/241
f 174/174/174 180/180/180 241/241/241
f 174/174/174 241/241/241 242/242/242
f 168/168/168 174/174/174 242/242/242
f 168/168/168 242/242/242 243/243/243
f 162/162/162 168/168/168 243/243/243
f 162/162/162 243/243/243 244/244/244
f 156/156/156 162/162/162 244/244/244
f 156/156/156 244/244/244 245/245/245
f 150/150/150 156/156/156 245/245/245
f 150/150/150 245/245/245 246/246/246
f 144/144/144 150/150/150 246/246/246
f 144/144/144 246/246/246 247/247/247
f 138/138/138 144/144/144 247/247/247
f 138/138/138 247/247/247 248/248/248
f 132/132/132 138/138/138 248/248/248
f 132/132/132 248/248/248 249/249/249
f 126/126/126 132/132/132 249/249/249
f 126/126/126 249/249/249 250/250/250
f 120/120/120 126/126/126 250/250/250
f 120/120/120 250/250/250 251/251/251
f 114/114/114 120/120/120 251/251/251
f 114/114/114 251/251/251 252/252/252
f 108/108/108 114/114/114 252/252/252
f 108/108/108 252/252/252 253/253/253
f 102/102/102 108/108/108 253/253/253
f 102/102/102 253/253/253 254/254/254
f 96/96/96 102/102/102 254/254/254
f 96/96/96 254/254/254 255/255/255
f 90/90/90 96/96/96 255/255/255
f 90/90/90 255/255/255 256/256/256
f 84/84/84 90/90/90 256/256/256
f 84/84/84 256/256/256 257/257/257
f 78/78/78 84/84/84 257/257/257
f 78/78/78 257/257/257 258/258/258
f 72/72/72 78/78/78 258/258/258
f 72/72/72 258/258/258 259/259/259
f 57/57/57 72/72/72 259/259/259
f 57/57/57 259/259/259 260/260/260
f 48/48/48 57/57/57 260/260/260
f 48/48/48 260/260/260 47/47/47
f 47/47/47 260/260/260 261/261/261
f 47/47/47 261/261/261 43/43/43
f 260/260/260 259/259/259 262/262/262
f 260/260/260 262/262/262 261/261/261
f 259/259/259 258/258/258 263/263/263
f 259/259/259 263/263/263 262/262/262
f 258/258/258 257/257/257 264/264/264
f 258/258/258 264/264/264 263/263/263
f 257/257/257 256/256/256 265/265/265
f 257/257/257 265/265/265 264/264/264
f 43/43/43 261/261/261 266/266/266
f 43/43/43 266/266/266 44/44/44
f 44/44/44 266/266/266 267/267/267
f 261/261/261 262/262/262 268/268/268
f 261/261/261 268/268/268 266/266/266
f 266/266/266 269/269/269 267/267/267
f 266/266/266 268/268/268 269/269/269
f 267/267/267 269/269/269 270/270/270
f 262/262/262 263/263/263 271/271/271
f 262/262/262 271/271/271 268/268/268
f 263/263/263 264/264/264 272/272/272
f 263/263/263 272/272/272 271/271/271
f 269/269/269 273/273/273 270/270/270
f 270/270/270 273/273/273 274/274/274
f 268/268/268 275/275/275 269/269/269
f 268/268/268 271/271/271 275/275/275
f 269/269/269 275/275/275 273/273/273
f 273/273/273 276/276/276 274/274/274
f 274/274/274 276/276/276 277/277/277
f 271/271/271 278/278/278 275/275/275
f 271/271/271 272/272/272 278/278/278
f 275/275/275 279/279/279 273/273/273
f 273/273/273 279/279/279 276/276/276
f 275/275/275 278/278/278 279/279/279
f 264/264/264 280/280/280 272/272/272
f 264/264/264 265/265/265 280/280/280
f 276/276/276 281/281/281 277/277/277
f 277/277/277 281/281/281 282/282/282
f 279/279/279 283/283/283 276/276/276
f 276/276/276 283/283/283 281/281/281
f 278/278/278 284/284/284 279/279/279
f 279/279/279 284/284/284 283/283/283
f 272/272/272 285/285/285 278/278/278
f 272/272/272 280/280/280 285/285/285
f 278/278/278 285/285/285 284/284/284
f 281/281/281 286/286/286 282/282/282
f 282/282/282 286/286/286 287/287/287
f 283/283/283 288/288/288 281/281/281
f 281/281/281 288/288/288 286/286/286
f 284/284/284 289/289/289 283/283/283
f 283/283/283 289/289/289 288/288/288
f 285/285/285 290/290/290 284/284/284
f 284/284/284 290/290/290 289/289/289
f 280/280/280 291/291/291 285/285/285
f 285/285/285 291/291/291 290/290/290
f 286/286/286 292/292/292 287/287/287
f 287/287/287 292/292/292 293/293/293
f 288/288/288 294/294/294 286/286/286
f 286/286/286 294/294/294 292/292/292
f 289/289/289 295/295/295 288/288/288
f 288/288/288 295/295/295 294/294/294
f 290/290/290 296/296/296 289/289/289
f 289/289/289 296/296/296 295/295/295
f 292/292/292 297/297/297 293/293/293
f 293/293/293 297/297/297 298/298/298
f 294/294/294 299/299/299 292/292/292
f 292/292/292 299/299/299 297/297/297
f 295/295/295 300/300/300 294/294/294
f 294/294/294 300/300/300 299/299/299
f 297/297/297 301/301/301 298/298/298
f 298/298/298 301/301/301 302/302/302
f 299/299/299 303/303/303 297/297/297
f 297/297/297 303/303/303 301/301/301
f 301/301/301 304/304/304 302/302/302
f 302/302/302 304/304/304 305/305/305
f 290/290/290 306/306/306 296/296/296
f 291/291/291 306/306/306 290/290/290
f 296/296/296 307/307/307 295/295/295
f 295/295/295 307/307/307 300/300/300
f 300/300/300 308/308/308 299/299/299
f 299/299/299 308/308/308 303/303/303
f 303/303/303 309/309/309 301/301/301
f 301/301/301 309/309/309 304/304/304
f 304/304/304 310/310/310 305/305/305
f 305/305/305 310/310/310 311/311/311
f 306/306/306 312/312/312 296/296/296
f 296/296/296 312/312/312 307/307/307
f 307/307/307 313/313/313 300/300/300
f 300/300/300 313/313/313 308/308/308
f 308/308/308 314/314/314 303/303/303
f 303/303/303 314/314/314 309/309/309
f 309/309/309 315/315/315 304/304/304
f 304/304/304 315/315/315 310/310/310
f 310/310/310 316/316/316 311/311/311
f 311/311/311 316/316/316 317/317/317
f 316/316/316 318/318/318 317/317/317
f 310/310/310 319/319/319 316/316/316
f 315/315/315 319/319/319 310/310/310
f 316/316/316 320/320/320 318/318/318
f 319/319/319 320/320/320 316/316/316
f 320/320/320 321/321/321 318/318/318
f 309/309/309 322/322/322 315/315/315
f 314/314/314 322/322/322 309/309/309
f 308/308/308 323/323/323 314/314/314
f 313/313/313 323/323/323 308/308/308
f 315/315/315 324/324/324 319/319/319
f 322/322/322 324/324/324 315/315/315
f 320/320/320 325/325/325 321/321/321
f 325/325/325 326/326/326 321/321/321
f 319/319/319 327/327/327 320/320/320
f 324/324/324 327/327/327 319/319/319
f 327/327/327 325/325/325 320/320/320
f 314/314/314 328/328/328 322/322/322
f 323/323/323 328/328/328 314/314/314
f 325/325/325 329/329/329 326/326/326
f 329/329/329 330/330/330 326/326/326
f 322/322/322 331/331/331 324/324/324
f 328/328/328 331/331/331 322/322/322
f 327/327/327 332/332/332 325/325/325
f 332/332/332 329/329/329 325/325/325
f 324/324/324 333/333/333 327/327/327
f 331/331/331 333/333/333 324/324/324
f 333/333/333 332/332/332 327/327/327
f 329/329/329 334/334/334 330/330/330
f 334/334/334 335/335/335 330/330/330
f 332/332/332 336/336/336 329/329/329
f 336/336/336 334/334/334 329/329/329
f 333/333/333 337/337/337 332/332/332
f 337/337/337 336/336/336 332/332/332
f 331/331/331 338/338/338 333/333/333
f 338/338/338 337/337/337 333/333/333
f 328/328/328 339/339/339 331/331/331
f 339/339/339 338/338/338 331/331/331
f 334/334/334 340/340/340 335/335/335
f 340/340/340 341/341/341 335/335/335
f 336/336/336 342/342/342 334/334/334
f 342/342/342 340/340/340 334/334/334
f 337/337/337 343/343/343 336/336/336
f 343/343/343 342/342/342 336/336/336
f 338/338/338 344/344/344 337/337/337
f 344/344/344 343/343/343 337/337/337
f 340/340/340 345/345/345 341/341/341
f 345/345/345 346/346/346 341/341/341
f 342/342/342 347/347/347 340/340/340
f 347/347/347 345/345/345 340/340/340
f 343/343/343 348/348/348 342/342/342
f 348/348/348 347/347/347 342/342/342
f 345/345/345 349/349/349 346/346/346
f 349/349/349 350/350/350 346/346/346
f 347/347/347 351/351/351 345/345/345
f 351/351/351 349/349/349 345/345/345
f 349/349/349 352/352/352 350/350/350
f 352/352/352 353/353/353 350/350/350
f 354/354/354 344/344/344 338/338/338
f 339/339/339 354/354/354 338/338/338
f 344/344/344 355/355/355 343/343/343
f 355/355/355 348/348/348 343/343/343
f 348/348/348 356/356/356 347/347/347
f 356/356/356 351/351/351 347/347/347
f 351/351/351 357/357/357 349/349/349
f 357/357/357 352/352/352 349/349/349
f 352/352/352 358/358/358 353/353/353
f 358/358/358 359/359/359 353/353/353
f 354/354/354 360/360/360 344/344/344
f 360/360/360 355/355/355 344/344/344
f 355/355/355 361/361/361 348/348/348
f 361/361/361 356/356/356 348/348/348
f 356/356/356 362/362/362 351/351/351
f 362/362/362 357/357/357 351/351/351
f 357/357/357 363/363/363 352/352/352
f 363/363/363 358/358/358 352/352/352
f 358/358/358 364/364/364 359/359/359
f 364/364/364 365/365/365 359/359/359
f 360/360/360 366/366/366 355/355/355
f 366/366/366 361/361/361 355/355/355
f 361/361/361 367/367/367 356/356/356
f 367/367/367 362/362/362 356/356/356
f 362/362/362 368/368/368 357/357/357
f 368/368/368 363/363/363 357/357/357
f 363/363/363 369/369/369 358/358/358
f 369/369/369 364/364/364 358/358/358
f 364/364/364 370/370/370 365/365/365
f 370/370/370 371/371/371 365/365/365
f 366/366/366 372/372/372 361/361/361
f 372/372/372 367/367/367 361/361/361
f 367/367/367 373/373/373 362/362/362
f 373/373/373 368/368/368 362/362/362
f 368/368/368 374/374/374 363/363/363
f 374/374/374 369/369/369 363/363/363
f 369/369/369 375/375/375 364/364/364
f 375/375/375 370/370/370 364/364/364
f 370/370/370 376/376/376 371/371/371
f 376/376/376 377/377/377 371/371/371
f 372/372/372 378/378/378 367/367/367
f 378/378/378 373/373/373 367/367/367
f 373/373/373 379/379/379 368/368/368
f 379/379/379 374/374/374 368/368/368
f 374/374/374 380/380/380 369/369/369
f 380/380/380 375/375/375 369/369/369
f 375/375/375 381/381/381 370/370/370
f 381/381/381 376/376/376 370/370/370
f 376/376/376 382/382/382 377/377/377
f 382/382/382 383/383/383 377/377/377
f 378/378/378 384/384/384 373/373/373
f 384/384/384 379/379/379 373/373/373
f 379/379/379 385/385/385 374/374/374
f 385/385/385 380/380/380 374/374/374
f 380/380/380 386/386/386 375/375/375
f 386/386/386 381/381/381 375/375/375
f 381/381/381 387/387/387 376/376/376
f 387/387/387 382/382/382 376/376/376
f 382/382/382 388/388/388 383/383/383
f 388/388/388 389/389/389 383/383/383
f 384/384/384 390/390/390 379/379/379
f 390/390/390 385/385/385 379/379/379
f 385/385/385 391/391/391 380/380/380
f 391/391/391 386/386/386 380/380/380
f 386/386/386 392/392/392 381/381/381
f 392/392/392 387/387/387 381/381/381
f 387/387/387 393/393/393 382/382/382
f 393/393/393 388/388/388 382/382/382
f 388/388/388 394/394/394 389/389/389
f 394/394/394 395/395/395 389/389/389
f 390/390/390 396/396/396 385/385/385
f 396/396/396 391/391/391 385/385/385
f 391/391/391 397/397/397 386/386/386
f 397/397/397 392/392/392 386/386/386
f 392/392/392 398/398/398 387/387/387
f 398/398/398 393/393/393 387/387/387
f 393/393/393 399/399/399 388/388/388
f 399/399/399 394/394/394 388/388/388
f 394/394/394 400/400/400 395/395/395
f 400/400/400 401/401/401 395/395/395
f 396/396/396 402/402/402 391/391/391
f 402/402/402 397/397/397 391/391/391
f 397/397/397 403/403/403 392/392/392
f 403/403/403 398/398/398 392/392/392
f 398/398/398 404/404/404 393/393/393
f 404/404/404 399/399/399 393/393/393
f 399/399/399 405/405/405 394/394/394
f 405/405/405 400/400/400 394/394/394
f 400/400/400 406/406/406 401/401/401
f 406/406/406 407/407/407 401/401/401
f 402/402/402 408/408/408 397/397/397
f 408/408/408 403/403/403 397/397/397
f 403/403/403 409/409/409 398/398/398
f 409/409/409 404/404/404 398/398/398
f 404/404/404 410/410/410 399/399/399
f 410/410/410 405/405/405 399/399/399
f 405/405/405 411/411/411 400/400/400
f 411/411/411 406/406/406 400/400/400
f 406/406/406 412/412/412 407/407/407
f 412/412/412 413/413/413 407/407/407
f 408/408/408 414/414/414 403/403/403
f 414/414/414 409/409/409 403/403/403
f 409/409/409 415/415/415 404/404/404
f 415/415/415 410/410/410 404/404/404
f 410/410/410 416/416/416 405/405/405
f 416/416/416 411/411/411 405/405/405
f 411/411/411 417/417/417 406/406/406
f 417/417/417 412/412/412 406/406/406
f 412/412/412 418/418/418 413/413/413
f 418/418/418 419/419/419 413/413/413
f 414/414/414 420/420/420 409/409/409
f 420/420/420 415/415/415 409/409/409
f 415/415/415 421/421/421 410/410/410
f 421/421/421 416/416/416 410/410/410
f 416/416/416 422/422/422 411/411/411
f 422/422/422 417/417/417 411/411/411
f 417/417/417 423/423/423 412/412/412
f 423/423/423 418/418/418 412/412/412
f 418/418/418 424/424/424 419/419/419
f 424/424/424 425/425/425 419/419/419
f 420/420/420 426/426/426 415/415/415
f 426/426/426 421/421/421 415/415/415
f 421/421/421 427/427/427 416/416/416
f 427/427/427 422/422/422 416/416/416
f 422/422/422 428/428/428 417/417/417
f 428/428/428 423/423/423 417/417/417
f 423/423/423 429/429/429 418/418/418
f 429/429/429 424/424/424 418/418/418
f 424/424/424 430/430/430 425/425/425
f 430/430/430 431/431/431 425/425/425
f 426/426/426 432/432/432 421/421/421
f 432/432/432 427/427/427 421/421/421
f 427/427/427 433/433/433 422/422/422
f 433/433/433 428/428/428 422/422/422
f 428/428/428 434/434/434 423/423/423
f 434/434/434 429/429/429 423/423/423
f 429/429/429 435/435/435 424/424/424
f 435/435/435 430/430/430 424/424/424
f 430/430/430 436/436/436 431/431/431
f 436/436/436 437/437/437 431/431/431
f 432/432/432 438/438/438 427/427/427
f 438/438/438 433/433/433 427/427/427
f 433/433/433 439/439/439 428/428/428
f 439/439/439 434/434/434 428/428/428
f 434/434/434 440/440/440 429/429/429
f 440/440/440 435/435/435 429/429/429
f 435/435/435 441/441/441 430/430/430
f 441/441/441 436/436/436 430/430/430
f 436/436/436 442/442/442 437/437/437
f 442/442/442 443/443/443 437/437/437
f 438/438/438 444/444/444 433/433/433
f 444/444/444 439/439/439 433/433/433
f 439/439/439 445/445/445 434/434/434
f 445/445/445 440/440/440 434/434/434
f 440/440/440 446/446/446 435/435/435
f 446/446/446 441/441/441 435/435/435
f 441/441/441 447/447/447 436/436/436
f 447/447/447 442/442/442 436/436/436
f 442/442/442 448/448/448 443/443/443
f 448/448/448 449/449/449 443/443/443
f 444/444/444 450/450/450 439/439/439
f 450/450/450 445/445/445 439/439/439
f 445/445/445 451/451/451 440/440/440
f 451/451/451 446/446/446 440/440/440
f 446/446/446 452/452/452 441/441/441
f 452/452/452 447/447/447 441/441/441
f 447/447/447 453/453/453 442/442/442
f 453/453/453 448/448/448 442/442/442
f 448/448/448 454/454/454 449/449/449
f 454/454/454 455/455/455 449/449/449
f 450/450/450 456/456/456 445/445/445
f 456/456/456 451/451/451 445/445/445
f 451/451/451 457/457/457 446/446/446
f 457/457/457 452/452/452 446/446/446
f 452/452/452 458/458/458 447/447/447
f 458/458/458 453/453/453 447/447/447
f 453/453/453 459/459/459 448/448/448
f 459/459/459 454/454/454 448/448/448
f 454/454/454 460/460/460 455/455/455
f 460/460/460 461/461/461 455/455/455
f 456/456/456 462/462/462 451/451/451
f 462/462/462 457/457/457 451/451/451
f 457/457/457 463/463/463 452/452/452
f 463/463/463 458/458/458 452/452/452
f 458/458/458 464/464/464 453/453/453
f 464/464/464 459/459/459 453/453/453
f 459/459/459 465/465/465 454/454/454
f 465/465/465 460/460/460 454/454/454
f 460/460/460 466/466/466 461/461/461
f 466/466/466 467/467/467 461/461/461
f 462/462/462 468/468/468 457/457/457
f 468/468/468 463/463/463 457/457/457
f 463/463/463 469/469/469 458/458/458
f 469/469/469 464/464/464 458/458/458
f 464/464/464 470/470/470 459/459/459
f 470/470/470 465/465/465 459/459/459
f 465/465/465 471/471/471 460/460/460
f 471/471/471 466/466/466 460/460/460
f 466/466/466 472/472/472 467/467/467
f 472/472/472 473/473/473 467/467/467
f 468/468/468 474/474/474 463/463/463
f 474/474/474 469/469/469 463/463/463
f 469/469/469 475/475/475 464/464/464
f 475/475/475 470/470/470 464/464/464
f 470/470/470 476/476/476 465/465/465
f 476/476/476 471/471/471 465/465/465
f 471/471/471 477/477/477 466/466/466
f 477/477/477 472/472/472 466/466/466
f 472/472/472 478/478/478 473/473/473
f 478/478/478 479/479/479 473/473/473
f 474/474/474 480/480/480 469/469/469
f 480/480/480 475/475/475 469/469/469
f 475/475/475 481/481/481 470/470/470
f 481/481/481 476/476/476 470/470/470
f 476/476/476 482/482/482 471/471/471
f 482/482/482 477/477/477 471/471/471
f 477/477/477 483/483/483 472/472/472
f 483/483/483 478/478/478 472/472/472
f 478/478/478 484/484/484 479/479/479
f 484/484/484 485/485/485 479/479/479
f 480/480/480 486/486/486 475/475/475
f 486/486/486 481/481/481 475/475/475
f 481/481/481 487/487/487 476/476/476
f 487/487/487 482/482/482 476/476/476
f 482/482/482 488/488/488 477/477/477
f 488/488/488 483/483/483 477/477/477
f 483/483/483 489/489/489 478/478/478
f 489/489/489 484/484/484 478/478/478
f 484/484/484 490/490/490 485/485/485
f 490/490/490 491/491/491 485/485/485
f 486/486/486 492/492/492 481/481/481
f 492/492/492 487/487/487 481/481/481
f 487/487/487 493/493/493 482/482/482
f 493/493/493 488/488/488 482/482/482
f 488/488/488 494/494/494 483/483/483
f 494/494/494 489/489/489 483/483/483
f 489/489/489 495/495/495 484/484/484
f 495/495/495 490/490/490 484/484/484
f 490/490/490 496/496/496 491/491/491
f 496/496/496 497/497/497 491/491/491
f 492/492/492 498/498/498 487/487/487
f 498/498/498 493/493/493 487/487/487
f 493/493/493 499/499/499 488/488/488
f 499/499/499 494/494/494 488/488/488
f 494/494/494 500/500/500 489/489/489
f 500/500/500 495/495/495 489/489/489
f 495/495/495 501/501/501 490/490/490
f 501/501/501 496/496/496 490/490/490
f 496/496/496 502/502/502 497/497/497
f 502/502/502 503/503/503 497/497/497
f 498/498/498 504/504/504 493/493/493
f 504/504/504 499/499/499 493/493/493
f 499/499/499 505/505/505 494/494/494
f 505/505/505 500/500/500 494/494/494
f 500/500/500 506/506/506 495/495/495
f 506/506/506 501/501/501 495/495/495
f 501/501/501 507/507/507 496/496/496
f 507/507/507 502/502/502 496/496/496
f 502/502/502 508/508/508 503/503/503
f 508/508/508 509/509/509 503/503/503
f 504/504/504 510/510/510 499/499/499
f 510/510/510 505/505/505 499/499/499
f 505/505/505 511/511/511 500/500/500
f 511/511/511 506/506/506 500/500/500
f 506/506/506 512/512/512 501/501/501
f 512/512/512 507/507/507 501/501/501
f 507/507/507 513/513/513 502/502/502
f 513/513/513 508/508/508 502/502/502
f 508/508/508 514/514/514 509/509/509
f 514/514/514 515/515/515 509/509/509
f 510/510/510 516/516/516 505/505/505
f 516/516/516 511/511/511 505/505/505
f 511/511/511 517/517/517 506/506/506
f 517/517/517 512/512/512 506/506/506
f 512/512/512 518/518/518 507/507/507
f 518/518/518 513/513/513 507/507/507
f 513/513/513 519/519/519 508/508/508
f 519/519/519 514/514/514 508/508/508
f 514/514/514 520/520/520 515/515/515
f 520/520/520 521/521/521 515/515/515
f 522/522/522 520/520/520 514/514/514
f 519/519/519 522/522/522 514/514/514
f 523/523/523 519/519/519 513/513/513
f 518/518/518 523/523/523 513/513/513
f 524/524/524 518/518/518 512/512/512
f 517/517/517 524/524/524 512/512/512
f 525/525/525 517/517/517 511/511/511
f 516/516/516 525/525/525 511/511/511
f 522/522/522 526/526/526 520/520/520
f 520/520/520 526/526/526 527/527/527
f 526/526/526 528/528/528 527/527/527
f 526/526/526 529/529/529 528/528/528
f 529/529/529 526/526/526 522/522/522
f 530/530/530 522/522/522 519/519/519
f 523/523/523 530/530/530 519/519/519
f 531/531/531 523/523/523 518/518/518
f 524/524/524 531/531/531 518/518/518
f 532/532/532 524/524/524 517/517/517
f 525/525/525 532/532/532 517/517/517
f 533/533/533 529/529/529 522/522/522
f 533/533/533 522/522/522 530/530/530
f 534/534/534 530/530/530 523/523/523
f 531/531/531 534/534/534 523/523/523
f 535/535/535 531/531/531 524/524/524
f 532/532/532 535/535/535 524/524/524
f 536/536/536 533/533/533 530/530/530
f 536/536/536 530/530/530 534/534/534
f 537/537/537 534/534/534 531/531/531
f 535/535/535 537/537/537 531/531/531
f 538/538/538 532/532/532 525/525/525
f 539/539/539 535/535/535 532/532/532
f 538/538/538 539/539/539 532/532/532
f 540/540/540 537/537/537 535/535/535
f 539/539/539 540/540/540 535/535/535
f 541/541/541 538/538/538 525/525/525
f 541/541/541 525/525/525 516/516/516
f 542/542/542 541/541/541 516/516/516
f 542/542/542 516/516/516 510/510/510
f 543/543/543 542/542/542 510/510/510
f 543/543/543 510/510/510 504/504/504
f 544/544/544 543/543/543 504/504/504
f 544/544/544 504/504/504 498/498/498
f 545/545/545 544/544/544 498/498/498
f 545/545/545 498/498/498 492/492/492
f 546/546/546 545/545/545 492/492/492
f 546/546/546 492/492/492 486/486/486
f 547/547/547 546/546/546 486/486/486
f 547/547/547 486/486/486 480/480/480
f 548/548/548 547/547/547 480/480/480
f 548/548/548 480/480/480 474/474/474
f 549/549/549 548/548/548 474/474/474
f 549/549/549 474/474/474 468/468/468
f 550/550/550 549/549/549 468/468/468
f 550/550/550 468/468/468 462/462/462
f 551/551/551 550/550/550 462/462/462
f 551/551/551 462/462/462 456/456/456
f 552/552/552 551/551/551 456/456/456
f 552/552/552 456/456/456 450/450/450
f 553/553/553 552/552/552 450/450/450
f 553/553/553 450/450/450 444/444/444
f 554/554/554 553/553/553 444/444/444
f 554/554/554 444/444/444 438/438/438
f 555/555/555 554/554/554 438/438/438
f 555/555/555 438/438/438 432/432/432
f 556/556/556 555/555/555 432/432/432
f 556/556/556 432/432/432 426/426/426
f 557/557/557 556/556/556 426/426/426
f 557/557/557 426/426/426 420/420/420
f 558/558/558 557/557/557 420/420/420
f 558/558/558 420/420/420 414/414/414
f 559/559/559 558/558/558 414/414/414
f 559/559/559 414/414/414 408/408/408
f 560/560/560 559/559/559 408/408/408
f 560/560/560 408/408/408 402/402/402
f 561/561/561 560/560/560 402/402/402
f 561/561/561 402/402/402 396/396/396
f 562/562/562 561/561/561 396/396/396
f 562/562/562 396/396/396 390/390/390
f 563/563/563 562/562/562 390/390/390
f 563/563/563 390/390/390 384/384/384
f 564/564/564 563/563/563 384/384/384
f 564/564/564 384/384/384 378/378/378
f 565/565/565 564/564/564 378/378/378
f 565/565/565 378/378/378 372/372/372
f 566/566/566 565/565/565 372/372/372
f 566/566/566 372/372/372 366/366/366
f 567/567/567 566/566/566 366/366/366
f 567/567/567 366/366/366 360/360/360
f 568/568/568 567/567/567 360/360/360
f 568/568/568 360/360/360 354/354/354
f 569/569/569 568/568/568 354/354/354
f 569/569/569 354/354/354 339/339/339
f 570/570/570 569/569/569 339/339/339
f 570/570/570 339/339/339 328/328/328
f 323/323/323 570/570/570 328/328/328
f 571/571/571 570/570/570 323/323/323
f 313/313/313 571/571/571 323/323/323
f 572/572/572 569/569/569 570/570/570
f 571/571/571 572/572/572 570/570/570
f 573/573/573 568/568/568 569/569/569
f 572/572/572 573/573/573 569/569/569
f 574/574/574 567/567/567 568/568/568
f 573/573/573 574/574/574 568/568/568
f 575/575/575 566/566/566 567/567/567
f 574/574/574 575/575/575 567/567/567
f 576/576/576 571/571/571 313/313/313
f 307/307/307 576/576/576 313/313/313
f 312/312/312 576/576/576 307/307/307
f 577/577/577 572/572/572 571/571/571
f 576/576/576 577/577/577 571/571/571
f 578/578/578 573/573/573 572/572/572
f 577/577/577 578/578/578 572/572/572
f 579/579/579 574/574/574 573/573/573
f 578/578/578 579/579/579 573/573/573
f 312/312/312 580/580/580 576/576/576
f 580/580/580 577/577/577 576/576/576
f 581/581/581 578/578/578 577/577/577
f 580/580/580 581/581/581 577/577/577
f 582/582/582 580/580/580 312/312/312
f 306/306/306 582/582/582 312/312/312
f 583/583/583 575/575/575 574/574/574
f 579/579/579 583/583/583 574/574/574
f 584/584/584 579/579/579 578/578/578
f 581/581/581 584/584/584 578/578/578
f 585/585/585 581/581/581 580/580/580
f 582/582/582 585/585/585 580/580/580
f 586/586/586 582/582/582 306/306/306
f 291/291/291 586/586/586 306/306/306
f 587/587/587 583/583/583 579/579/579
f 584/584/584 587/587/587 579/579/579
f 588/588/588 584/584/584 581/581/581
f 585/585/585 588/588/588 581/581/581
f 589/589/589 585/585/585 582/582/582
f 586/586/586 589/589/589 582/582/582
f 590/590/590 586/586/586 291/291/291
f 280/280/280 590/590/590 291/291/291
f 265/265/265 590/590/590 280/280/280
f 590/590/590 591/591/591 586/586/586
f 591/591/591 589/589/589 586/586/586
f 265/265/265 592/592/592 590/590/590
f 592/592/592 591/591/591 590/590/590
f 256/256/256 592/592/592 265/265/265
f 256/256/256 255/255/255 592/592/592
f 255/255/255 593/593/593 592/592/592
f 592/592/592 593/593/593 591/591/591
f 255/255/255 254/254/254 593/593/593
f 589/589/589 594/594/594 585/585/585
f 594/594/594 588/588/588 585/585/585
f 591/591/591 595/595/595 589/589/589
f 593/593/593 595/595/595 591/591/591
f 595/595/595 594/594/594 589/589/589
f 254/254/254 596/596/596 593/593/593
f 593/593/593 596/596/596 595/595/595
f 254/254/254 253/253/253 596/596/596
f 595/595/595 597/597/597 594/594/594
f 596/596/596 597/597/597 595/595/595
f 253/253/253 598/598/598 596/596/596
f 596/596/596 598/598/598 597/597/597
f 253/253/253 252/252/252 598/598/598
f 594/594/594 599/599/599 588/588/588
f 597/597/597 599/599/599 594/594/594
f 598/598/598 600/600/600 597/597/597
f 597/597/597 600/600/600 599/599/599
f 252/252/252 601/601/601 598/598/598
f 598/598/598 601/601/601 600/600/600
f 252/252/252 251/251/251 601/601/601
f 599/599/599 602/602/602 588/588/588
f 588/588/588 602/602/602 584/584/584
f 602/602/602 587/587/587 584/584/584
f 600/600/600 603/603/603 599/599/599
f 599/599/599 603/603/603 602/602/602
f 251/251/251 604/604/604 601/601/601
f 251/251/251 250/250/250 604/604/604
f 601/601/601 605/605/605 600/600/600
f 600/600/600 605/605/605 603/603/603
f 601/601/601 604/604/604 605/605/605
f 602/602/602 606/606/606 587/587/587
f 603/603/603 606/606/606 602/602/602
f 250/250/250 607/607/607 604/604/604
f 250/250/250 249/249/249 607/607/607
f 604/604/604 608/608/608 605/605/605
f 604/604/604 607/607/607 608/608/608
f 605/605/605 609/609/609 603/603/603
f 603/603/603 609/609/609 606/606/606
f 605/605/605 608/608/608 609/609/609
f 606/606/606 610/610/610 587/587/587
f 587/587/587 610/610/610 583/583/583
f 249/249/249 611/611/611 607/607/607
f 249/249/249 248/248/248 611/611/611
f 609/609/609 612/612/612 606/606/606
f 606/606/606 612/612/612 610/610/610
f 607/607/607 613/613/613 608/608/608
f 607/607/607 611/611/611 613/613/613
f 608/608/608 614/614/614 609/609/609
f 609/609/609 614/614/614 612/612/612
f 608/608/608 613/613/613 614/614/614
f 610/610/610 615/615/615 583/583/583
f 583/583/583 615/615/615 575/575/575
f 248/248/248 616/616/616 611/611/611
f 248/248/248 247/247/247 616/616/616
f 612/612/612 617/617/617 610/610/610
f 610/610/610 617/617/617 615/615/615
f 614/614/614 618/618/618 612/612/612
f 612/612/612 618/618/618 617/617/617
f 613/613/613 619/619/619 614/614/614
f 614/614/614 619/619/619 618/618/618
f 611/611/611 620/620/620 613/613/613
f 611/611/611 616/616/616 620/620/620
f 613/613/613 620/620/620 619/619/619
f 615/615/615 621/621/621 575/575/575
f 575/575/575 621/621/621 566/566/566
f 621/621/621 565/565/565 566/566/566
f 617/617/617 622/622/622 615/615/615
f 615/615/615 622/622/622 621/621/621
f 621/621/621 623/623/623 565/565/565
f 622/622/622 623/623/623 621/621/621
f 623/623/623 564/564/564 565/565/565
f 618/618/618 624/624/624 617/617/617
f 617/617/617 624/624/624 622/622/622
f 619/619/619 625/625/625 618/618/618
f 618/618/618 625/625/625 624/624/624
f 620/620/620 626/626/626 619/619/619
f 619/619/619 626/626/626 625/625/625
f 623/623/623 627/627/627 564/564/564
f 627/627/627 563/563/563 564/564/564
f 622/622/622 628/628/628 623/623/623
f 624/624/624 628/628/628 622/622/622
f 628/628/628 627/627/627 623/623/623
f 625/625/625 629/629/629 624/624/624
f 624/624/624 629/629/629 628/628/628
f 627/627/627 630/630/630 563/563/563
f 630/630/630 562/562/562 563/563/563
f 628/628/628 631/631/631 627/627/627
f 629/629/629 631/631/631 628/628/628
f 631/631/631 630/630/630 627/627/627
f 625/625/625 632/632/632 629/629/629
f 626/626/626 632/632/632 625/625/625
f 620/620/620 633/633/633 626/626/626
f 616/616/616 633/633/633 620/620/620
f 630/630/630 634/634/634 562/562/562
f 634/634/634 561/561/561 562/562/562
f 631/631/631 635/635/635 630/630/630
f 635/635/635 634/634/634 630/630/630
f 629/629/629 636/636/636 631/631/631
f 632/632/632 636/636/636 629/629/629
f 636/636/636 635/635/635 631/631/631
f 626/626/626 637/637/637 632/632/632
f 633/633/633 637/637/637 626/626/626
f 616/616/616 638/638/638 633/633/633
f 247/247/247 638/638/638 616/616/616
f 247/247/247 246/246/246 638/638/638
f 634/634/634 639/639/639 561/561/561
f 639/639/639 560/560/560 561/561/561
f 635/635/635 640/640/640 634/634/634
f 640/640/640 639/639/639 634/634/634
f 636/636/636 641/641/641 635/635/635
f 641/641/641 640/640/640 635/635/635
f 632/632/632 642/642/642 636/636/636
f 637/637/637 642/642/642 632/632/632
f 642/642/642 641/641/641 636/636/636
f 638/638/638 643/643/643 633/633/633
f 633/633/633 643/643/643 637/637/637
f 246/246/246 644/644/644 638/638/638
f 638/638/638 644/644/644 643/643/643
f 246/246/246 245/245/245 644/644/644
f 639/639/639 645/645/645 560/560/560
f 645/645/645 559/559/559 560/560/560
f 640/640/640 646/646/646 639/639/639
f 646/646/646 645/645/645 639/639/639
f 641/641/641 647/647/647 640/640/640
f 647/647/647 646/646/646 640/640/640
f 637/637/637 648/648/648 642/642/642
f 643/643/643 648/648/648 637/637/637
f 642/642/642 649/649/649 641/641/641
f 649/649/649 647/647/647 641/641/641
f 648/648/648 649/649/649 642/642/642
f 644/644/644 650/650/650 643/643/643
f 643/643/643 650/650/650 648/648/648
f 645/645/645 651/651/651 559/559/559
f 651/651/651 558/558/558 559/559/559
f 646/646/646 652/652/652 645/645/645
f 652/652/652 651/651/651 645/645/645
f 647/647/647 653/653/653 646/646/646
f 653/653/653 652/652/652 646/646/646
f 648/648/648 654/654/654 649/649/649
f 650/650/650 654/654/654 648/648/648
f 649/649/649 655/655/655 647/647/647
f 655/655/655 653/653/653 647/647/647
f 654/654/654 655/655/655 649/649/649
f 644/644/644 656/656/656 650/650/650
f 245/245/245 656/656/656 644/644/644
f 245/245/245 244/244/244 656/656/656
f 651/651/651 657/657/657 558/558/558
f 657/657/657 557/557/557 558/558/558
f 652/652/652 658/658/658 651/651/651
f 658/658/658 657/657/657 651/651/651
f 653/653/653 659/659/659 652/652/652
f 659/659/659 658/658/658 652/652/652
f 655/655/655 660/660/660 653/653/653
f 660/660/660 659/659/659 653/653/653
f 654/654/654 661/661/661 655/655/655
f 661/661/661 660/660/660 655/655/655
f 244/244/244 662/662/662 656/656/656
f 244/244/244 243/243/243 662/662/662
f 657/657/657 663/663/663 557/557/557
f 663/663/663 556/556/556 557/557/557
f 658/658/658 664/664/664 657/657/657
f 664/664/664 663/663/663 657/657/657
f 659/659/659 665/665/665 658/658/658
f 665/665/665 664/664/664 658/658/658
f 660/660/660 666/666/666 659/659/659
f 666/666/666 665/665/665 659/659/659
f 663/663/663 667/667/667 556/556/556
f 667/667/667 555/555/555 556/556/556
f 664/664/664 668/668/668 663/663/663
f 668/668/668 667/667/667 663/663/663
f 665/665/665 669/669/669 664/664/664
f 669/669/669 668/668/668 664/664/664
f 667/667/667 670/670/670 555/555/555
f 670/670/670 554/554/554 555/555/555
f 668/668/668 671/671/671 667/667/667
f 671/671/671 670/670/670 667/667/667
f 670/670/670 672/672/672 554/554/554
f 672/672/672 553/553/553 554/554/554
f 673/673/673 666/666/666 660/660/660
f 661/661/661 673/673/673 660/660/660
f 666/666/666 674/674/674 665/665/665
f 674/674/674 669/669/669 665/665/665
f 669/669/669 675/675/675 668/668/668
f 675/675/675 671/671/671 668/668/668
f 671/671/671 676/676/676 670/670/670
f 676/676/676 672/672/672 670/670/670
f 672/672/672 677/677/677 553/553/553
f 677/677/677 552/552/552 553/553/553
f 673/673/673 678/678/678 666/666/666
f 678/678/678 674/674/674 666/666/666
f 674/674/674 679/679/679 669/669/669
f 679/679/679 675/675/675 669/669/669
f 675/675/675 680/680/680 671/671/671
f 680/680/680 676/676/676 671/671/671
f 676/676/676 681/681/681 672/672/672
f 681/681/681 677/677/677 672/672/672
f 677/677/677 682/682/682 552/552/552
f 682/682/682 551/551/551 552/552/552
f 678/678/678 683/683/683 674/674/674
f 683/683/683 679/679/679 674/674/674
f 679/679/679 684/684/684 675/675/675
f 684/684/684 680/680/680 675/675/675
f 680/680/680 685/685/685 676/676/676
f 685/685/685 681/681/681 676/676/676
f 681/681/681 686/686/686 677/677/677
f 686/686/686 682/682/682 677/677/677
f 682/682/682 687/687/687 551/551/551
f 687/687/687 550/550/550 551/551/551
f 683/683/683 688/688/688 679/679/679
f 688/688/688 684/684/684 679/679/679
f 684/684/684 689/689/689 680/680/680
f 689/689/689 685/685/685 680/680/680
f 685/685/685 690/690/690 681/681/681
f 690/690/690 686/686/686 681/681/681
f 686/686/686 691/691/691 682/682/682
f 691/691/691 687/687/687 682/682/682
f 687/687/687 692/692/692 550/550/550
f 692/692/692 549/549/549 550/550/550
f 688/688/688 693/693/693 684/684/684
f 693/693/693 689/689/689 684/684/684
f 689/689/689 694/694/694 685/685/685
f 694/694/694 690/690/690 685/685/685
f 690/690/690 695/695/695 686/686/686
f 695/695/695 691/691/691 686/686/686
f 691/691/691 696/696/696 687/687/687
f 696/696/696 692/692/692 687/687/687
f 692/692/692 697/697/697 549/549/549
f 697/697/697 548/548/548 549/549/549
f 693/693/693 698/698/698 689/689/689
f 698/698/698 694/694/694 689/689/689
f 694/694/694 699/699/699 690/690/690
f 699/699/699 695/695/695 690/690/690
f 695/695/695 700/700/700 691/691/691
f 700/700/700 696/696/696 691/691/691
f 696/696/696 701/701/701 692/692/692
f 701/701/701 697/697/697 692/692/692
f 697/697/697 702/702/702 548/548/548
f 702/702/702 547/547/547 548/548/548
f 698/698/698 703/703/703 694/694/694
f 703/703/703 699/699/699 694/694/694
f 699/699/699 704/704/704 695/695/695
f 704/704/704 700/700/700 695/695/695
f 700/700/700 705/705/705 696/696/696
f 705/705/705 701/701/701 696/696/696
f 701/701/701 706/706/706 697/697/697
f 706/706/706 702/702/702 697/697/697
f 702/702/702 707/707/707 547/547/547
f 707/707/707 546/546/546 547/547/547
f 703/703/703 708/708/708 699/699/699
f 708/708/708 704/704/704 699/699/699
f 704/704/704 709/709/709 700/700/700
f 709/709/709 705/705/705 700/700/700
f 705/705/705 710/710/710 701/701/701
f 710/710/710 706/706/706 701/701/701
f 706/706/706 711/711/711 702/702/702
f 711/711/711 707/707/707 702/702/702
f 707/707/707 712/712/712 546/546/546
f 712/712/712 545/545/545 546/546/546
f 708/708/708 713/713/713 704/704/704
f 713/713/713 709/709/709 704/704/704
f 709/709/709 714/714/714 705/705/705
f 714/714/714 710/710/710 705/705/705
f 710/710/710 715/715/715 706/706/706
f 715/715/715 711/711/711 706/706/706
f 711/711/711 716/716/716 707/707/707
f 716/716/716 712/712/712 707/707/707
f 712/712/712 717/717/717 545/545/545
f 717/717/717 544/544/544 545/545/545
f 713/713/713 718/718/718 709/709/709
f 718/718/718 714/714/714 709/709/709
f 714/714/714 719/719/719 710/710/710
f 719/719/719 715/715/715 710/710/710
f 715/715/715 720/720/720 711/711/711
f 720/720/720 716/716/716 711/711/711
f 716/716/716 721/721/721 712/712/712
f 721/721/721 717/717/717 712/712/712
f 717/717/717 722/722/722 544/544/544
f 722/722/722 543/543/543 544/544/544
f 718/718/718 723/723/723 714/714/714
f 723/723/723 719/719/719 714/714/714
f 719/719/719 724/724/724 715/715/715
f 724/724/724 720/720/720 715/715/715
f 720/720/720 725/725/725 716/716/716
f 725/725/725 721/721/721 716/716/716
f 721/721/721 726/726/726 717/717/717
f 726/726/726 722/722/722 717/717/717
f 722/722/722 727/727/727 543/543/543
f 727/727/727 542/542/542 543/543/543
f 723/723/723 728/728/728 719/719/719
f 728/728/728 724/724/724 719/719/719
f 724/724/724 729/729/729 720/720/720
f 729/729/729 725/725/725 720/720/720
f 725/725/725 730/730/730 721/721/721
f 730/730/730 726/726/726 721/721/721
f 726/726/726 731/731/731 722/722/722
f 731/731/731 727/727/727 722/722/722
f 727/727/727 732/732/732 542/542/542
f 732/732/732 541/541/541 542/542/542
f 728/728/728 733/733/733 724/724/724
f 733/733/733 729/729/729 724/724/724
f 729/729/729 734/734/734 725/725/725
f 734/734/734 730/730/730 725/725/725
f 730/730/730 735/735/735 726/726/726
f 735/735/735 731/731/731 726/726/726
f 731/731/731 736/736/736 727/727/727
f 736/736/736 732/732/732 727/727/727
f 732/732/732 737/737/737 541/541/541
f 737/737/737 538/538/538 541/541/541
f 733/733/733 738/738/738 729/729/729
f 738/738/738 734/734/734 729/729/729
f 734/734/734 739/739/739 730/730/730
f 739/739/739 735/735/735 730/730/730
f 735/735/735 740/740/740 731/731/731
f 740/740/740 736/736/736 731/731/731
f 736/736/736 741/741/741 732/732/732
f 741/741/741 737/737/737 732/732/732
f 737/737/737 742/742/742 538/538/538
f 742/742/742 539/539/539 538/538/538
f 738/738/738 743/743/743 734/734/734
f 743/743/743 739/739/739 734/734/734
f 739/739/739 744/744/744 735/735/735
f 744/744/744 740/740/740 735/735/735
f 740/740/740 745/745/745 736/736/736
f 745/745/745 741/741/741 736/736/736
f 741/741/741 746/746/746 737/737/737
f 746/746/746 742/742/742 737/737/737
f 742/742/742 747/747/747 539/539/539
f 747/747/747 540/540/540 539/539/539
f 743/743/743 748/748/748 739/739/739
f 748/748/748 744/744/744 739/739/739
f 744/744/744 749/749/749 740/740/740
f 749/749/749 745/745/745 740/740/740
f 745/745/745 750/750/750 741/741/741
f 750/750/750 746/746/746 741/741/741
f 746/746/746 751/751/751 742/742/742
f 751/751/751 747/747/747 742/742/742
f 747/747/747 752/752/752 540/540/540
f 540/540/540 752/752/752 753/753/753
f 752/752/752 754/754/754 753/753/753
f 752/752/752 755/755/755 754/754/754
f 755/755/755 752/752/752 747/747/747
f 748/748/748 756/756/756 744/744/744
f 756/756/756 749/749/749 744/744/744
f 749/749/749 757/757/757 745/745/745
f 757/757/757 750/750/750 745/745/745
f 750/750/750 758/758/758 746/746/746
f 758/758/758 751/751/751 746/746/746
f 759/759/759 747/747/747 751/751/751
f 759/759/759 755/755/755 747/747/747
f 756/756/756 760/760/760 749/749/749
f 760/760/760 757/757/757 749/749/749
f 757/757/757 761/761/761 750/750/750
f 761/761/761 758/758/758 750/750/750
f 762/762/762 751/751/751 758/758/758
f 762/762/762 759/759/759 751/751/751
f 760/760/760 763/763/763 757/757/757
f 763/763/763 761/761/761 757/757/757
f 759/759/759 764/764/764 755/755/755
f 762/762/762 765/765/765 759/759/759
f 765/765/765 764/764/764 759/759/759
f 764/764/764 766/766/766 755/755/755
f 755/755/755 766/766/766 767/767/767
f 766/766/766 768/768/768 767/767/767
f 769/769/769 768/768/768 766/766/766
f 769/769/769 766/766/766 764/764/764
f 770/770/770 769/769/769 764/764/764
f 770/770/770 764/764/764 765/765/765
f 771/771/771 770/770/770 765/765/765
f 772/772/772 765/765/765 762/762/762
f 771/771/771 765/765/765 772/772/772
f 773/773/773 771/771/771 772/772/772
f 774/774/774 772/772/772 762/762/762
f 774/774/774 762/762/762 758/758/758
f 774/774/774 758/758/758 775/775/775
f 776/776/776 774/774/774 775/775/775
f 775/775/775 777/777/777 776/776/776
f 761/761/761 775/775/775 758/758/758
f 777/777/777 775/775/775 761/761/761
f 778/778/778 777/777/777 761/761/761
f 761/761/761 779/779/779 778/778/778
f 771/771/771 781/781/781 780/780/780
f 782/782/782 771/771/771 780/780/780
f 784/784/784 783/783/783 782/782/782
f 785/785/785 784/784/784 782/782/782
f 787/787/787 784/784/784 786/786/786
f 788/788/788 787/787/787 786/786/786
f 782/782/782 790/790/790 789/789/789
f 790/790/790 791/791/791 789/789/789
f 789/789/789 791/791/791 792/792/792
f 791/791/791 793/793/793 792/792/792
f 794/794/794 790/790/790 782/782/782
f 795/795/795 794/794/794 782/782/782
f 796/796/796 794/794/794 795/795/795
f 797/797/797 796/796/796 795/795/795
f 799/799/799 798/798/798 797/797/797
f 800/800/800 799/799/799 797/797/797
f 803/803/803 802/802/802 801/801/801
f 802/802/802 804/804/804 801/801/801
f 801/801/801 804/804/804 805/805/805
f 804/804/804 802/802/802 806/806/806
f 804/804/804 807/807/807 805/805/805
f 806/806/806 808/808/808 804/804/804
f 808/808/808 807/807/807 804/804/804
f 811/811/811 810/810/810 809/809/809
f 810/810/810 812/812/812 809/809/809
f 809/809/809 812/812/812 813/813/813
f 809/809/809 813/813/813 814/814/814
f 814/814/814 815/815/815 809/809/809
f 815/815/815 814/814/814 537/537/537
f 816/816/816 815/815/815 537/537/537
f 537/537/537 817/817/817 816/816/816
f 537/537/537 814/814/814 534/534/534
f 813/813/813 534/534/534 814/814/814
f 813/813/813 536/536/536 534/534/534
f 813/813/813 818/818/818 536/536/536
f 812/812/812 818/818/818 813/813/813
f 818/818/818 819/819/819 536/536/536
f 536/536/536 819/819/819 533/533/533
f 819/819/819 820/820/820 533/533/533
f 533/533/533 820/820/820 529/529/529
f 820/820/820 821/821/821 529/529/529
f 529/529/529 821/821/821 822/822/822
f 821/821/821 823/823/823 822/822/822
f 824/824/824 821/821/821 820/820/820
f 821/821/821 824/824/824 825/825/825
f 820/820/820 819/819/819 826/826/826
f 826/826/826 824/824/824 820/820/820
f 819/819/819 827/827/827 826/826/826
f 819/819/819 818/818/818 827/827/827
f 818/818/818 828/828/828 827/827/827
f 818/818/818 812/812/812 828/828/828
f 824/824/824 826/826/826 829/829/829
f 825/825/825 824/824/824 830/830/830
f 830/830/830 824/824/824 829/829/829
f 831/831/831 825/825/825 830/830/830
f 831/831/831 830/830/830 832/832/832
f 829/829/829 833/833/833 830/830/830
f 833/833/833 834/834/834 830/830/830
f 812/812/812 835/835/835 828/828/828
f 812/812/812 836/836/836 835/835/835
f 828/828/828 835/835/835 837/837/837
f 838/838/838 828/828/828 837/837/837
f 835/835/835 840/840/840 839/839/839
f 841/841/841 835/835/835 839/839/839
f 837/837/837 843/843/843 842/842/842
f 843/843/843 844/844/844 842/842/842
f 842/842/842 844/844/844 845/845/845
f 844/844/844 846/846/846 845/845/845
f 846/846/846 833/833/833 847/847/847
f 845/845/845 846/846/846 847/847/847
f 847/847/847 848/848/848 845/845/845
f 848/848/848 849/849/849 845/845/845
f 845/845/845 849/849/849 842/842/842
f 849/849/849 850/850/850 842/842/842
f 853/853/853 852/852/852 851/851/851
f 852/852/852 854/854/854 851/851/851
f 851/851/851 854/854/854 855/855/855
f 854/854/854 856/856/856 855/855/855
f 857/857/857 856/856/856 854/854/854
f 858/858/858 857/857/857 854/854/854
f 861/861/861 860/860/860 859/859/859
f 862/862/862 861/861/861 859/859/859
f 865/865/865 864/864/864 863/863/863
f 866/866/866 865/865/865 863/863/863
f 867/867/867 865/865/865 866/866/866
f 868/868/868 867/867/867 866/866/866
f 869/869/869 867/867/867 868/868/868
f 869/869/869 870/870/870 867/867/867
f 871/871/871 869/869/869 868/868/868
f 872/872/872 871/871/871 868/868/868
f 875/875/875 874/874/874 873/873/873
f 876/876/876 875/875/875 873/873/873
f 873/873/873 877/877/877 876/876/876
f 877/877/877 878/878/878 876/876/876
f 878/878/878 879/879/879 876/876/876
f 876/876/876 879/879/879 875/875/875
f 879/879/879 880/880/880 875/875/875
f 875/875/875 880/880/880 881/881/881
f 880/880/880 882/882/882 881/881/881
f 880/880/880 883/883/883 882/882/882
f 883/883/883 880/880/880 879/879/879
f 884/884/884 883/883/883 879/879/879
f 887/887/887 886/886/886 885/885/885
f 888/888/888 887/887/887 885/885/885
f 891/891/891 890/890/890 889/889/889
f 890/890/890 892/892/892 889/889/889
f 890/890/890 893/893/893 892/892/892
f 895/895/895 894/894/894 893/893/893
f 896/896/896 895/895/895 893/893/893
f 895/895/895 896/896/896 897/897/897
f 898/898/898 895/895/895 897/897/897
f 899/899/899 895/895/895 898/898/898
f 900/900/900 899/899/899 898/898/898
f 901/901/901 900/900/900 898/898/898
f 904/904/904 903/903/903 902/902/902
f 905/905/905 904/904/904 902/902/902
f 902/902/902 906/906/906 905/905/905
f 906/906/906 907/907/907 905/905/905
f 907/907/907 906/906/906 908/908/908
f 905/905/905 909/909/909 904/904/904
f 907/907/907 909/909/909 905/905/905
f 909/909/909 910/910/910 904/904/904
f 904/904/904 910/910/910 911/911/911
f 912/912/912 907/907/907 908/908/908
f 907/907/907 913/913/913 909/909/909
f 913/913/913 907/907/907 912/912/912
f 914/914/914 913/913/913 912/912/912
f 913/913/913 915/915/915 909/909/909
f 915/915/915 910/910/910 909/909/909
f 916/916/916 912/912/912 908/908/908
f 916/916/916 917/917/917 912/912/912
f 918/918/918 916/916/916 908/908/908
f 910/910/910 915/915/915 919/919/919
f 910/910/910 919/919/919 911/911/911
f 915/915/915 920/920/920 919/919/919
f 920/920/920 921/921/921 919/919/919
f 919/919/919 921/921/921 911/911/911
f 921/921/921 922/922/922 911/911/911
f 922/922/922 921/921/921 923/923/923
f 917/917/917 916/916/916 924/924/924
f 924/924/924 916/916/916 918/918/918
f 925/925/925 917/917/917 924/924/924
f 921/921/921 926/926/926 923/923/923
f 926/926/926 921/921/921 927/927/927
f 926/926/926 927/927/927 928/928/928
f 928/928/928 927/927/927 929/929/929
f 930/930/930 928/928/928 929/929/929
f 929/929/929 931/931/931 930/930/930
f 931/931/931 932/932/932 930/930/930
f 930/930/930 932/932/932 933/933/933
f 932/932/932 934/934/934 933/933/933
f 935/935/935 928/928/928 930/930/930
f 933/933/933 935/935/935 930/930/930
f 936/936/936 926/926/926 928/928/928
f 928/928/928 935/935/935 936/936/936
f 923/923/923 926/926/926 937/937/937
f 926/926/926 936/936/936 937/937/937
f 933/933/933 934/934/934 938/938/938
f 934/934/934 939/939/939 938/938/938
f 940/940/940 935/935/935 933/933/933
f 938/938/938 940/940/940 933/933/933
f 938/938/938 939/939/939 941/941/941
f 939/939/939 942/942/942 941/941/941
f 941/941/941 943/943/943 938/938/938
f 943/943/943 940/940/940 938/938/938
f 935/935/935 944/944/944 936/936/936
f 935/935/935 940/940/940 944/944/944
f 940/940/940 943/943/943 945/945/945
f 940/940/940 945/945/945 944/944/944
f 936/936/936 944/944/944 946/946/946
f 937/937/937 936/936/936 946/946/946
f 947/947/947 923/923/923 937/937/937
f 947/947/947 948/948/948 923/923/923
f 949/949/949 947/947/947 937/937/937
f 937/937/937 946/946/946 949/949/949
f 948/948/948 947/947/947 950/950/950
f 950/950/950 947/947/947 949/949/949
f 951/951/951 948/948/948 950/950/950
f 950/950/950 952/952/952 951/951/951
f 946/946/946 944/944/944 953/953/953
f 944/944/944 945/945/945 953/953/953
f 943/943/943 954/954/954 945/945/945
f 943/943/943 955/955/955 954/954/954
f 954/954/954 955/955/955 956/956/956
f 957/957/957 954/954/954 956/956/956
f 945/945/945 954/954/954 957/957/957
f 953/953/953 945/945/945 957/957/957
f 946/946/946 953/953/953 958/958/958
f 946/946/946 958/958/958 949/949/949
f 953/953/953 957/957/957 959/959/959
f 953/953/953 959/959/959 958/958/958
f 957/957/957 960/960/960 959/959/959
f 960/960/960 957/957/957 961/961/961
f 960/960/960 961/961/961 962/962/962
f 763/763/763 960/960/960 962/962/962
f 959/959/959 960/960/960 763/763/763
f 959/959/959 763/763/763 760/760/760
f 963/963/963 959/959/959 760/760/760
f 958/958/958 959/959/959 963/963/963
f 963/963/963 760/760/760 756/756/756
f 949/949/949 958/958/958 964/964/964
f 964/964/964 958/958/958 963/963/963
f 965/965/965 963/963/963 756/756/756
f 964/964/964 963/963/963 965/965/965
f 965/965/965 756/756/756 748/748/748
f 966/966/966 949/949/949 964/964/964
f 950/950/950 949/949/949 966/966/966
f 967/967/967 965/965/965 748/748/748
f 967/967/967 748/748/748 743/743/743
f 968/968/968 964/964/964 965/965/965
f 966/966/966 964/964/964 968/968/968
f 968/968/968 965/965/965 967/967/967
f 969/969/969 950/950/950 966/966/966
f 970/970/970 950/950/950 969/969/969
f 971/971/971 967/967/967 743/743/743
f 971/971/971 743/743/743 738/738/738
f 972/972/972 966/966/966 968/968/968
f 969/969/969 966/966/966 972/972/972
f 973/973/973 968/968/968 967/967/967
f 973/973/973 967/967/967 971/971/971
f 972/972/972 968/968/968 973/973/973
f 974/974/974 971/971/971 738/738/738
f 974/974/974 738/738/738 733/733/733
f 975/975/975 973/973/973 971/971/971
f 975/975/975 971/971/971 974/974/974
f 976/976/976 972/972/972 973/973/973
f 976/976/976 973/973/973 975/975/975
f 977/977/977 969/969/969 972/972/972
f 977/977/977 972/972/972 976/976/976
f 978/978/978 974/974/974 733/733/733
f 978/978/978 733/733/733 728/728/728
f 979/979/979 975/975/975 974/974/974
f 979/979/979 974/974/974 978/978/978
f 980/980/980 976/976/976 975/975/975
f 980/980/980 975/975/975 979/979/979
f 981/981/981 978/978/978 728/728/728
f 981/981/981 728/728/728 723/723/723
f 982/982/982 979/979/979 978/978/978
f 982/982/982 978/978/978 981/981/981
f 983/983/983 981/981/981 723/723/723
f 983/983/983 723/723/723 718/718/718
f 984/984/984 969/969/969 977/977/977
f 984/984/984 970/970/970 969/969/969
f 985/985/985 977/977/977 976/976/976
f 985/985/985 976/976/976 980/980/980
f 233/233/233 980/980/980 979/979/979
f 233/233/233 979/979/979 982/982/982
f 229/229/229 980/980/980 233/233/233
f 229/229/229 985/985/985 980/980/980
f 232/232/232 233/233/233 982/982/982
f 228/228/228 985/985/985 229/229/229
f 986/986/986 977/977/977 985/985/985
f 228/228/228 986/986/986 985/985/985
f 986/986/986 984/984/984 977/977/977
f 227/227/227 986/986/986 228/228/228
f 232/232/232 982/982/982 987/987/987
f 987/987/987 982/982/982 981/981/981
f 231/231/231 232/232/232 987/987/987
f 987/987/987 981/981/981 983/983/983
f 227/227/227 988/988/988 986/986/986
f 988/988/988 984/984/984 986/986/986
f 226/226/226 988/988/988 227/227/227
f 231/231/231 987/987/987 989/989/989
f 989/989/989 987/987/987 983/983/983
f 234/234/234 231/231/231 989/989/989
f 988/988/988 990/990/990 984/984/984
f 990/990/990 970/970/970 984/984/984
f 226/226/226 991/991/991 988/988/988
f 991/991/991 990/990/990 988/988/988
f 230/230/230 991/991/991 226/226/226
f 989/989/989 983/983/983 992/992/992
f 992/992/992 983/983/983 718/718/718
f 992/992/992 718/718/718 713/713/713
f 234/234/234 989/989/989 993/993/993
f 993/993/993 989/989/989 992/992/992
f 235/235/235 234/234/234 993/993/993
f 994/994/994 992/992/992 713/713/713
f 993/993/993 992/992/992 994/994/994
f 994/994/994 713/713/713 708/708/708
f 235/235/235 993/993/993 995/995/995
f 995/995/995 993/993/993 994/994/994
f 236/236/236 235/235/235 995/995/995
f 996/996/996 994/994/994 708/708/708
f 995/995/995 994/994/994 996/996/996
f 996/996/996 708/708/708 703/703/703
f 236/236/236 995/995/995 997/997/997
f 997/997/997 995/995/995 996/996/996
f 237/237/237 236/236/236 997/997/997
f 998/998/998 996/996/996 703/703/703
f 997/997/997 996/996/996 998/998/998
f 998/998/998 703/703/703 698/698/698
f 237/237/237 997/997/997 999/999/999
f 999/999/999 997/997/997 998/998/998
f 238/238/238 237/237/237 999/999/999
f 1000/1000/1000 998/998/998 698/698/698
f 999/999/999 998/998/998 1000/1000/1000
f 1000/1000/1000 698/698/698 693/693/693
f 238/238/238 999/999/999 1001/1001/1001
f 1001/1001/1001 999/999/999 1000/1000/1000
f 239/239/239 238/238/238 1001/1001/1001
f 1002/1002/1002 1000/1000/1000 693/693/693
f 1001/1001/1001 1000/1000/1000 1002/1002/1002
f 1002/1002/1002 693/693/693 688/688/688
f 239/239/239 1001/1001/1001 1003/1003/1003
f 1003/1003/1003 1001/1001/1001 1002/1002/1002
f 240/240/240 239/239/239 1003/1003/1003
f 1004/1004/1004 1002/1002/1002 688/688/688
f 1003/1003/1003 1002/1002/1002 1004/1004/1004
f 1004/1004/1004 688/688/688 683/683/683
f 240/240/240 1003/1003/1003 1005/1005/1005
f 1005/1005/1005 1003/1003/1003 1004/1004/1004
f 241/241/241 240/240/240 1005/1005/1005
f 1006/1006/1006 1004/1004/1004 683/683/683
f 1005/1005/1005 1004/1004/1004 1006/1006/1006
f 1006/1006/1006 683/683/683 678/678/678
f 241/241/241 1005/1005/1005 1007/1007/1007
f 1007/1007/1007 1005/1005/1005 1006/1006/1006
f 242/242/242 241/241/241 1007/1007/1007
f 1008/1008/1008 1006/1006/1006 678/678/678
f 1007/1007/1007 1006/1006/1006 1008/1008/1008
f 1008/1008/1008 678/678/678 673/673/673
f 242/242/242 1007/1007/1007 1009/1009/1009
f 1009/1009/1009 1007/1007/1007 1008/1008/1008
f 243/243/243 242/242/242 1009/1009/1009
f 243/243/243 1009/1009/1009 662/662/662
f 1010/1010/1010 1008/1008/1008 673/673/673
f 1009/1009/1009 1008/1008/1008 1010/1010/1010
f 662/662/662 1009/1009/1009 1010/1010/1010
f 1010/1010/1010 673/673/673 661/661/661
f 662/662/662 1010/1010/1010 1011/1011/1011
f 1011/1011/1011 1010/1010/1010 661/661/661
f 656/656/656 662/662/662 1011/1011/1011
f 1011/1011/1011 661/661/661 654/654/654
f 656/656/656 1011/1011/1011 650/650/650
f 650/650/650 1011/1011/1011 654/654/654
f 1014/1014/1014 1013/1013/1013 1012/1012/1012
f 1015/1015/1015 1014/1014/1014 1012/1012/1012
f 1016/1016/1016 1014/1014/1014 1015/1015/1015
f 1017/1017/1017 1016/1016/1016 1015/1015/1015
f 1020/1020/1020 1019/1019/1019 1018/1018/1018
f 1019/1019/1019 1021/1021/1021 1018/1018/1018
f 1018/1018/1018 1021/1021/1021 1022/1022/1022
f 1021/1021/1021 1023/1023/1023 1022/1022/1022
f 1026/1026/1026 1025/1025/1025 1024/1024/1024
f 1027/1027/1027 1026/1026/1026 1024/1024/1024
f 1028/1028/1028 1026/1026/1026 1027/1027/1027
f 1029/1029/1029 1028/1028/1028 1027/1027/1027
f 1032/1032/1032 1031/1031/1031 1030/1030/1030
f 1031/1031/1031 1033/1033/1033 1030/1030/1030
f 1030/1030/1030 1033/1033/1033 1034/1034/1034
f 1035/1035/1035 1030/1030/1030 1034/1034/1034
f 1035/1035/1035 1034/1034/1034 230/230/230
f 1031/1031/1031 925/925/925 1033/1033/1033
f 1031/1031/1031 1036/1036/1036 925/925/925
f 1036/1036/1036 1037/1037/1037 925/925/925
f 925/925/925 924/924/924 1033/1033/1033
f 1033/1033/1033 924/924/924 1038/1038/1038
f 1034/1034/1034 1033/1033/1033 1038/1038/1038
f 1038/1038/1038 924/924/924 918/918/918
f 1034/1034/1034 991/991/991 230/230/230
f 1034/1034/1034 1038/1038/1038 991/991/991
f 1038/1038/1038 990/990/990 991/991/991
f 1038/1038/1038 918/918/918 990/990/990
f 918/918/918 1039/1039/1039 990/990/990
f 1039/1039/1039 970/970/970 990/990/990
f 1039/1039/1039 918/918/918 1040/1040/1040
f 1041/1041/1041 970/970/970 1039/1039/1039
f 1040/1040/1040 1041/1041/1041 1039/1039/1039
f 925/925/925 1043/1043/1043 1042/1042/1042
f 1043/1043/1043 1044/1044/1044 1042/1042/1042
f 1043/1043/1043 1045/1045/1045 1044/1044/1044
f 1045/1045/1045 1046/1046/1046 1044/1044/1044
f 1047/1047/1047 1045/1045/1045 1043/1043/1043
f 1036/1036/1036 1047/1047/1047 1043/1043/1043
f 1048/1048/1048 1047/1047/1047 1036/1036/1036
f 1049/1049/1049 1048/1048/1048 1036/1036/1036
f 1050/1050/1050 1048/1048/1048 1049/1049/1049
f 1051/1051/1051 1050/1050/1050 1049/1049/1049
f 1051/1051/1051 1049/1049/1049 1052/1052/1052
f 1053/1053/1053 1051/1051/1051 1052/1052/1052
f 1055/1055/1055 1036/1036/1036 1054/1054/1054
f 1056/1056/1056 1055/1055/1055 1054/1054/1054
f 1059/1059/1059 1058/1058/1058 1057/1057/1057
f 1060/1060/1060 1059/1059/1059 1057/1057/1057
f 1061/1061/1061 1059/1059/1059 1060/1060/1060
f 1062/1062/1062 1061/1061/1061 1060/1060/1060
f 1065/1065/1065 1064/1064/1064 1063/1063/1063
f 1064/1064/1064 1066/1066/1066 1063/1063/1063
f 1066/1066/1066 1064/1064/1064 1067/1067/1067
f 1070/1070/1070 1069/1069/1069 1068/1068/1068
f 1071/1071/1071 1070/1070/1070 1068/1068/1068
f 1074/1074/1074 1073/1073/1073 1072/1072/1072
f 1075/1075/1075 1074/1074/1074 1072/1072/1072
f 1078/1078/1078 1077/1077/1077 1076/1076/1076
f 1079/1079/1079 1078/1078/1078 1076/1076/1076
f 1082/1082/1082 1081/1081/1081 1080/1080/1080
f 1083/1083/1083 1082/1082/1082 1080/1080/1080
f 1086/1086/1086 1085/1085/1085 1084/1084/1084
f 1087/1087/1087 1086/1086/1086 1084/1084/1084
f 1090/1090/1090 1089/1089/1089 1088/1088/1088
f 1091/1091/1091 1090/1090/1090 1088/1088/1088
f 215/215/215 1093/1093/1093 1092/1092/1092
f 215/215/215 1092/1092/1092 1094/1094/1094
f 1095/1095/1095 215/215/215 1094/1094/1094
f 1095/1095/1095 1094/1094/1094 1096/1096/1096
f 230/230/230 215/215/215 1095/1095/1095
f 1096/1096/1096 1097/1097/1097 1095/1095/1095
f 1097/1097/1097 230/230/230 1095/1095/1095
f 1100/1100/1100 1099/1099/1099 1098/1098/1098
f 1101/1101/1101 1100/1100/1100 1098/1098/1098
f 1099/1099/1099 1102/1102/1102 1098/1098/1098
f 1103/1103/1103 1101/1101/1101 1098/1098/1098
f 1102/1102/1102 1104/1104/1104 1098/1098/1098
f 1105/1105/1105 1103/1103/1103 1098/1098/1098
f 1104/1104/1104 1106/1106/1106 1098/1098/1098
f 1107/1107/1107 1105/1105/1105 1098/1098/1098
f 1106/1106/1106 1108/1108/1108 1098/1098/1098
f 1109/1109/1109 1107/1107/1107 1098/1098/1098
f 1108/1108/1108 1110/1110/1110 1098/1098/1098
f 1111/1111/1111 1109/1109/1109 1098/1098/1098
f 1110/1110/1110 1112/1112/1112 1098/1098/1098
f 1113/1113/1113 1111/1111/1111 1098/1098/1098
f 1112/1112/1112 1114/1114/1114 1098/1098/1098
f 1115/1115/1115 1113/1113/1113 1098/1098/1098
f 1114/1114/1114 1116/1116/1116 1098/1098/1098
f 1117/1117/1117 1115/1115/1115 1098/1098/1098
f 1116/1116/1116 1118/1118/1118 1098/1098/1098
f 1118/1118/1118 1117/1117/1117 1098/1098/1098
f 1121/1121/1121 1120/1120/1120 1119/1119/1119
f 1122/1122/1122 1121/1121/1121 1119/1119/1119
f 1120/1120/1120 1123/1123/1123 1119/1119/1119
f 1124/1124/1124 1122/1122/1122 1119/1119/1119
f 1123/1123/1123 1125/1125/1125 1119/1119/1119
f 1126/1126/1126 1124/1124/1124 1119/1119/1119
f 1125/1125/1125 1127/1127/1127 1119/1119/1119
f 1128/1128/1128 1126/1126/1126 1119/1119/1119
f 1127/1127/1127 1129/1129/1129 1119/1119/1119
f 1130/1130/1130 1128/1128/1128 1119/1119/1119
f 1129/1129/1129 1131/1131/1131 1119/1119/1119
f 1132/1132/1132 1130/1130/1130 1119/1119/1119
f 1131/1131/1131 1133/1133/1133 1119/1119/1119
f 1134/1134/1134 1132/1132/1132 1119/1119/1119
f 1133/1133/1133 1135/1135/1135 1119/1119/1119
f 1136/1136/1136 1134/1134/1134 1119/1119/1119
f 1135/1135/1135 1137/1137/1137 1119/1119/1119
f 1138/1138/1138 1136/1136/1136 1119/1119/1119
f 1137/1137/1137 1139/1139/1139 1119/1119/1119
f 1139/1139/1139 1138/1138/1138 1119/1119/1119
